id,content,AppUsage,Inclusiveness,UserReaction,NonHumanCentric
1,"Signal is just as good as WhatsApp, but more private and a company you can trust because their ethos is secure messaging, not information gathering. A bonus is that everyone's photos only end up on your phone if you specifically download them, which I could never work out how to do on WhatsApp. Much better. Glad I made the switch.",1,0,0,0
2,"It's good, but needs more features. Like WA has.",0,0,1,0
3,"This is a great and simple messaging app. Lost one star because the ""invite"" Banner tends to be a little obtuse, and I'm not fussy on the pic attachment process. And it only seems useful if both parties are using it.",0,0,1,0
4,Sometimes messages take a while to be sent or received.,1,0,0,0
5,"Really like the app. No way of knowing how secure it is, except my phone doesn't bombard me with ads relating to messages like my Gmail does!",1,0,0,0
6,Slow! Sometimes messages don't send until an hour later!,1,0,0,0
7,Great app. However please provide a navigation tool to understand the features. Tough for not so technical people to navigate. Also please improve your notification icon. Make it catchy. Most of new users dont even know that there is a message.,1,0,1,0
8,"Good but need improvement, for phone call, speed, and in the group message being able to make only the admin to send message. But Maybe because of the sudden pic that's why is slow and some issu. (Now many people use it).",1,0,1,0
9,"Update review: I now get notifications, it was an issue with Android system and not actually the app. This app is slowly becoming my main texting app.",0,0,0,1
10,Works great all the time especially for video calling.,0,0,0,1
11,"This is good replacement for WhatsApp .... I give 4 stars because in this app 2 features are missing like. Status , and when the person is online it's not showing online/active now it's difficult to find out whether tht person is online or offline Pls add this 2 features others all is good.....",0,0,1,0
12,"Great privacy, mobile has options the windows version doesn't like colour change, only minimizes to task bar and PC version has to be synced via WiFi to mobile version to work, shame as its possible very easy to prevent that like TELEGRAM (u secure) other than that it dies its job",1,0,1,0
13,"Hack slow app, even at the speed of 300 mbps the messages delivered slowly. Not recommended for offical purpose",1,0,0,0
14,"I like the concept of Signal, but I find the support to be lacking and the bugs to be plentiful. Good luck getting rid of it though, tried closing my account due to number of bugs and no one could contact me anymore via SMS. Had to download again and reset up my account.",1,0,0,0
15,"Come on Signal, people are starting to leave because everytime one tries to send a video the app just keeps trying and never sends it. Come on! Don't drop the ball. I will change my review to 5 starts as soon as this problem is fixed.",1,0,0,0
16,"Why can't make vedio calls? A lot of people want to join signal, but since making vedio calls is not possible so people arevnot interested to join.",0,0,1,0
17,"Wow this is totally useless. I get notifications saying I've got a message and have to unlock the device to read them, but the device is already locked. So then I try to ""lock"" the app or chat or somthing so I can unlock that, but it asks for a password that I never created. Haven't been able to read a single message rice received. Bad because I really need to chat to this person. Don't use it.",1,0,0,0
18,"Excellent & Secure, please increase file upload size to 500MB atleast.. Voice call quality in India feels poor and lags sometime. Else perfect! :)",0,0,1,0
19,"I absolutely LOVE this app, but I have one request for improvment for the Devs: when I swipe a chat to the right I get the option to pin a chat. I like that. But when I swipe to the right I get the option to archive a chat. BUT, why in the world would I need that as a quick-setting??? In the now 10 years of using WhatsApp previously never have I EVER archived a single chat!! And if I ever needed it, certainly not as a quick-setting! However, very frequently I can't answer in a chat immediately so I mark it as unread. But that is soo *cumbersome* since it's a three-click action; first the select a chat, then click the three dots in the top right and then mark it as unread. So, PLEASE replace the swipe to archive a chat (which no one ever uses) with the feature to swipe the the right to ""mark it as unread""! THANKS! If you agree with me, please upvote this review, so the devs see it!",0,0,1,0
20,"I can't log out from desktop ,",1,0,0,0
21,The video quality is very poor,1,0,0,0
22,I support signal app and giving 5 star rating. So please support your users by updating the features like deleting the multiple pictures or files... We need some features from whatsapp but don't need the option like posting status.,0,0,1,0
23,So far I am enjoying this app. It is kind of aggravating when it comes to messaging people who are not a part of the app. But I love the security. And I love how fast he messages go through when you are messaging people who are using this app,0,0,0,1
24,"Most days the call does not ring. I've tried with 2 phones side by side. I then tried with Whatsapp and the phone app and it worked. Can't figure out what is causing it but it makes the app useless, besides messages.",0,0,1,0
25,"Really good experience so far. UI is clean, it's fast and best of all, no ads! Once I have a way to backup my messages and a bit more customization options, such as haptic feedback control, I will give it 5 stars.",0,0,1,0
26,"I love your app, I have been using it for awhile on my other phone and it's great. However now with the new influx of users I feel Signal needs to to provide an online chat backup option like WhatsApp. I know it isn't fully secure and it can be exploited however for a day to day user with minimal technical knowhow this is crucial feature in which they can recover chats if their phone gets stolen or crashes. Make it automatically turned on and backed up periodically with an option to disable it.",0,0,1,0
27,"I would love to see an 'Edit msg' feature. And a feature that allows blurring touch ups on pictures (it is for privacy right?). Otherwise, keep up the great work team, stay non-profit, keep your principles, and please don't get bought out",0,0,1,0
28,"The last few updates had made the app worse pretty much since mid-january, my friends don't get my messages until days later... lately I have to go into the app then open each thread for the messages come through.. it's not my phone, I know several ppl with this app & every single one of them are dealing with these same issues. I have a couple of friends that everytime they open the app it freezes would give it 5 ⭐🌟⭐🌟⭐ when it gets fixed and my messages come thru without opening the app!",1,0,0,0
29,Good need more improvement ☺️ I like And I still use after WhatsApp new policy had come Good feature is available and I think dear developer must add Google drive chat backup option for user And make it more advance Great job keep it encrypted please 🙏,1,0,1,0
30,The best alternative to WhatsApp Messenger! I like it's local backup feature where you can backup chats locally on device instead of backup in Google Drive on WhatsApp which can be seen by Google employees! And this app should have a bulit in keyboard within the app so that we should not depend on third party keyboards which can also learn our writing pattern! Good luck Signal team! 👏,0,0,1,0
31,"I like the app and the UI. BUT, when I try to make it my default messaging app I don't text sms texts from some non-signal users. So it's pretty useless as a default messaging app. Tried Signal's troubleshooting and even went to reddit and can't fix the issue.",1,0,0,0
32,"Sir I love the app there is many things such as note to self... Which is very useful. But there is a small problem which I am facing that Im using signal in my laptop and mobile when I send something to note to self it didn't sync it with my phone app fastly by which I have to face delay... Therefore, I am requesting that plse improve this...",1,0,0,0
33,Great app and secure. Awesome updates,0,0,0,1
34,Perfect I video and voice calling better than what's app,0,0,0,1
35,"Need to work on Group calling.It feels like MicrosoftTeams.but even kick out feature is not there atleast to the person who started call, and if we are group calling to friends, it's not giving notification like whatsapp. Status feature is not there (but it can be worked later),UI is also not good. Please work on UI part. There are many things on which u guys can work.but these are the priority things.",1,0,1,0
36,"It is really good app for quick mesages and little cute emojis, but I missing sometimes more GIF mesages to express more feelings through cute action muvements..",0,0,1,0
37,The best app for private and secure messaging. Keep up the good work!,0,0,0,1
38,"The app looks promising and probable alternative to WhatsApp. Gradually friends are getting there. Let's see how it goes. 😊 Those who are negatively criticizing the app, pls remember it's a new app and can improve over time. WhatsApp is a matured app and is there for years. Give some time to new entrants! 🙏🏻",0,0,0,1
39,"Few features I would like to see on this app as I have recently switched from WhatsApp 1. Please fix the issue of saving media, it shows random year of saving date out of nowhere 2. Forwarding of more than one messages directly from chat 3. Option for adding new stickers That's it. Will edit to 5 stars as soon as this gets done... Loving it already",1,0,1,0
40,"Great App, Security is top-notch. Feature request: 1) location sharing if possible 2) increase desktop app performance, telegrams app is way more user friendly and enjoyable. Contact import seems unresponsive and you don't know whether it works at all (no indication) 3) change chat backgrounds 4) forward more than one foto from one chat to another (seems to only work if you select 1 image, then forward, but if you select multiple images you cannot forward them, only download and then forward)",0,0,1,0
41,"Excellent App, I hope it stays around for a long time.",0,0,0,1
42,Worst messenger app.. Each messages takes minimum of 5secs to be sent.,1,0,0,0
43,Full of bugs that render it unusable.,1,0,0,0
44,"Just installed the App today. Most of my friends has installed this app but not seen in the list. Moreover can't send/forward text or video message to multiple contacts at a go. Just one contact gets selected. When a video has to be sent from the phone gallery, the menu from which file the image or video to be selected doesn't appear. Request every one facing any problem to kindly give a review so that the developers will be able to retify and update.",0,0,1,0
45,"If you add this feature in this app to see if a person is online or not and last seen of anybody, it would be great.",0,0,1,0
46,Excellent and full featured messaging app. A welcome replacement to another well known messaging service that was infected by a social media giant.,0,0,0,1
47,App is good. Very simple to use. I think it may take some time to develop more features as available in WhatsApp and Telegram right now. But overall experience is good. App is very smooth. No issues with privacy.,0,0,1,0
48,I love it. It is easy to use and doesn't sell our data.,0,0,0,1
49,"I really like it for the fact that unlike other apps it's not flooded and provides more privacy.However,it does hang up or get slow sometimes.",1,0,0,0
50,This is the best app to use as it's easy and simple.,0,0,0,1
51,Best and safest messaging app ever. This app isn't only safe but also multi platform supported. It makes it easier to get any copied text or a photo from your PC to Mobile and vice versa with the use of internet. Love this app,0,0,0,1
52,Yes... I can highly recommend this app to the youth. Because for youth privacy matter more as compare to other aging group and signal app is all about 🔒security. In begining u have to face lack of features but if you support the developer then there is high chances that developer will definitely improve the app 😊,0,0,0,1
53,Five stars for both the company's ethics and the cleanliness and featureset of this app. More than enough features to safely stay in touch with my friends and family members. Thank you!,0,0,0,1
54,"When it works is great, but sometimes it doesn't send nor receiving messages for days and they slowly come in by step",0,0,0,1
55,Trustworthy and easy to use. Open source with not for profit business model and independent security audits make this the most transparent centralised messaging app out there. Best messaging for normal people. I'd prefer if all my friends used XMPP but this is a good compromise.,0,0,0,1
56,Works excellent for messages that are not for general viewing like on other services.,0,0,0,1
57,The messenger which does hack backs... four stars for being a good & safe messenger + one star for exploiting cellebrite gg,0,0,0,1
58,"I like Signal Messenger very much and it is very easy to use it. But why i can't see the photo of the profile of my friends?, and also my friends can't see my profile photo. Thank you very much for this nice App, it is perfect in calls and the sound is very clear during the calls and it is very nice in messages too. Thank you very much for all Signal team work for this great App.",0,0,1,0
59,Great for sending and sharing media. Vids send and load much quicker than GroupMe.,0,0,0,1
60,"It won't let you forward pictures or messages, it only pulls up random contacts",0,0,0,1
61,After recent update names are not showing in the notification..please fix,0,0,0,1
62,Signal is an amazing app. Love it.,0,0,0,1
63,"It used to be a nice and easy to use chat app. Now they claim that they will be part of a blockchain and able to transfer crypto assets inside the app. as far as i see signal is starting to use clients devices to mine their crypto.. app is ALLWAYS draining massivly battery. For me personaly a chat app should not deal or have anything to do with crypto assets, we have plenty of other services and featues for crypto assets. Blockchains and private chat are completely different directional ideas.",1,0,0,0
64,"I am using this app for a week, it was great experience for me, but I think one thing more should be added and that is ""online status "" feature, also should work with ""massage read/seen"" feature,it should be more easy and clear to know massage receiver seen/read my massage. I can't see, is my friend available in online? because this app doesn't show Buddy is online or offline, it is very essential I hope we will be getting it in the next update and the technical team will start working very soon",0,0,1,0
65,Still cannot send pdf files after update but I can download those people send to me ...why?,1,0,0,0
66,I haven't experienced much but before audio and video calling was there but now its not working. As far as only chatting it's good. Good thing is it doesn't show we are online to others as wats app do. Plz don't bring that option of showing online. It's better that we are not seen online when chatting to people whom we want to.,1,0,0,0
67,Awesome chat application hope new features will come in further updates,0,0,0,1
68,"I got signal because of privacy concerns with WhatsApp. It's a nice video service, but there is one giant problem: signal will regularly not send your videos. If you don't have great cell service or Wi-Fi, signal will trap your video in the abyss for 24 hours before you can re send it. It doesn't matter if you get better Wi-Fi or move to better service, signal will not send your video for 24 hours. This honestly makes the service worthless to me.",0,0,1,0
69,"micro phone facility and provide video call facility ,last seen facility",0,0,0,1
70,Wonderfully designed app. Far better than whatsapp.,0,0,0,1
71,Very useful.... and the privacy is great.Need more features 👍,0,0,0,1
72,"Nice app. Would like to see improvement with quicker gif retrieval, and the option of you delete a photo deletes for all. Other than that quite enjoyable",0,0,1,0
73,I can't add another number phone please add it in Android app and windows app and please create add to windows store.,0,0,1,0
74,"Worked well at first but now members in the group chat don't see each others responses. I also got over 1000 notifications from one chat that the ""chat session was refreshed"". 2 stars because it works with some contacts well, but other not so well.",1,0,0,0
75,"Great chat app, but if the developers want Indians to keep and use this app it will benefit highly from Spam SMS filtering and SMS management features so that it can be fully replaced with stock SMS apps. Something even like SMS organiser from Microsoft.",0,0,1,0
76,"Like many, I migrated from WhatsApp after the privacy purge. Signal has been a great replacement so far, easy to use with lots of features. I've had one or two growing pains but nothing major. If chatheads ever get introduced, it'll be 5 stars from me.",0,0,1,0
77,"App is failed in receiving ,sent messages instantly.",1,0,0,0
78,Vision Clarity is very clear . Its very colorful,0,0,0,1
79,I like that signal doesnt show when I'm online. In terms of daily use some improvements could be made eg option to automatically save media to library from selected contacts & a way to play audios with external player without opening (like WhatsApp audio files can be played using an opus player w/out being opened or showing as heard). Glitches: 1 App shows contacts even after deleted/ can't share photos from album 2 app crashes & have to select in Signal to send 3 contact pics slow/don't update.,1,0,1,0
80,"Overall, very good. Better than messages in most every area. I like the security features and use them whenever I can. However, signal goes crazy occasionally sending hundreds of notices ""chat session refreshed"" all at once. Whatever that issue is, it really is annoying causing me to delete the whole conversation and start over. So, still some work to go to mature the product.",1,0,0,0
81,Overall good.. I loved it.. only problem is sometimes it doesn't show notification when you receive a voice or video call..if that can be fixed..its a really good app👍,1,0,0,0
82,"The mobile app itself is fine, works well and has feature parity with the other leading apps more or less. The issue is the windows desktop version companion which is currently simply not good. It doesn't reliably sync contacts and messages.",1,0,0,0
83,Cool app. Love the disappearing messages feature especially,0,0,0,1
84,"Great app to move away from WhatsApp. See lots of feedback from users who mostly downloaded the app recently and gave only 4 stars for that - bit harsh! Yes, there is always room for improvements, but keep in mind that behind the scene Signal must already aware/working on it.",0,0,0,1
85,Notification option is not show stricker is very not good,0,0,1,0
86,It's decent..it's awesome and i like it a lot Helps a lot from the disastrous parade of statuses,0,0,0,1
87,"My friends and I love using this app. We moved over from WhatsApp and it was an upgrade! Everyone loves the interface, the many high-level features, some of which WhatsApp doesn't even offer. Most of all we like the security and privacy. Some glitches have occurred with receiving messages, but I assume that's because Signal is receiving more and more converts and is growing rapidly. Thanks Signal team for the great product and for putting users first!",1,0,0,0
88,It's a pretty good app as far as a personal domestic app. Has really good features that work with regular messaging app and they don't even have to have this app to message them.,0,0,0,1
89,"It's a good app, I don't use it often though but it's good.",0,0,0,1
90,"However most of the things or functions seems good in this application, but what the problem is if a sender sends messages, it doesn't approach to receiver on time, though the internet runs decently. And please provide online & offline status indicator, so that we all can give it 5 stars and make it world's best messenger. I expected to give it 5 though.",0,0,1,0
91,"I have installed the app on my device but its not opening , When try to open app gets closed automatically, So am giving 1 star. My device is Vivo Y51L Andorid 5. Thank you.",1,0,0,0
92,Great app. Has most of the features of WhatsApp except for the status feature but i dont mind that. The only thing keeping me from giving it 5 stars is that there isnt a simple way to add custom stickers using your phone.,0,0,1,0
93,Colors make absolutely no sense now. I am bewildered how such an obviously terrible idea could come to fruition.,0,0,1,0
94,"Security is best, but lack of some essential options is awful, Bach forwarding and sharing to other apps is impossible, for sending a message like a video message it must be uploaded again, Personalization like dark mode and so on can't be found...",0,1,1,0
95,This is a awesome app! I'v never had a bug or anything but i would really like to see when the people are online and when they were last on so can you please add that?,0,0,1,0
96,Signal private messenger is good but you can't change your number that's the only problem I had so far,0,0,1,0
97,It used to let me paste but now it wont. Reinstalling didnt fix it. Its almost useless now.,1,0,0,0
98,Very happy with Signal and I can do everything I need to in terms of sharing content and general messaging.,0,0,0,1
99,"Its a good replacement for other app if you want your messages go private. Sometimes showing ""Bad encryption error"". I hope this will be resolved soon, too.",1,0,0,0
100,"Works well over multiple devices. My Android, iOS, and my Mac all share seamlessly. Best part is developer's commitment to privacy and security.",0,0,0,1
101,I trade with @hacker_ravenadler on instagram and she's the best.,0,0,0,1
102,"I just downloaded and haven't used it yet, but there is no way to log out",1,0,0,0
103,It is my first time trading with bitcoin so i find it difficult buying and selling it. Please can you hrlp me with that,1,0,0,0
104,good when you learn to fish you will eat God teaches you how to fish thru his word,0,0,0,1
105,"Best wallet for bitcoin, you do not need to provide any info. One star is missing since I cannot make a payment from a Blockchain wallet to this one, which is kind of a pain in the ass. Everything else is fine.",0,0,1,0
106,Bit confused to start but got the hang of it,0,0,0,1
107,set spending pin with no backup is a Jokeeeeeeeeee It is a scam actualy i cant remeber i set only backup password and its work! But aftar 2 years app prevent transfer and want me to enter the pin! with nothing nothing even a way to remeber or reset your pin .,1,0,0,0
108,How can I access my private key?,0,0,0,1
109,i study of his her company,0,0,0,1
110,why app change every time change qr code wallet address when i open,1,0,0,0
111,It's a great app although Invest in our crypto company we double BTC and of the best forex trading and mining dm to acknowledge you as our customers.,0,0,0,1
112,Never set up a pin to spend bitcoins and now that I deposited bitcoins it says I need pin to spend them!!!!!!SCAM!!!!!!!! Also tried to contact them about this issue and just got generic email back,1,0,0,0
113,I love this app becouse he's useful to the people and I wonder why they still don't know,0,0,0,1
114,Network fees too high to even consider this a wallet for bitcon you would be better off with cash app they will let you transfer and receive bitcoin with a small transaction fee don't lost money feeding this wallet,1,0,0,0
115,Please i don't know if the feature is available in nigeria?,0,1,0,0
116,Does not display what is on books from expenseIq or mgr181919,1,0,0,0
117,I tried sending $37 and it says payment not initiated!!! This app is Delayed and takes your money!! I want my money back or I'm going to do a claim with my bank If this problem isn't fixed by today. I clicked where it says report issue.,1,0,0,0
118,Perfect app I really love it.,0,0,0,1
119,"Garbage app for Bitcoin noobs. My friend did a transaction at the ATM, followed prompts, received a message. Some kind of transaction was done but she ended up with $0, the transaction was for $150. Trying to get a hold of a helpful person is truly daunting, and when you do talk to someone they come at you lin a condescending manner. Like if society has developed an automatic understanding that Bitcoin and Bitcoin cash are separate entities. This app is a scam straight up.",1,0,0,0
120,I have 210$ Btc on My wallet But I can't send 1$ Why ?? It always Shows Less Coins ?? Can you Solve it fast ??,1,0,0,0
121,Its heard getting to b a Bitcoin member,0,0,0,1
122,Avoid this app. I had to delete it after mobile data usage spiked uncontrollable after 2 February 2021. Data went from nothing to 6.38GB which caused data alerts to go off. I had to check to see what was causing data usage and it was a surprise to see this app using mobile data as I had turned off data usage in overall setting. I can't see why it was doing this so I had to delete the app as I can't fully trust it.,1,0,0,0
123,Just because you have the option of seeing the password you encrypt it to doesn't make up for a lack of typos that people with dyslexia may overlook and there's no way to recover the password. I can't restore my wallet even though I emailed myself it's address as a reply to archiving the backup to my email account.,0,1,0,0
124,Need hekp with btc wallet dm@hacker_ravenadler instagram,0,0,0,1
125,"I sent someone a $99, I keep having the ""this payment is not transmitted yet"" but the bitcoins have been deducted, I reported the issue 2 days later no response and keep seeing the transaction has not been transmitted This is so inconveniencing imagine if it was for an emergency use If the transaction is not transmitted then make an option to cancel it and let the btc show in the wallet so that one can do something else rather than waiting 😠😠",1,0,1,0
126,it is not useful wallet because i have given the address from this wallet the btc is pad but he does not shown in wallet what's the matter?,0,0,0,1
127,I wrote a review not receiving bitcoin and address changes I was wrong the app works and is good,0,0,0,1
128,They worst bitcoin app ive ever used its been over an hr and my transaction hasnt gone through and they have no telephone customer support. I will never use this app again,1,0,1,0
129,How i create a seed of the wallet?,0,0,0,1
130,Fees are insane! $8 fee to send $30.,0,0,1,0
131,sorry but it consume infinite data for sync. perhaps it connect to bad peers. the downside is that user will not notice and have no control over it. its better to add an exit button or something to stop background service & also inform user how much data is send or recieved.,1,0,1,0
132,"It's been a great app, but... I've had it since 2013 and not really given my bitcoin much thought, getting back into it, payments work ok but I'm concerned there seems to be no way to export your private key and seed phrases have not been implemented. This means I'm probably going to transfer to another wallet and have to abandon this one. Shame because it's been simple and reliable and easy to backup/restore.... Just isn't compatible with latest wallet standards.",0,1,1,0
133,Its ok bitcoin i hope this is real,0,0,0,1
134,App continue to crash when trying to send payments out.,1,0,0,0
135,So bad ! My mistake for putting funds into this wallet and not doing my research. I have been trying to transfer BTC out and it has been weeks still not processed!! Super quick to put money in but I can't get it out!! I have tried twice and now I can't even try again because it says I don't have enough when I clearly do !! SCAM.,1,0,0,0
136,"Best wallet, i just trust this kind of wallets, because: this is the philosophy of bitcoin. You should be admin of your founds. Big like",0,0,0,1
137,plz I opened the app and did not backup and now my phone is gone pls how can I login to my wallet back on my new phone..pls help cause I have a lot of bitcoins in it,1,0,0,0
138,My bitcoin transfer was never transfered by this bitcoin app...i was told their money was lost never transfrred to tge receiver.,1,0,0,0
139,"This scam i transfer my money 500 pesos, using their wallet address and yet doesnt appear on my wallet.. devastating and so dissapointed",1,0,0,0
140,"Unreliable. It was good in the past but it's a shaky relic now. Payments not being transmitted, connections rarely being established and frequently dropping. Little choice. Can't tweak transaction fees. Stuck transactions are just too frequent to make this worth using often. Moving any coinage I can out.",1,0,0,0
141,why is yall chargeing mje 4.99 a month for what .. i dont get it,1,0,0,0
142,It does not elaborate what to do,0,0,0,1
143,"Not had a single problem in the 18 months I've been using this wallet.. You can tell from the comments that a lot of users have no idea how btc works, hence the bad feedback on fees ect",0,0,0,1
144,Not sure exactly how this works seems confusing,1,0,0,0
145,"Very bad i cant get a wallet ,ir address",0,0,0,1
146,"This app was fine but after I updated it, synching to the network is taking ver an hour, now I can't even move my money bad business...",1,0,0,0
147,I've tried a lot of bitcoin wallets and this is by far my favorite one. The dark mode is awesome too. It applied automatically to my Android P custom rom. I guess the settings didn't show bc it was meant for 10. Amoled black option would be cool but hey I'm not complaining. Donation sent. 👍👍👍👍,0,0,1,0
148,5/5 update because now it's possible to Uninstall this app,0,0,0,1
149,First time to use but I hope it's good to invest..,0,0,0,1
150,"Good Initiative, can you please add more safety features like Password, Fingerprint lock for app?",0,0,1,0
151,App has used 80gb in past 2 days,0,0,0,1
152,The best bitcoins wallet apps the 💯 partner in the coins,0,0,0,1
153,"I am using this app for almost 8 years now but in the last months it is broken for me and I have a considerable amount of money stuck in it. When I attempt to make a transaction, the transaction is never TRANSMITTED to the mempool. I am NOT talking about confirmation here. Also a replay of the blockchain does NOT solve the problem.",1,0,0,0
154,Seems like U cant add money via bank or credit card,0,0,1,0
155,can u track where ur money goes when u send it to someone,0,0,1,0
156,Phone did a factory reset and lost all my btc 0.018btc 🙄🙄🙄 During a factory reset you lose all files and cant restore backup wallet,1,0,0,0
157,I like this app is a good app many people use this app around the world i like this,0,0,0,1
158,"I received some bitcoin using an old address in the adress book because the current address was not a legacy address, the transaction was succesful and got confirmed, but the bitcoin is not showing in my wallet, please help",1,0,0,0
159,Saw all the bad reviews and thought for sure it would be bad but got my btc pretty quickly no problems so far!,0,0,0,1
160,very disappointed as I don't know how much minimum btc we can send,1,0,0,0
161,Ok.. don't know where they get their transaction fees from. Mempool.space says transaction fee is like 60 sats/VB or about $4 but this app is trying to charge me $20 for a transaction fee?? Then If you put it to economy fee it goes to some super tiny amount that will probably take a week to confirm. Why can't you set your own transaction fee? If not for that it would be 5 stars.,1,0,0,0
162,Working well simple and easy to use,0,0,0,1
163,"I have a 240 byte wallet backup from 2013. I know the password, yet everytime i try to import it i get an error message telling me that the wallet could not be restored. Did I lose my BTC?",0,0,1,0
164,"I lost all my data bundle because of this app running in the background, even though I've never used it. Will you pay back in bitcoin? 10 days without internet now 👌",1,0,1,0
165,"Hello. How do you calculator the ""fee""?. Thank you.",0,0,0,1
166,anyone please help my wallet contain 120 dollars and now i reinstall the app how to restore my wallet,1,0,0,0
167,Very much secured have to buy or sell to other private BTC holders. It has been up and running for me even if uninstalled I put it back when I want and it still got updated fairly well.,0,0,0,1
168,Hi there I can't send my bitcoin The error is : currently payments are not possible because a replay is in progress What should I do? *My wallet is uptodate,1,0,0,0
169,"Didn't work. I tried to transfer btc into this wallet and it has just disappeared. I triple checked the address and made sure that everything was correct before confirming and went ahead with the transaction and it just disappeared, no transaction history or any sign that anything happened. I can't report an issue In the app either because every time I press the option to report it just brings up the typical share menu for Android devices where it recommends apps or people to share with.",1,0,1,0
170,"Hi I installed app and made a backup on the first use , I have a question so ... If someone sends me some bitcoin tommarow I will need to back up my wallet again ?",0,0,0,1
171,Can I ask? Can I withdraw my money without cards? THANKYOU IN ADVANCE💓,0,0,0,1
172,The code provided for the wallet doesnt work,1,0,0,0
173,"BTC, Biticoin A decent app, but not a favorite either similar too a few others , but this one is different & has a mind of its own , I say took me a bit too get used. too . Touchy if it gets touched in the corner or so your BTC, QR, bcode. Scanner could be sent out too who ever .",1,0,0,0
174,I tried to make a transfer to someone but it keeps on saying invalid address but the address is valid,1,0,0,0
175,"Can't import Android's Wallet on Mac. I've exported it to a file on Android, then was trying to import it on Mac, but was getting error: can't decrypt, check your password. Password was correct. I also didn't find a way of creating a 12-word recovery phrase on Android. It's absolutely not clear how to use the same wallet on Android and Mac.",1,0,0,0
176,"There REALLY needs to be a way to limit bandwidth used when syncing with the blockchain. I bought a new phone, so I transferred my wallet backup from the old phone and started the restore process. It's used 100GB of data so far in the last 24 hours, and there are still three YEARS worth of blockchain to go. I can't find any way to pause the syncing process, and it still appears to be running even after force-closing the app. And it's using as much of my internet bandwidth as it can get its hands on. Oh, and it's giving me an audible notification beep every time it syncs a new block! Until the ability to pause syncing and limit bandwidth are implemented, the wallet restore function of this app is practically unusable.",1,0,1,0
177,The fees are silly high don't use this app!!!,1,0,0,0
178,Is this really can help me to earn money?,0,0,0,1
179,"Please help me understand why I have no access to customize which wallet recieves bitcoin? Please help me, help you.",0,0,1,0
180,"Following an update on November 13th, 2019 the app began overloading the CPU and over the course of approximately 3hrs unattended, received 18.2GB and transmitted 22MB of data via WiFi. The app was never launched.",1,0,0,0
181,its good app to earning money,0,0,0,1
182,"Are you guys going through some migrational process for now, its obvious? Are you?",0,0,0,1
183,I want to transfer my amt on any other wallet,0,0,0,1
184,"When its good its great, when its bad its horrible. I have a credited transaction and cant spend it. Says Im missing the amount I was credited. Oh by the way, you want customer support? HA! Its nonexistent here. Really...what the ****? Waiting 8 hours for a transaction to confirm is not ok either. Wait 8 hours to take my money then. Terrible to play with peoples money.",1,0,0,0
185,I just rate 3 star cous im still waiting for my payout,0,0,0,1
186,My nem Mohammed jan from bitcoin new investment business Kandahar city Afghanistan,0,0,0,1
187,"Hi. Take 1 minute to read. I am mehran and I am 25 years old. I live in Syria and we do not have interesting living conditions. Here, due to the war and cruelty of the rulers, many children became very orphaned. There are many other issues that need to be addressed in order to meet our needs.please help me Bitcoin 38pu22viahpGL5UZFhsoeE4VnKERqc9FAM Perfect :U 19744073",0,0,0,1
188,"Just got this account and added $20! Tried to transfur to another account, it has been several hours and it still says ""payment has not been transmitted yet""! Why? It's not even $20! Can you please fix this? I've already lost out on alot of money that I cant get back because of this error! Its caused so many unnecessary delays and arguments on the phone! On top of that, they charged me for the transaction that didnt even go through! DONT DOWNLOAD THIS APP! FIX THIS AND ILL GIVE A BETTER RATING!",1,0,0,0
189,I got my wallet 6btc with @hacker_racenadler on instagram,0,0,0,1
190,"If it can change language(not just follow system lanauage), this app will be better :D",0,1,0,0
191,Thanks for enabling the ability to use your node with custom ports! Excellent work! A few must haves I feel remaining would be : 1) Enable BIP 39 to restore and backup seed words. And 2) Reinstate the ability to import paper wallets (not just the sweep function). This is an invaluable function used to authenticate custody of a private key (whether or not there is any BTC located at said address). This would be a 5 star app all day if these were enabled! Thanks for all your work!,0,0,1,0
192,My 100 isnt showing in the wallet. Ive done this for 2 yrs. Terminal lady confirmed the money is there. How do i get it? Usually I push on cash and it comes in it tells me the total right now there's nothing there. How do I contact the company to get help?,1,0,0,0
193,"I have an issue, i forgot my pin and have no idea how to restore it. I tried to get private key by your method: 1. Tried to backup on new wallet but in this case pin=password. 2. Your method works only without preinstalled pin. Can you advice me how to get my private key in this case?",1,0,0,0
194,Very bad. And cannot be deleted or uninstalled,0,0,0,1
195,"A2z Scub you toa, the .activity we,,3",0,0,0,1
196,Hello guys i need some help from you... I need some money if you want to donate just infrom me i will send you my details .. Please help me i am from india,0,0,0,1
197,"Worked good for months, but now app won't open. Crashes every time. Frustrating because I have funds that I cannot use now",1,0,0,0
198,"I had complained that I could not pay via BitPay. You can see a response from the developers from Jan 2020. By looking at the desktop website, I discovered that the bitcoin address was made available to the Bitcoin Core application. So on the phone, I told BitPay via desktop site that I was using the Bitcoin Core desktop application. It worked! Bitcoin Wallet accepted the transaction! Try donating to WikiMedia yourself as a test. Any chance it could be made slicker on Android?",0,0,0,1
199,Used 1.64 GB Mobile data within few hours after last update... Uninstalled it. Reply to devel: Can't as I have uninstalled it. But looking at the recent reviews othrs have the same problem with outraging excessive data usage by the app.,1,0,0,0
200,This app is very nice and dont take long to load,0,0,0,1
201,"Worst Browser I've ever seen, I tried to download only 4 files each of 5 GB multiple times , download started first but after some time , Browser shows They are failed to download. But In UC Browser I downloaded 6 files each of 5GB they got successfully completed.",1,0,0,0
202,"No issues, perfectly easy to use.",0,0,0,1
203,"Brave is quick and simple to set up, reduces the number of adverts you get, and you can also earn crypto (BAT) just for using it. Good stuff.",0,0,0,1
204,This was one of the best browsers but lately I'm facing a bug where audio of videos is distorted so I was forced to switch to another!,1,0,0,0
205,I am highly disappointed with this app. I have had it a week now & havent even earned a full BAT token yet.... Also havent seen an ad in about 15 hours now .. Unnacceptable. DO BETTER,0,0,1,0
206,"Great browser, I like the whole concept :) gonna start using this instead of chrome, don't trust Google and their targeted ads anymore",0,0,0,1
207,I am unable to open ftp links on brave browser,1,0,1,0
208,"I was looking for an app which block ads. It is a good one for that. The only problem that I found with this is that the rewards section is never updated. It always show 0.00 Only when I tap on view details, it shows the rewards earned.",1,0,0,0
209,"Best browser. (I has tried Chrome, Firefox, Vivaldi, Maxthon, Puffin, etcc.. and Brave is the best.) Believe me, I'm an expert, I known about these things",0,0,0,1
210,"If it had tor private browsing option like that of desktop version, i would give it 5 star rating.",0,0,0,1
211,"Great app overall. 3 stars because the sync is not working, and the app is still 60hz locked in 2021...",1,0,0,0
212,Ever since I've learned this I've been using it since then. It's very good. Nice app and easy to use not only that you can also earn rewards thru BAT (electronic money). I really appreciate the shields coz it blocked all those unnecessary trackers from different websites. Though I'm not familiar I can say that their security is good.,0,0,0,1
213,"Just updated the app and holy moly, love it Security, privacy, performance, sync ..... It's simply awesome",0,0,0,1
214,"Best Browser out there. While I get free money in cryto for using ads, the ads tend to be better for me than any website that tracka data",0,0,0,1
215,Its quite cool using Brave as my default browser its seems faster than any other browser,0,0,0,1
216,"EDIT: Problem has been fixed and no longer crashes Love this app and best alternative to any internet browser, no ads, doesn't show your location, and offer ads if you want rewards. But only problem is I recently got a new phone but I have to wait to verify my wallet for the rewards.",0,0,0,1
217,"Love it, simply privacy focused search engine.",0,0,0,1
218,"The app was good all in all but I jist found out that there were rewards and I can earn BAT tokens. It seem mine doesnt have even if i search it on the flags, why?",0,0,0,1
219,"Its an awesome browser, but last update and the dancing with tabs is made out of pure UX ignorance and spite of developers. Its confusing, unnecessary, and wastes my time. Add option to rollback to old UX plz.",1,0,0,0
220,"could't stream live Hotsar match. Tried everything searched every where no solution. Wanted to keep it as my default but after this indicdent, Uninstalling it for good.",0,0,1,0
221,Works great and doesn't track me. Love not getting all those ads that Chrome always caused!,0,0,0,1
222,Websites are glitching unable to browse chrome is working fine but brave is not,0,0,0,1
223,"It randomly crashes and freezes after the last few updates ,it was working fine before without any issues , please fix it ,I don't want to switch to other browsers as brave is my favourite browser of all time 🥺 .",1,0,0,0
224,Best browser as of now out of all of the ones I've experienced.,0,0,0,1
225,"It's great and simple, plus I love the grouping tabs! Highly recommend!",0,0,0,1
226,"I highly recommend base on New Generation of Humanity Shield,In terms of Accountability to Transparency of Integrity.",0,0,0,1
227,Very good browser with ad tracker. How long will the android version will take to get tor support? Waiting for it.,0,0,0,1
228,Collecting 25Bat is very difficult ..those who have already have uphold wallet should be given option to link their wallet instead of waiting for a year to collect 25 bat.,0,0,1,0
229,"It's very fast, however there's something suspicious about the desktop version (which was used to infiltrate my PC). Can you trust this Brave Software? If you download your desktop package directly from the developer (as I trustingly did for my PC), what might happen?",1,0,0,0
230,"I'm liking the browser, but why we have to relaunch the browser everytime i make some change to it? That's annoying.",1,0,1,0
231,"Faster and less buggy than Chrome, with better privacy options! Very easy to use. I wish I had switched over LONG ago. >The ""Show simplified view"" option does not work. I get the annoying pop-ups on the bottom of the page regardless of how it's set. >The widget stack is miniscule. Why? >The inability to import bookmarks from device-included browsers is the biggest handicap, of course.",1,0,1,0
232,Please give an option to manually add favorite sites on the new tab page and make it movable. So that i can arrange my favorite sites in any order of my choice. Apart from that BRAVE IS ❤️,0,0,1,0
233,Used to be a great app but after the new update app isn't opening.,1,0,0,0
234,"Awesome browser, as user friendly as chrome, more secure than its competitors and it can play videos with the screen off.",0,0,0,1
235,The latest update to tabs was unnecessary and made the app worse. Why would you actively remove UX for no reason at all?,1,0,0,0
236,"This app is good for browsing, but suddenly their is a glitch while surfing through the web and it continues to glitch until you close the app completely. Its very disappointing to see such an issue on this app. I hope the developers look into this serious matter.",1,0,0,0
237,So yourselves a favor. Get a good VPN and this browser. It automatically blocks ads and is secure as the come. No logs whatsoever. This is what Scroogle Chrome should be.,0,0,0,1
238,One of the best browsers out there......just try it once....u ll fall in love,0,0,0,1
239,"So far so good, Ive been using it for around 3 months and got no problem so far. Keep up the good work :)",0,0,0,1
240,The best one! Cuts ads and working with screen off,0,0,0,1
241,No ads .... the best thing! Please keep it that way!,0,0,0,1
242,This browser has done nothing but wow me. I have switched to it fully from Google Chrome and what I love so much about it are the following: - it's built off Chromium so everything transitions nicely and feels familiar - syncing browser settings across multiple devices is simple and intuitive to do - the built in ad block (can be disabled if you prefer) allows for seamless integration and faster loading times (eta time saved so far is 12 min) All in all I'd recommend this browser for everyone,0,0,0,1
243,"It became the best alternative to chrome. Faster, way more functional, especially on mobile and privacy minded.",0,0,0,1
244,"Works quick and well. Nice to be able to escape the octopus data collectors who lie to you by saying ""we collect this information to improve your experience... "" Brave proves you can have a great experience and stay private while doing it! The Rewards program sounds good but I'm still working it out (I'm 70 years old, so some of these new concepts take a bit of time to grasp.. :-))",0,1,0,0
245,great browser but really needs better support for chrombooks like view as desktop page doesn't even work at all it still shows mobile page and if you look at the chrome browser on chromebook it all looks way more normal and formatted for chromebook i would much rather use brave on my chromebook thanks,0,0,1,0
246,This is the best browser i ever used. The ad blocker is very powerful. It blocks all the ads. I highly recommend this browser for anyone. 💯💯💯,0,0,0,1
247,I update Brave but after 2 days it shows me update. Many time this problem....,1,0,0,0
248,User friendly. Great products in offer and visually pleasing.,0,0,0,1
249,"The built in ad and tracking blocker makes mobile web browsing less frustrating. The optional rewards program is reasonable, and I like the model more than traditional ad delivery.",0,0,0,1
250,It simply does not work on Android. Pushes plenty of ads but does not reward. Very disappointing.,0,0,1,0
251,Good but the new tab switching system sucks,1,0,0,0
252,"Update - 14/1/21. I've installed the update of 8/1/21. Now not only can I not close down individual tabs, but Brave constantly hangs as it loads pages. The only way to free it is to close the App and open it again, upon which it immediately freezes again. The App is now totally unusable. What the hell are you doing updating it so that it's unusable ? That's two updates in a row that have messed things up. Don't you want people to use it any more - or what ?",1,0,0,0
253,"This Brave browser is great because it downloads fast and free from ads. I recommend everyone to use Brave instead of Chrome because it loads the webpage very fast. Also when you watch youtube on this browser, there is no advertiser at all in the videos. In addition, Brave is a safe, and free internet browser. It blocks all the trackers and pop-ups; also it has the private browsing. I love it so much! Therefore I stop using Chrome and I'm using Brave. Thank you for Brave's developer!",0,0,0,1
254,Best browser ever. I use on pc and android. Its faster than chrome honestly. Any potato pc can be fast in browser. And also ad free. Its soo coll to watch without ads on youtube.,0,0,0,1
255,"Been using this browser since april 2019 n i luv it. Well done Brave devs. Started out using v1.2.0 on samsung s5, (2gb ram, 16gb main storage). Now running v1.19.92 on Samsung S9. Deleted 1 star cos i don't like changes to new tab/home page now only 4 shortcuts and also not customisable",1,0,0,0
256,Great app default browser on all my devices. I would like for it to be on f-droid tho.,0,0,1,0
257,No network connection notification please fixx it,1,0,0,0
258,A very good app to be honest one of the best browsers i mean google chrome is nothing comparing to this.. most importantly u get rid off all these annoying ads but i didnt understand the wallet part and earning these points could someone explain to me plz,1,0,0,0
259,Great chrome alternative. Blocks ads very well. Full functionality. Quite fast. Reassuring to have the trackers blocked.,0,0,0,1
260,Great browser. Saved lots of hours of surfing. Please Add option to block unwanted websites and URLs. Also add feature to add adblock list like ubIock origin on FlREFOX. Thanks for this wonderful app.,0,0,1,0
261,I don't know why there's no option to set the fingerprinting blocking to Strict All the time.. 🙄,0,0,1,0
262,"Love it, but cannot find an option to close all tabs 'on app exit' ??",1,0,0,0
263,Excellent and also provide search engine and mail service with chat message video calling And last nice logo,0,0,0,1
264,Best brrowser I've ever used. It's really fast and secure. Best for privacy,0,0,0,1
265,"Really fast, saves you from bad websites, optimized search engine, REALLY good ad-blocker integrated, better theme compatibility than chrome. What surprised me, is that chrome is using 30% cpu and 17% RAM, while Brave uses 3% cpu and 5-10% RAM. The best browser. The only thing that is left to add, is a location changer.",0,0,1,0
266,Best browser especially for adblocking 🙌,0,0,0,1
267,Unblock site isn't working anymore. Please fix it :(,1,0,0,0
268,"I use Brave for its ability to continue playing videos in the background. But holy mother of Moses does it spam notifications, advertisement, loads of ads. Brave rewards is off and most privacy settings set to strict but man, it's unloading everything on me. Once I find a browser which has the same feature I will switch.",1,0,0,0
269,Fantastic app with modern tools built in.,0,0,0,1
270,"Best browser out there! No ads, no trackers.",0,0,0,1
271,"Great browser to replace Google, could fix the layout tho, still great tho",1,0,0,0
272,It's the best web browser i've ever used...,0,0,0,1
273,"I am experiencing a black screen when trying to search something on the browser. This has only happened eith the new update, when I click the tab button I can see the webpage but when I click on the tab again the webpage goes blank.",1,0,0,0
274,"This is my default browser and it is great. It still has some instability so I do keep chrome inatalled but overall, Brave is my go to.",0,0,1,0
275,Better than chrome because chrome can't even let users control the appearance of their tabs. Seriously after 14 years chrome lost me because they kept pushing that stupid grid layout for tabs.,0,0,0,1
276,The app keeps stopping anytime I try to launch it.,1,0,0,0
277,"1 star .Because I never have to claim rewards.This is my 3rd month claim ,brave is fooling there users. Or they never added support programe for users.Don't install",1,0,0,0
278,Excellent browser with many unique features. And the BAT has turned out to be well worth earning at around £0.80 each.,0,0,0,1
279,I really say that its only one app whicb impressed me so far give a good satisfaction to install it....love it,0,0,0,1
280,"Best web browser ever! Really fast, Great ad blocking & all the other features are perfect. Highly recommend to anyone.",0,0,0,1
281,"This is the future of browsing. Only the ads you are cook with, and you can get paid for your trouble.",0,0,0,1
282,"Fix the &*!# sync! Has it ever not been broken? Edit: thank you, sync seems to work reliably now. On one of my devices, web pages are now all black. Reinstall did not help. Using a second device as reference, I disabled Vulkan in brave://flags blindly.",1,0,0,0
283,"Best browser out there, nothing comes even close. Fast, responsive, great UI/UX and brave rewards are very good",0,0,0,1
284,Disastrous update. Please tell me how can I get the previous version. Switch between tabs has become extremely difficult.,1,0,0,0
285,Only wish for better sync between the desktop and mobile accounts. Also needs some way to share information similar to Opera's My Flow.,0,0,1,0
286,"This app update is not working properly and app in so many bug, internet slow and slow interface.",1,0,0,0
287,Good browser. Good business model. Social model I feel I can endorse. I have never been so enthousiastic about a browser.,0,0,0,1
288,No problems so far. Still no problems.,0,0,0,1
289,Good privacy features and prehaps most importantly you can move the control bar to the bottom of the screen you know where my hand actually is! Also the Brave rewards where YOU get paid for seeing ads is a much better fairer and much healthier way of doing ads for everyone not called Zuckerberg (or Pritchai?). I have made money although I've set up donations so most of it goes to sites I use but that makes me feel less guilty about not subscribing to news sites.,0,0,0,1
290,Brave was cool until this last update. Now whenever I try to change search engines the application crashes. Used to be close to a 5 star app. Hope y'all get this fixed.,1,0,0,0
291,"Pages with multiple videos don't load sometimes, the pages does but videos won't until I refresh. Mildly annoying. Other than that I dig it. Ads annoying too",1,0,1,0
292,Literally the get-go browser for over one and a half year now. I can't imagine what is like going back to Chrome after.,0,0,0,1
293,"This is a good browser, since I am on a low end tablet, google is always glitchy for me, but this browser is just awesome! Good speed.",0,0,0,1
294,"The app itself blocks so many ads, etc... I really don't care about the gain/loss. Ty",0,0,0,1
295,Don't know why only 10 mil downloads... This a fantastic browser 🐱,0,0,0,1
296,I think every sensible person will start to use this browser or similiar very soon. Thumbs up after 2 months of usage only. Replaced my chrom with Brave and will never look back,0,0,0,1
297,"I just visited your website and saw that by disabling Vulkan through flags it will solve the issue, and it did😅",0,0,0,1
298,"Worked okay for a couple weeks, then started constantly reloading pages every 5 seconds for no reason. Tried restarting, it didn't help. Had to uninstall.",1,0,0,0
299,Update has fixed a lot of my issues. Brave is an effective browser. Thanks guys for making both the mobile and desktop version.,0,0,0,1
300,The ad blocking works really well! If I had to nit pick sometimes instead of not getting an ad it would still just bring you to a separate page. Also youtube is a little wonky when you use it on brave but other than that its amazing!,1,0,0,0
301,"This app is good, but it still needs work. It's hard to search for anything quickly or very eaisily becuase there isn't any search suggestions that drop down in a list, based on the context being inserted into the search bar. DuckDuckGo should also give the option for ""Voice Input"", for the search bar. Other than that I'm pretty much able to find what I'm looking for, but navagating & finding what im looking for is still a little difficult. Videos show up 1st, after you hit search before links.",1,0,1,0
302,Slower loading time compared to brave . I use brave with duckduck go for youtube ad blocking and searching using duck duck go as the search engine but this app is comparatively slower . It takes a lot of time to even load a single answer for a simple question that I searched . I really liked duck duck go search engine on brave and hoped for an even better private browsing experience but it's slow. Gonna be using your search engiton brave for now .,1,0,0,0
303,Using DuckDuckGo provides a feeling that my information is protected. I like that I can see it working in the toolbar. My favorite feature so far is the fireproofing. I definitely recommend this app to everyone I care about.,0,0,0,1
304,Best browser app out there. I love that it blocks ads and trackers and makes browsing much faster than other aps.,0,0,0,1
305,"Only have used it for a few days but I am happy with it. It is good at removing annoying pop up ads and privacy concerns. It is my go to web browser now! It is now 6-10-21, DuckDuckGo Privacy continues to support my needs, :)",0,0,0,1
306,"Great app! Love the browser. The only thing that would make this app perfect, would be to add the ability to turn each site visited to dark mode like Samsung browser. White is too bright and it's easier to read off a dark background with light text ect. ect.",0,1,1,0
307,"This is advertised as a security and privacy web browser, yet there are almost no advanced options to customize those aspects. What about https, dns, and script options? or control over what information is shared back to you guys? Hell, this browser is missing a ton of basic UI and user experience options that should have been done before launch! Hopefully you guys continue developing this app further with the goal to impress us technically and with an honest, consumer-rights attitude first.",1,0,0,0
308,"I like the app mainly for privacy but it needs more options like Google chrome, that's my go to browser but some of my devices won't let me download the app but it will let me add it as an extension, and I can't believe the browsers like Microsoft Edge are not still able to spy even with duck duck go as an extension, so I suggest you make it available on all PCs, tablets, and phones, then it will be perfect, unless it doesn't do what you claim making it no different than any other browser.",0,0,1,0
309,"Perfect! It is just right. Not overbearing in any way, ux-friendly and, works exceptionally well. Example, Google...google...google...and yet, again, Google tracking. Duckduckgo completely thwarted that. Repeatedly. And, is still thwarting their program. Thank you, developers. P.S., please, do not change how your program is working.",0,0,0,1
310,"A simple and effective privacy app. It works well, I've had no problems with it so far.",0,0,0,1
311,I get as good a result as my previous search engine but without the unwanted ads.,0,0,0,1
312,My experience within the app is Great with full potential to expand in all areas.,0,0,0,1
313,"Works fine as a browser and search engine. Surprisingly, it gives lots of great tips.",0,0,0,1
314,"Finally, a fast, clean browser that respects my privacy. Two features would make it perfect for me - 1) Add a bookmark sync to this browser and the DuckDuckGo desktop browser extensions to create the ultimate bookmark sync. 2) When clearing tabs/data, add an option to keep fireproof websites.",0,0,1,0
315,"Clean layout, fast and search results well focused... Like it! Not intrusive.",0,0,0,1
316,"Works well, ( I also use it on my laptop). The one very useful thing about it is that it tends to produce some different results to the usual Google search which has meant I have found some results that others have missed!",0,0,0,1
317,"Loving this!! I was getting so tried of the ""giant"" telling ME what I wanted to read and not producing anything close to what I searched for. But this is refreshing!! Duck duck go actually adheres to the boolean search rules and I can find things I search for!",0,0,0,1
318,"Hi, an overall good expirience but I had encountered some issues with the browser in the way that I couldn't made an important appointment online via video chat so I had to switch to chrome,there is no option to activate the microphone and camera and make this possible.",1,0,1,0
319,"I love how the app blocks others, like google and Facebook, from seeing what you are looking at. It does need to have a more simple set up. Maybe have the general search in the center of the app so people don't think they have to know the exact website address they are looking for in order to use the app. That might be confusing to some who aren't so tech savvy. I love how the app gives you more honest, accurate information of what you are searching for. It doesn't just give you bs websites",0,1,1,0
320,Love that content is encrypted and cookies are cleaned on this search engine. I also love that there is no bias content,0,0,0,1
321,Easy to install and use. This app has your back covered when shopping online. Love it.,0,0,0,1
322,hello DuckDuckGo! i really love using your search engine and always using it as a default search engine on my every devices. can you please add a Reading Mode for the next update please? thankyou! 💕,0,0,1,0
323,"Really great, just needs improvement with the the way new tabs are opened as the app makes you leave the current tab you are on",1,0,0,0
324,"I really like the privacy. With Google anytime I search for something, the next thing I know, I'm getting all kinds of ads about whatever I search for.",0,0,0,1
325,"Awesome & Loving it!! Liberating; meaning gives access to what the Big Brother engines out there won't allow for viewing. A Republic needs all info out there to make educated decisions, ala ""informed consent.""",0,0,0,1
326,"Whenever I use a different browser and have to 'manage' cookies just to read a page without turning over excessive information - that no one would ever dream of sharing in a non-virtual setting - to rapacious commercial entities, I am reminded of the scale of the invasion of privacy. Even for small organisations, using standard web tools for lack of their own resources, hundreds of cookies are listed. We'll done DuckDuckGo for taking both a principled and a practical stand against this.",0,0,0,1
327,"I wanted a search engine that wasn't biased about what they presented as choices whenever I did a search. When I do a search, I just want the facts, not an attempt at brainwashing me. Not having the ads follow me around like some creeper is very freeing as well. I wish I had switched sooner",0,0,0,1
328,A good app. I like that you can get a report on what it is doing on each web page. A little slow on loading pages but other than that amazing.,1,0,0,0
329,I love this browser and I can feel completely safe in using it without being tracked.,0,0,0,1
330,I like the app it really gives me the feeling of being incharge of my choices and apps farthermore my accounts and finances are secured and protected by DuckDuckGo...who knew an app existed I highly recommend trying it out fir yourself.....,0,0,0,1
331,"Doesn't track me AND keeps other engines from tracking me as well. They also don't intentionally hide or bury search results based on personal agendas. When I'm searching for the softest tp for my rear I don't need to scroll through 3 pages of ""environmental impact of tp""...""what tp biz donated to what senator""... "" tp ceo apologizes for non pc quote he retweeted as 4th grader"". Duckduckgo actually shows me the results of soft tp for my rear! What a concept! 😀",0,0,0,1
332,"Really good but I wish it had the same features as the IOS version. Especially the Favorites, which are shortcut buttons on the main screen that you can edit and arrange in whatever order you choose. There are also Bookmark options in the settings, but these Favorites are so handy right there on the main screen for sites I visit often. Please consider adding Favorites. I would even pay for such an option.",0,0,1,0
333,"Significantly faster than any other browser I've tried (and I've tried a lot)! Now this is the default browser for me. I only wish there was an option to also use it as a 'regular' browser, meaning being able to store browsing history and stuff when opted for.",0,0,1,0
334,I LOVE that this app not only blocks trackers but tells you who they blocked. Deleted chrome and will only use this app for my internet browsing.,0,0,0,1
335,"Without a doubt the best, I'm just shocked I waited this long to get rid of G**gle. If your tired of being limited and hidden in the dark you must start using this browser. Other browsers only allow you to see whatever fits into their current agenda, but with DDG you can find out true facts and come to your own conclusions. Just saying we all should be tired of being told how and what to think, and need to make the switch ASAP. It's a scary, dangerous world when information is censored.",0,0,0,1
336,"I just love the privacy and it's like having a VPN but you don't need it cuz user on top of it, nobody should ever have anything to hide but it just seems like our first amendment rights are going down the drain and it just seems like use it once keeping it together thank you!",0,0,0,1
337,This definitely works! However the search results were predominantly from paid advertisers unless I searched for something pretty obscure.,1,0,0,0
338,Pleased for the most part. But (i should preface user error is a distinct possibility) it seems like I'm only getting maybe a quarter to a third of the entries from my web searches. Y'all are golden all around if you can and will suggest to me error(s) i have made. Thanks,0,0,1,0
339,"Definitely better than chrome to prevent others from tracking your activities in the internet, at least most of them if not all them.",0,0,0,1
340,"I use DuckDuckGo on my desktop and so I was excited to try the browser app on my phone. I've used it for a couple months. Unfortunately, this app is noticeably slower than other browsers. Viewing images or videos is often buggy. Scrolling stutters frequently.",1,0,0,0
341,"Great browser, no problems with it. I have a OnePlus 5T and Mozilla crashes sometimes and Chrome is full of adds and trackers. It's a potty the search engine is not as good as the Google one. For all the rest - 5 stars.",0,0,0,1
342,"Great, the awesome easy to use accessory's and navigational features are creative user and program friendly offering a learning platform too easy to mess up while offering an easy to adhere educational friendly input to a wide offer of user's. Including me I feel. Will keep using and look towards offering a great deal of data to make up for lack of co-op abilities.. and resistance to self support of late data diagnosed info.",0,0,0,1
343,"Built for privacy from the ground up means that there are some compromises on features. But if you, like me, aren't willing to hand over your browsing activities to shady greyhat companies, it's a very worthwhile tradeoff.",0,0,1,0
344,"app in dark mode, cool, works fine... untill you search something up. the results from your search is in light mode, not dark mode. This absolutely roasts your eyes when browsing at night. Please fix this. (also please make it so the screen is dark while loading a page) Even brave gets the automatic ddg dark mode right. Come on guys",1,1,0,0
345,"I wish I could download web pages as PDFs. That is quite literally the only downside to using this browser. Otherwise it's immaculate regarding privacy, security, and even speed.",0,0,1,0
346,Sometimes you'll hit the back button and it will go back to home page as if it's a new window. Your history will be cleared when you don't want it to be. Some links don't work properly. Great concept but not executed well on Note 20 Ultra. Hopefully it gets fixed with update. Just can't see using it as my default browser with the bugs.,1,0,0,0
347,Stellar app. The algorithm is pretty on par with Google and I feel like DDG hasn't sold all my information to Satan.,0,0,0,1
348,I only wish the last research stops reappearing. A blank box is great. I love DDG !!!!!,1,0,0,0
349,"Dude this is awesome! It blocks most ads automatically, has great search results that find me answers in a different order than Google searches so I can actually find new sites if I want, doesn't track... This is great!",0,0,0,1
350,"I admire what they're doing here, but I'm disappointed there's no provision for blocking ads. Aren't intrusive ads privacy-invaders too? Sure they are. But no, nothing. Sorry—I'll take my chances on Chrome or Firefox with Adblock Plus installed.",0,0,1,0
351,"The lack of universal nightmode is the only thing preventing me from keep using this, the blinding white background on some sites are just unbearable",1,1,0,0
352,"What every search engine needs to be. DuckDuckGo is very open, and very honest about their application. No need for terms and agreements, no need for cookies, just search what you need, in a secure and protected web browser free of big tech ads and biased headlines. Would recommend to anyone.",0,0,0,1
353,"Amazing app! If you really want to see how much Facebook is spying on you, then download this app. Itll actually tell you if Facebook tries to ""follow"" you to whatever you're searching on the internet. We need apps like this NOW more than ever while the last truly free place we have is under attack and threats from major players like Facebook, Instagram, google, and Amazon. PLEASE invest your time and money into more apps and companys like Duck Duck Go!",0,0,0,1
354,I love this app. The only thing missing is the speaking search part. I would like to see that.,0,0,1,0
355,"Dear , Duck developers. It needs a home button and force zoom. ALWAYS FORCE ZOOM everything all the time. It works good and I like it but the name is STUPID! The reason I looked into duck is that I was looking for a good replacement for Google. It took me a while to settle on duck. It wasn't until I used it for a while that I realized how much I liked it.",0,0,1,0
356,Nice. Simple. Private. Fast. But I wish I could import my bookmarks from chrome.,0,0,1,0
357,"Update: LOVE THIS! I am so happy with Duck duck go I'll never go back. Helps me know what choices I'm making and how my privacy is being effected. So far so good. Good browser and search functions. Looks good and easy to use. I'm learning how many things Google tracks...it is a lot. Easy to use and my info is mine, as long as I dont use certain programs that unavoidably track me. Would recommend!",0,0,0,1
358,So far it has been really easy to use. It also lets you know when a site app has a break through technology it cannot control. It makes me feel like i have more control of who is tracking me.,0,0,0,1
359,"Duck is awesome for NOT BLOCKING sites and content other ""Nanny browsers"" won't let you access. Duck treats you as an adult that can decide for yourself, and not an adolescent that needs to be sheltered from anything ""controversial"".",0,0,0,1
360,Love the browser. Just want to know one thing. My phone was off all night when I turn phone back . It il went to the sight immediately after turning on the phone. And my settings are clear app data always so .,0,0,0,1
361,"Love not being bombarded with ads and not being ""followed"" wherever I go online. It does take a while to load sometimes when browsing, but I assume that's the ""ad scrubbing"" going on in the background. It hasn't hindered my experience enough for me to rate it less than 5 stars.",1,0,0,0
362,Love this search engine! It's the only one to use. DuckDuckGo has saved me from so much Spyware & bloatware . . . not to mention saved me from spam.,0,0,0,1
363,"Does exactly what I was ecpecting. Anazingly easy to understand. Protect better than any other browser. Has so few settings that it's hard to eccept that it's not as good as other browser apps. I am ok with easy but easy and amazing. I am so happy with Duck, Duck Go. I will probably use the app for the rest of my life. Wow",0,0,0,1
364,05/10/21 update. After 2 more app updates it still eas not loading pages. Then a few days later it just started working again. Today it will no longer load pages. Time to move on. Updated the app last night. No longer able to load web pages. Now the progress bar moves about halfway and freezes. Thanks for forcing me to enable Chrome again. Please fix this issue.,1,0,1,0
365,"Terrific! It took a little getting used to, but the ""learning curve"" is well worth the privacy you receive while browsing. I've installed DDG on every mobile device I own.",0,0,0,1
366,"Amazing. Everyone should use a private and secure browser like duckduckgo. Works great and does what I need. Sorry google machine, you can keep your spying programs. (2021 update) Even better than before!",0,0,0,1
367,"The only reason that I don't give it 5 stars, is because it doesnt have a voice search option like Google does. I very much enjoy Duck Duck Go for the privacy and the spy blockage it offers, but I do miss the voice search. If y'all could make that happen, that would be awesome.",0,0,1,0
368,"When I look up something its stuck on that page, you back out it takes completely out of site. Needs some work on when you look up some stuff , like when you ask questions on certain things it fights you. Hard to get what Google had quickly. Needs improvement like anything else new. Other than that it's ok for now. Maybe also something is wrong with app download or something else. But for now till I figure out this is my view for now. Not giving up though.",1,0,0,0
369,Ease of operation and being able to erase search history are excellent not to mention the fact that I don't get bombarded by advertisers. Even my scam calls have decreased a very great deal. Thank you Ladies and Gentlemen for this wonderful app. My hats off to you!,0,0,0,1
370,"While it is a nice, clean and easy browser to use. The search engine is pretty bad, anything I search for only shows results in the USA and beyond.. Good but I have to put UK at the end of every search.",1,1,0,0
371,"Great app - Consistent & secure. Not a slave to Google and returns a variety of sites, not just those with the highest traffic or pay the most $$ to make what is really an ad look like a logical, or best-fitting return.",0,0,0,1
372,"I guess by blocking trackers and such, it works a lot better as a browser than Chrome. There's a lot of times I would try a page with Chrome and it hangs. Then I would go to the same page with DuckDuckGo and it comes right up. The only problem is that sometimes I still have problems with sites for stores that rely on your location to show accurate info about what's in stock",1,1,0,0
373,"This runs really smooth and is a very close to Chrome experience, which is what I was looking for, since I was switching away from it. Of course the privacy aspect is handled really well with showing you exactly what trackers are blocked on each website (quite eye-opening!). Some minor improvements/suggestions to take from Chrome: 1. Include tab groups. 2. Drag down from top navigation bar to open all tabs. 3. Swipe left and right on top navigation bar to switch between tabs.",0,0,1,0
374,"I loved the experience on duck duck go, I would love if the developers include a readers view mode that would be just great.",0,0,1,0
375,This version is in English its easy to use so far I like it. The app description does match the experience. It works and I really didn't know what to expect. So far its positive.,0,0,0,1
376,"Doesn't bombard you with ads like Google does, and it's nice if you want a simple browser.",0,0,0,1
377,Best browser for who needs privacy over Google's advertising company.. some download issues are here.. anyway I like this app.. and rated 5 star 🤗,1,0,0,0
378,I enjoy the feature of closing the tabs and clearing the history. I'd like this app better if it would clear cookies out at more frequent interval. I like the new feature of letting me know when it blocked trackers. Some way to have bookmarks/ favorites would better very nice also.,0,0,1,0
379,"I have only just begun using the app and so far from what I can see it has been good so far. It is a new app so obviously it probably needs more work to perfect it, but so far it is a really good alternative to the popular search engines. I have a real concern about the trajectory of A.I. (artificial intelligence) so using a search engine that is not trackable may help slow the A.I.'s learning curve, at least I hope it does!",0,0,0,1
380,"I really do love this app. I only have it 4 stars because I do wish it had a ""newsfeed"" where I could scroll through different articles on current events.",0,0,1,0
381,I've been using it now approx 6 months with not o e single problem. I wish I had started using this app a long time ago. If I had I would've had a lot let headaches. I have recommend this to most all my friends & they are very impressed with it too.. Awesome app. Way to go guys & keep up the great work.,0,0,0,1
382,"Good privay browser | fast | easy to use | i like the feature ""one tap clear data"" on home page also like website's tracking details",0,0,0,1
383,"Works amazing, does not track your activities, and the App maintains 100% functionality.",0,0,0,1
384,No more pop up ads from sites visited before. No compatibility issues good by Google searches. Stop being a slave to big tech. You dont need to do a google search anymore.,0,0,0,1
385,Duckduckgo is awesome! I've used it for awhile on desktop computers. Now on my phone! Awesome!,0,0,0,1
386,"Excellent app overall. The browsing is safe and fast. However, I think you should be able to create folders in the bookmark section. Also once in a while, videos refuse to load on this app.",0,1,1,0
387,"Duck duck go privacy browser is awesome I've always loved it I've downloaded it, updated it and deleted it and reinstalled it on many different devices. This mixed with a VPN provides a secure surfing and internet experience. Privacy means something if only for the sake of security.",0,0,0,1
388,"Everything runs so smoothly. The user interface is intuitive. The private browsing keeps the customized advertisements and suggestions away, allowing for a more free experience everywhere online.",0,0,0,1
389,"6.20 Updating this. But NOT bc of what look like TONs of fake review, 6.2 Stalls dead. Update unusable. 5.10 Uh NOT private! 5.2 Latest update scrolls back and forth in error. Search box issues. UPDATE this! Again! 2.10 STILL stalls A LOT. Blank screen. 1.11 UPDATED it. It STALLs. 12.21.20 Love hate again. Since last update, stalls out a LOT. 10.5 WOW SO sorry I updated this. ALL screwed up! 10.25 Keeps making keyboard float.",1,0,0,0
390,"It's all the time changing to default browser and I chose that as second one, that's so annoying! That's the reason for removing it from my mobile.",0,0,1,0
391,"Good search engine, I love the privacy and security features, gave 4 stars bc when you first download it it give you all these directions and little pop-ups that kind of can be over explanatory sometimes. Also because of some of the privacy features probably it doesn't always search specific sites that could be useful.",0,0,1,0
392,"Browser performance is awesome, words kept well from the developers, really safe and nice browsing experience",0,0,0,1
393,"I love it. I love NOT BEING TRACKED. Getting DuckDuckGo is one of the best things I've done. It becomes even better when you really commit to not using those applications you know are tracking, like either uninstalling or disabling apps (that you can safely do) on your cellphone or just teaching yourself to not use the ones you can't uninstall or disable. I'm no techi, but I do wish I could discuss my concerns with someone I could understand.",0,0,0,1
394,Wow this browser is the best mobile browser! On pc i use brave browser with duckduckgo search engine. If there would be a pc version of this browser i would definitely try it! The ui is really great and i like how fast it is! I recommend this browser to everyone. Privacy first!!,0,0,0,1
395,"I'm not sure if this has happened to anyone else or even if it was just coincidence, but when I started using DuckDuckGo I started receiving spam texts and spam phone calls. I kept the app but stopped using it and I no longer receive them. It is now uninstalled. I am trying Inbrowser instead.",1,0,1,0
396,This new update broke so many websites it's not funny. They will not display. They will freeze when loading. They will just show gibberish text. And please add an option to shut off the pull down to refresh. It is really freaking anoying. I go to scroll through a page and it constantly refreshes. Ready to switch browsers if this isn't fixed soon.,1,0,1,0
397,"I LOVE not being tracked!! This app is great! I can search for anything that I would normally search for on Google, and get results.",0,0,0,1
398,I have been using Duck Duck Go since November 2020 and am happy to have an option to use internet without feeling like my every move is being tracked. I have noticed I get far less junk mail in my Gmail account so that is a win. I have also noticed the search results have improved over time turning up more robust and higher matches to search terms. Thanks Duck Duck Go for caring about personal privacy.,0,0,0,1
399,I love the idea of being able to search for private personal items and not get blasted with Facebook adds when I'm on it or text spams. Thanks bunches,0,0,0,1
400,"Hello, how about adding in a Language Translation program/option into DuckDuck, so you can translate other websites and mostly all foreign languages? Just a thought. ?? That would eliminate screen shots, importing language text into G.T., then translating into English from another language to view or read. Like G00GLE Translate in Chrome.",0,1,0,0
401,"Pretty cool, it runs in a container right?",0,0,0,1
402,I'm giving three stars because new version of this app show error when you run the app update command always and old version of this app is very helpful and easy to use..😒😒,1,0,0,0
403,"Unable to lock the administration directory (/data/data/com.termux/files/usr/var/lib/dpkg/), is another process using it? Please solve this issue. I don't know how to fix it . Can you please tell me what should I do?",1,0,0,0
404,best app but sometimes we have seen some problems like 404forbidden,1,0,0,0
405,I hack my WIFI for test,0,0,0,1
406,This app is ileagel please don't allow to put hacking tools pls,1,0,0,0
407,A very useful application for remote access when u need cli. Linux users are in their natural environment. Thanks!,0,0,0,1
408,It is so goood app in hacking in android,0,0,0,1
409,Was working like a charm since recent Android 9.0 update (tested on Samsung Galaxy S8). I am not able to see the writen characters anymore but it appears when getting to the next word (entering a space).,1,0,0,0
410,"Any arrow keys available, like the handy up and down buttons in the bar",0,0,0,1
411,Absolutely amazing to the point where I could actually do serious Linux sysadmin work on my phone (given an external keyboard for comfort). 5 stars isn't a high enough rating to do this app justice.,0,0,0,1
412,Much better than the last one I had.,0,0,0,1
413,This app is osm but i install it before some days and its not workin (not updating or upgrading) please fix it,1,0,0,0
414,Superb app. I daily practice in this app for learning unix. Good job . Keep it up guys 👍,0,0,0,1
415,i have no idea how to install chromium or puppeteer. it does not provide such opportunity,1,0,0,0
416,"Good app. I recommend it, because it allows to perform different tasks from your cellphone. You can even programme in php .",0,0,0,1
417,"Amazing, by far the best. Want a terminal emulator? This is the one.",0,0,0,1
418,Its realy good for begener hackers,0,0,0,1
419,Great app really wish they had a way to move the app over and directories to a microsd card,0,0,1,0
420,سلام شماره مجازی هرکی خواست بیاد به ایدی تلگرام زیر @zahramhw,0,0,0,1
421,"Great terminal offering a mini customised debian installation (e.g. `pkg install` wraps `apt install`, etc) with some compatibility caveats. Can be used with a mini Arch installation too. Great for casual programming on devices with split-screen. Re Compatibility caveats: No JVM so no Kotlin/Clojure. Also no OCaml. No Rustup BUT Rust via pkg mgr works. C, C++, Nim all work. Python and Node work well, but for some big NPM pkgs, YMMV (e.g. Bucklescript).",0,0,0,1
422,"Excellent terminal emulation and onscreen keyboard support. Also works well on an Android TV with monitor, keyboard, and mouse. Runs any Linux app in the Termux package collection or anything you can compile with the included Clang 8.0. Open source, too. 💯",0,0,0,1
423,This app is great. I can compile and run my software on my phone. Best and easiest Linux experience for android.,0,0,0,1
424,Love it best app for coding,0,0,0,1
425,Plz solve the error N: Possible cause: repository is under maintenance or down (wrong sources.list URL?).,1,0,0,0
426,"Best terminal ever. As a programmer, this 💯% fits my needs. It's like Linux in my pocket.",0,0,0,1
427,"This is exactly what I was looking for! There's working properly clear command, convenient input and text selection. If you want to run python files, pip and pkg help you a lot.",0,0,0,1
428,This is the best one out there but I would say this is not that much worthy if you have linux. This was my favourite thing when I didn't have linux but now as I do I don't need it. I needed it just at the moment for some installing and noticed it's 18mb now. So it's really upgrading... Really great,0,0,0,1
429,"Translate: Since the update everything can't work, so I can't do anything, just plain black with the words ""comment not found"", Semenjak di update semuanya tidak dapat berfungsi, jadi tidak bisa melakukan apa apa, hanya hitam polos dengan tulisan ""comment not found""",1,0,0,0
430,Nice app you have got a hill,0,0,0,1
431,It is best and useful app,0,0,0,1
432,This is very good for hacking it has more than 400 hacking tools it's very good learning application 👍👍👍☺️👍👍🙂👍👍😊👍👍😊☺️🐱👍👍,0,0,0,1
433,Best! Works great + small size 5*****,0,0,0,1
434,"There are two bad things in the app. 1. It doesnot have the integral gcc compiler and clang at its place, If you want to keep clang than keep gcc as well. 2. It cant read ./a.out or others, it says permission denied, I have given it the permission it needs. fixing those two bugs will make this app super!!!",1,0,0,0
435,"Very nice app thanks now i can use linux in my phone, it's a very good app for beginners...",0,0,0,1
436,"If you need a cli shell with a decent selection of packages, this is for you. That's a great app, really. Thank you.",0,0,0,1
437,Dear developer I have problem with slow network my termux not access Internet but my other app is good for network at same time but termux APP not respons sometime termux stopp to work plz help I am really like your termux all,1,0,0,0
438,"Very professional exucting scripts app, i really do love it.",0,0,0,1
439,Termux needs access to your files but you must make it ask: $ termux-setup-storage You will see a standard dialog asking for permission. $ cd /data/data/com.termux/files/home/storage/shared $ ls Done!,1,0,0,0
440,Its awesome!!! Loved this app a lot... Helped me very much in practicing my codings which wasn't possible earlier...,0,0,0,1
441,It should be 5 stars but the keyboard changes to numeric one and the letter keyboard couldn't be brought back.,1,0,0,0
442,Best experience it's good for using,0,0,0,1
443,Useful app but if there was a way install old version of packages that would be great,0,0,1,0
444,Termux isn't a good app to use its a app exec controlled app they don't let you use sudo and the commands don't execute as you type them. Don't waste your time on this app.,0,0,1,0
445,Now my account is back😭 thx so much termux :),0,0,0,1
446,Today first time i have downloaded this & These is great app but when type commands in app it doesn't shows the commands that i have typed untill i give them space,1,0,0,0
447,The termux app does not work from this morning. What is the reason for this to happen suddenly.,1,0,0,0
448,"This app is not updated anymore. On google play store, talkin about your updates are unstable look at the last update date.. Download on Git Hub. Either way what updates are y'all talking about. The dev is inactive (looking for maintainers, says so in github. Github does not lie lol)",1,0,0,0
449,Very nice app thanks for administration,0,0,0,1
450,"Surprisingly light and powerful linux terminal emulator. Great for remotely accessing all of my servers and HTPCs. With correct packages installed, also allows for automation of some repetitive maintenance tasks.",0,0,0,1
451,"Nice and best terminal app for Android, to learn linux or to finger your mobile.",0,0,0,1
452,"Wow. I chanced upon this and thought it probably wouldn't do enough to be useful to me. Several hours later I have a Vue/Webpack app running with a hot-reloading dev server, sass/typescript compilation, and even an Apache server for the production build that I confirmed is publicly accessible after port forwarding on my router. This is the real deal. To those having trouble, start by exploring ~/../ , use `pkg install` for your packages, keep their wiki close, and keep Google closer.",0,0,0,1
453,Excellent and crucial android app. Though the volume being the control key would be a great thing to mention in the welcome message. just sayin. Anyway ...thanks devs for the solid tool.,1,0,0,0
454,Errors while installing metasploit frame work,1,0,0,0
455,"Hay , Sir I can not install any PKG when I type ' pkg install git ' It show"" E: Package 'git' has no installation candidate "" Please solve it .☹️",1,0,0,0
456,Termux api commands not work in mi phones why??,1,0,0,0
457,Awesome app for beginners as well as professional users,0,0,0,1
458,I like it But i am finding it's macker,0,0,0,1
459,"""Unable to locate package"" - Following the exact given steps of an tutorial. Even pkg upgrade wasn't a succes after reinstalling the app. Kudos",0,0,1,0
460,Remove the filesafe emulator.. it sucks every time i saw to app drawer 😑,0,0,1,0
461,This is the best terminal where we can do so many things Try it out babes 💯💯💯💯,0,0,0,1
462,How to solve Username and password probelm. Please Reply,1,0,0,0
463,ela bn ela me app eka ela🇱🇰,0,0,0,1
464,Almost as nice as the terminal on my actual computer.,0,0,0,1
465,I have a great experience in termux I learnt alot from this application ....best for practice kali linux in android,0,0,0,1
466,"Awesome app! No need to carry arround my laptop any more. tmux, neovim, python etc. runs smoothly...",0,0,0,1
467,Linux in a box on Android. I learbed termux before Linux and when I got Linux w my Chromebook I was #root in an hour and set up a server vpn,0,0,0,1
468,Thes app not install in my phone please any advice to install in phone,1,0,0,0
469,it makes me a hacker...it is wonderfull app.....,0,0,0,1
470,Great app for testing stuff on the go!,0,0,0,1
471,Hot stuff! Totally love it! 😍,0,0,0,1
472,awesome app. I really love it ❤️👨🏻‍💻🤓,0,0,0,1
473,It is the best android hacking app,0,0,0,1
474,It does what it says on the box. A highly robust terminal.,0,0,0,1
475,Termux commands are executing properly but the characters are not appearing as I type them on my Samsung Galaxy note 9.Please provide an appropriate solution for it.otherwise the app is great.,1,0,0,0
476,why i cant running this app again? when i type pkg upgrade it will be stuck at 94% pls fix it,1,0,0,0
477,I always gut the error code: Termux was unable to install bootstrap packages. And then it says: Check your internet connection and try again. _________________________________ I'm pretty sure there's nothing wrong with my Internet connection. And I know the app has some issues. Please fix it.,1,0,0,0
478,Very good app. It helped me a lot.,0,0,0,1
479,Use it to do simple programming in c++ using emacs. Really great!,0,0,0,1
480,"Awesome tool, allows me to use an Android in place of a laptop for 
 tinkering with code.",0,0,0,1
481,"So i started up the app and it shows me an error ""termux was unable to install the bootstrap packages, check your internet connection and try again"" my internet connection is fine and i have even tried with a vpn but it doesn't work, some help would be nice.",1,0,0,0
482,"Termux is is the best Linux on android. Those of us that use Linux only, have lamented the lack of standard Linux tools/apps and or normal Linux functionality that is not available or out right blocked on android (linux). Termux provides for the use of the most common open source Linux packages. Android forces users to use paid services, while Linux provides tools to build your own services at no cost. Termux gives back the ability to build your own services for back up or what not using Linux.",0,0,0,1
483,Good but i can't install metaspoilt I have tried many ways but none install it.,1,0,0,0
484,the best terminal to use on the go,0,0,0,1
485,"I'd previously used Tiny Utils with c4droid for c development and copied the created executables into Tiny Utils. With clang' as an optional install with Termux you don't need to do such somersaults, you can have it all under one roof. The optional installs with perl, lua, python, ruby, tcl and picolisp but to name a few offer real rich pickings; and with no need to root your device what more could one ask for ? Since installing I've found on-line help to install elc (lisp) , fpc (pascal) and R.",0,0,0,1
486,"Not as simple as UserLAnd for a full distro, but better integration with Android and worth extra time. Scripts widget and effort let's you just click to launch a small portait format VNC session for phone use or a large landscape session if you have a computer with a monitor to connect from. No more fiddling with all the dodgy Play web servers and disappointing attempts at a droid IDE, just spin up a real LAMP stack, git and VS Code! Get from F-Droid though if you want updates.",0,0,0,1
487,"Please, left and right arrow keys on the top assessory keyboard so we could use the default keyboard which has no arrow keys at all. Also, bashtop on a server via ssh does not display properly.",1,0,1,0
488,I am not used but i think such a good,0,0,0,1
489,Good app but tor hangs on 85% and no longer goes to 100% tried to up date removed and readded nothing works.,1,0,0,0
490,"Not working correctly with swiftkey keyboard. While typing the termux doesn't show what I am typing but after pressing enter, it shows what I typed.",0,1,0,0
491,This app is phenomenal. I was able to run a node.js web app with a SQL database on my phone and connect to it from my PC. You could setup a server cluster running on nothing but android phones with this app. Amazing,0,0,0,1
492,"cool App.. I'm beginner for Linux terminal, but this app still sparked my linux interest..love to use this 😍😍😍😍",0,0,0,1
493,Best app to try linux commands and new packages. Even you can install different packages to try other commands. Very handy useful app for real learners.,0,0,0,1
494,Works great!! I've been using it to ssh into my router when I'm away from home.,0,0,0,1
495,Keeps pasting ~~~~~~ into the terminal,0,0,0,1
496,Cuda marka app. Madarcud kon banayha..,0,0,0,1
497,linux good windows also good now pls sub,0,0,0,1
498,Just Can't Describe the gratefulness of the app Developer!!! So happy with it.,0,0,0,1
499,This app is very intresting in hacking,0,0,0,1
500,thank you very much for developing this,0,0,0,1
501,My go-to reader. Would have given 5 stars had it not be constantly requiring authentication since the last update. A one-time DENY should stick. I'm not about to change my mind on allowing unrestricted access to my files.,1,0,0,0
502,Would give it a five if it came with a widget/or one were available.,0,0,1,0
503,The books are just samples 🙄,0,0,0,1
504,Very easy and clear to use. Works perfectly,0,0,0,1
505,What happened to the bookmarking icon? Having to go through the menus does not cut it.....Please fix and the stars come back!,1,0,0,0
506,"It's a pretty great app and I like it a lot, however, it says it supports azw3, but if you browse OPDS, even AZW3 novels with no DRM are not able to be downloaded only mobi can be downloaded. It's pretty frustrating. After having my wife try it out, i did find that the UI is not user-friendly, she's used to kindle, fbr is just weird .. i guess it was simple enough for me, but maybe some UI work can be done to help noobs (like my wife)",1,1,1,0
507,"The best ebook reader i have ever used so far, but pdf format is not supported.",0,0,1,0
508,"I was a very happy user of FBreader across several devices, until the last update; It has begun to drain my battery faster than my charger can keep up, even with everything else turned off.",1,0,0,0
509,"The app is dead, showing ""opening book, please wait"". Doesn't work even after reinstalling",1,0,1,0
510,Easy to use and supports many formats. I am however having problems with the latest update - my bookmarks aren't loading to the correct pages/lines,1,0,0,0
511,I use it every day. From reading my fav fantasy to reading the bible. A must have.,0,0,0,1
512,"After new version updated, my setting about book folder lost. And I cannot add the book folder? Why?",1,0,0,0
513,"In the 3 years I have used this app, I have had few issues, and any issues have been fixed before I had a chance to report them. My phone is constantly low on memory and this has given me few problems using this app. As opposed to other apps which crash regularly. I highly recommend.",0,0,0,1
514,"It is simple to use, works great with most ebook formats. A nicer interface would get it the final fifth star.",1,0,0,0
515,"Using it for a few years now. Have had FBreader even on an old (non smart)phone, it never crashed. Now syncing it with tablet, still works perfectly.",0,0,0,1
516,"Like others have said and I must agree with them, when they say that they have tried others and come back to this one because its the best. Simple as that. And its frequently updated; so you know that any problems with the app will be fixed in a short matter of time. Keep up the good work. I can't praise you guys and girls enough.",0,0,0,1
517,Was great now not so much,0,0,0,1
518,"Not intuitive. Difficult to change fonts, text size, etc. Couldn't not figure out how to purchase a book. Could only download samples.",1,1,0,0
519,A good reader app for most phones EXCEPT those which do not have a permanent menu button.,0,1,0,0
520,I love this app it is easy to use for someone who is not teach savvy,0,0,0,1
521,Some features like numerically showing remaining pages in chapter and page turn more easily would be appreciated. Also more background and font colour options are welcome.,0,0,1,0
522,You can get any book by downloading it.you need not to buy any book,0,0,0,1
523,Ugly even. But works as intended.,0,0,0,1
524,EDIT: I'd spend money to buy the premium software if I had any way to do that. PREVIOUS REVIEW: This is the best reader out there but I wish I didn't have to update it every two days.,0,0,0,1
525,Can't actually export bookmarks or sync them over gdrive.,0,0,1,0
526,"Cool app, but what should I do to use dictionary?",0,0,0,1
527,Probably The best reader in market.,0,0,0,1
528,Still not able to sync a specific pdf. Cannot understand. Why,0,0,0,1
529,Love reading with it. Nice library navigation. Especially love the night mode.,0,0,0,1
530,Convenient to use. Lightweight. Love it.,0,0,0,1
531,"This is the best book reader I've used. All the features I want, without any of the annoying crap.",0,0,0,1
532,"It causes a lot of annoyance. Just make it an option in the menu and remove it from the default screen. I always go to other page unintentionally and go back to reading mode so i can't reset the page. I'll revert rating to 5 stars once it is addressed. Also, i really want to buy your premium version to thank you but i think the price is too steep for the added features are useless to me. If you can add the function like in ""GrabMyBooks"" app, the i will buy the premium app.",1,0,1,0
533,Everytime i try to open my library saved on my sdcard it freezes. Pure trash,1,0,0,0
534,"By far the best book reader app. Very customizable and ergonomic. Supports pretty much all the open ebook formats. And most importantly, Open Source, which means no ads and no castrated features.",0,0,0,1
535,Hello. I'm using a Note5. There's a split screen icon but it doesn't seem to work. Is it supposed to be that way? All else is good.,1,0,0,0
536,I just love it. The layout works best for me.,0,0,0,1
537,it makes reading books super easy,0,0,0,1
538,"Tried aikido, moon+, others (earlier versions) and for me this works the best as far as easy of use, look n feel, desired functionality.",0,0,0,1
539,I loved the app so easy and cool!!!I never in my life read.i have only finished 2 books in my life.with this app I read more than what I can imagine,0,0,0,1
540,I would give it a 5 if I was able to sync it with a desktop version along with all the highlights. Pretty much a google play books that let's you customize more things.,0,0,1,0
541,for this format its very gud,0,0,0,1
542,Have had this app on all 7 of my android devices. Love it! Never used another ereader and never will. Keep it up devs!!! One suggestion. Why don't you include pinch to zoom? It would be much easier to set the desired text size in this fashion.,0,0,1,0
543,"Love this, have red many free books in this",0,0,0,1
544,My favorite ereader app. Only 4 stars because maximum number of books in Recently Opened will only show 21 books not the 48 which is set. App is updated.,1,0,0,0
545,Need some more option for user. But overall good app,0,0,0,1
546,The current free version won't open books from zip files. Paid version does. No warning about it and I think this is very deceptive and poor practice. I have used the app for years but will probably switch because I don't like authors that try to force you to pay by limiting key functionality,1,0,0,0
547,Best reader I've ever used. Good work Dev,0,0,0,1
548,I only use it to read epub and mobi files and this app does the job beautifully. Simple to use and no gimmicks. Thanks dev(s).,0,0,0,1
549,"spoiled page scrolling! Please, fix. That the only thing I need from this application: fast scroll.",1,0,0,0
550,"Tried this one. First book opened ok. On opening a 2nd one, app frozen on ""waiting ring"". Now is frozen from start. Gonna stick with old good Ai.",1,0,0,0
551,Please add dropbox sync for books and current reading page status.,0,0,1,0
552,"Before the update i liked it but now when i want to find a book, it takes so long. Will return when its better",1,0,0,0
553,Aldiko kept messing with my Bluetooth. This is cool.,0,0,0,1
554,Hands down. Great features. Love the night reading option.,0,0,0,1
555,"Instead of dictionary search result it shows wikipedia results, which is totally worthless. Please fix it.",0,0,1,0
556,"This is probably my most used app, absolutely no complaints.",0,0,0,1
557,One of my favorite apps. ☺,0,0,0,1
558,I read so many bad reviews but I still got it! Listen to me if you want the truth: don't get it,0,0,0,1
559,"Does the job, love it. Recent upgrades fixed the slow loading and the sd card directory problems",0,0,0,1
560,"I have been using this app both free and paid for well over two year and it has been great. The best feature is the TTS plug-in that makes all your e-books audio books as well, great while driving and such. However after this last update I find that the app crashes to a blank screen and must be closed and reopened to use. I also find that the TTS plug-in now skips sentences and will repeat sentences with enough frequency to be very annoying. I hope this will be resolve in the next update. Beyond this bump in the road I still feel this app offers the best options for an ebook reader.",1,0,0,0
561,"This is by far the best app for reading I've ever used. I am a big reader, have tried near every Android app out there for this purpose and not only does this do every other facet of any of those apps better than they do, but it also is the only app which supports the sorting method of just adding files to folders named for each topic ex: "" psychology"" and sorts them directly in an attractive interface. This was my selling point because it allows easy navigation of large libraries (1000 plus documents) as easily as it is for a 10 book library. This is the reason I am buying premium. Thank you for am excellent app",0,0,0,1
562,"Translate: Just super !! I could not read books due to the fact that other applications lagged and poured out. Everything here is very cool: smooth work, can work with ""heavy"" docks, reads a bunch of formats (it's a pity that .docx does not read). In general, I am delighted)
Просто супер!! Не мог читать книги из-за того, что другие приложения лагали и вылитали. Здесь все очень круто: плавность работы, может работать с ""тяжелыми"" док-ми, читает кучу форматов (жалко что .docx не читает). В общем - я в восторге)",0,0,1,0
563,Great e reader and very easy to use,0,0,0,1
564,Good reader but after the latest 2.6.9 update still doesn't allow to download any book to the SD card. Error in the folder creating. It's more than 15gb on SD card...,1,0,0,0
565,Reads everything. Easy to use with customisations.,0,0,0,1
566,Elegant app with a big library of books and support almost all formats,0,0,0,1
567,i love it. just that i cant listen to audio until i get a premium account. plus i cant open pdf's,0,0,0,1
568,this app is so shity it doesnt open pdf!!!,0,0,1,0
569,"Since i started using this reader it comfort me in everything. So, yeah, the best and free. Thanks for this app.",0,0,0,1
570,I really miss just one option- to can check progress by seeing real book pages. This way i can read easily on physical book at home and on my device outside. Otherwise great job,0,0,1,0
571,Bookshelf view as a plugin... eh 😕,0,0,0,1
572,"Not as easy to use as other readers but able to open way more file types, overall I'm very happy with this app.",1,0,0,0
573,"Does exactly what I want. Clean interface, no ads, no intrusive permissions. Play Store needs more apps like FBReader.",0,0,0,1
574,"Works great on the HTC One M9, best ereader app.",0,0,0,1
575,Cool app. Supports many formats to read books.,0,0,0,1
576,"Nexus 7 (2012), added PDF and Djvu plugins. Started Djvu book, first time was OK, next time the app hang on with the black empty screen.",1,0,0,0
577,I really like the app but having bought the premium version it's a shame to discover that if I want it on my new phone I have to purchase it all over again. The FAQs say simply go to the app store and it will be free to download but that's simply not the case and it wants to charge me again. But otherwise this app is excellent!,1,0,0,0
578,"Hi, i just downloaded this and every few minutes while i am reading, the app would bring me back to a previous page and i would have to scroll again to find what page i am at. This is very irritating and it ruins my reading pace. If you can fix this problem then i would rate it 5 stars",1,0,0,0
579,And then you had to go and add ads...😲😓😫😥😛,0,0,0,1
580,Awesome app to read all your ebooks,0,0,0,1
581,I've been using this eBook reader for ages now. It's excelled in every way.,0,0,0,1
582,Best reader esp if vision impaired,0,0,0,1
583,use it for all my books,0,0,0,1
584,"Reads almost any format, configurable, nice!",0,0,0,1
585,just great. i have bought the premium version.,0,0,0,1
586,"Looks nice, but a bit tough to zoom in/out.",1,0,0,0
587,Would be perfect if i could turn the brightness just a little bit lower,0,0,1,0
588,A great book reader that's just great in every way,0,0,0,1
589,Does what I need without useless graphics and bloat. And the syncing and Google Drive integration works awesome.,0,0,0,1
590,"Very easy to use reader. Needs a couple of tweaks to earn 5 stars. First add bookmarks. Other readers have them why don't you? Second editing book info needs to be able to access ""series"" and "" number in series"" fields. You gave the ability to lookup by series, but several of the books I have downloaded have a missing or misspelled series names.",1,0,1,0
591,One of the best apps out there if you're a digital bookworm not concerned about screen size. It's lite and reliable. Plenty of public domain books are available. Don't compare it with kindle!,0,0,0,1
592,"Now I can even use it to read my Kindle books which I usually transfer manually to memory card in order to clear space on the device. Though i'm not sure why certain kindle format can't be read, at the moment this is good enough. Hope the Dev can expand support. Update 24 Sep. 2014 : Thanks to prompt response from Nikolay. After emailing, he pointed out that only kindle books which are DRM-protected cannot be read.",0,0,0,1
593,Very nice app. Using it for last 4 years on different phones.,0,0,0,1
594,"Makes reading on Android a pleasure, very well sorted app",0,0,0,1
595,Excellent app. One reader for all of my books!,0,0,0,1
596,"The recent change to screen brightness results in a much (66%) darker screen. This is nice for nighttime reading, but a much higher screen brightness level is required (when comparing to version 2.5.5) for reading in any condition other that complete dark. Thus battery life is significantly affected. Please revert this change.",1,0,0,0
597,Been using this app for a year or so and its super stable and super reliable. Great work guys!,0,0,0,1
598,I haven't found any books yet but want to,0,0,0,1
599,I've tried others & keep coming back to FB Reader.,0,0,0,1
600,"After trying a number of different reader apps, I went with fbreader. It offers a good amount of customization, without making things overly complex for a new user. I also like the fact that it supports plugins for added functionality. All in all, a very good app.",0,0,0,1
601,"Was working great on Motorola backflip until last update. Now most emails come in with ""no subject"" in subject line and no text--have to force download of each message's content. Also can't get get rid of error message of ""sync disabled"" and unable to send messages. Please fix or will be uninstalling program soon!",1,0,0,0
602,Every 30 seconds it gives me an error message saying that K9mail has stopped. Even when it's not open. Makes the phone basically unusable. Uninstalling.,1,0,1,0
603,"This app is great except for one , rather major glitch. I'm always unable to view attachments and even download it. The stock mail app does it fine. Most probably switching back.",1,0,0,0
604,"Fairly responsive to new emails in terms of the notification. Yet, I can't understand why an advanced email client like this doesn't show email chains in the same thread like Gmail. Please update and include this feature.",0,0,1,0
605,"Love this app, BUT the past couple of weeks can't send emails. I can receive but not send. Maybe I need to reinstall... But I don't look forward to that! 10-26, still having problems sending or forwarding email... I may have to switch apps :-(, I used to love this app... Seems to be getting worse everyday!",1,0,1,0
606,Solid stable email client I've been using for years. Highly recommended.,0,0,0,1
607,Tried all options to set up hotmail/outlook but does not work. I can get my Hotmail on other email apps on android just not this one...,0,0,0,1
608,How does this not have a search function? And sometimes I lose emails for no reason. Epic 4G Touch.,0,0,1,0
609,I think it's bizarre and somewhat pathetic that I can't print an email from this app! Ridiculous! ONE STAR!!!,0,0,1,0
610,IMAP IDLE (Push) does not seem to work in current version,1,0,0,0
611,The newest release force closes every couple minutes when reading messages.,1,0,0,0
612,It has everything I need. Simple interface. Easy set up of mails. And never gave any trouble. Have been using it for almost a year now. THL 5000 and OnePlus 3T.,0,0,0,1
613,"For those having issues with Yahoo... Yahoo has recently upgraded their servers and you must use ssl authentication now. Change it in your settings and all will be well. This was a Yahoo issue, not a K9 issue. I wish K9 would update the icon and slight tweaks to the interface would make it a 5 star app.",0,0,1,0
614,Crashes constantly. I also don't understand why i cannot move emails in trash (deleted in error) back into my inbox! Its just not possible and should be! In the trash can they cannot be fully loaded or replied to.,1,0,1,0
615,"This is a very good app, the only downside there is not widget like the pre installed email app on the phone or like gmail. Plz update this in the next update. Thank u. Nexus 4 JB 4.2.2",0,0,1,0
616,Replaced my blackberry and started using it.... never ever missed blackberry again !,0,0,0,1
617,I love this app so much. It has been quite the blessing. I just hope that they bring back the long press permanent delete since I rarely go online to check my email and I hate that it builds up. Ty,0,0,1,0
618,"UPDATE: It's been my favorite mail client for years, it usually just works once you've set up everything. Perfect for IMAP. Though, with Android 6 you have to manually exclude K-9 from battery optimization, else it will stop receiving new mails. However: Ever since a recent major update, they changed parts of the GUI. In message view, attachments are now displayed at the very bottom. You have to scroll aaaaaaall the way down to even notice attachments. So easy to overlook, and to accidentally delete a billing mail because the first few lines looked like every other spam email. What were they thinking?? Give us an option to switch this back!",1,0,1,0
619,"If you could zoom out to 100% to see full sized images that would make this great. Also, why do I need to know ahead of time if an email is larger than my allowed amount? Use the shaded email feature for something more useful, like read/unread emails, so it would be easily visable, unlike the little tiny bars which vary slightly in color. And finally, add swipe down to refresh and download emails please.",1,0,1,0
620,Does everything need in a mail client. It is also light weight without the bloat. Showing how a mail app doesn't need to be 10s of MBs to do the job.,0,0,0,1
621,I've always been a big fan of this email program but after last update I've been getting a lot of force closes. Galaxy Note 2. These force closes are starting to occur more frequently.,1,0,0,0
622,Great app albeit with occasional issues with some updates but they are quick to respond to reported issues.,0,0,0,1
623,I love this app especially the ability to mark all as read. I also love the redesign. It is going to take some getting used to but the changes are very intuitive.,0,0,0,1
624,"Been using for about 18 months, I use no other mail app than this. FYI: The logo is from the original British series ""Dr. Who"" ...SO PLEASE stop trashing the logo, it's sacred! Lol",0,0,0,1
625,Love the improvements that loaded today. Makes it really easy to use. I give it 5 stars. Happy Canada Day!,0,0,0,1
626,"S6 with Android 7 update, can no longer auto sync...",1,0,0,0
627,"I really like this app, but I've become so accustomed to conversation views. Conversation views are very helpful if we need to be able to see previous messages related to same subject. Without conversation view I can not keep this app installed - I will wait for the update.",0,0,1,0
628,Please consider putting the ability to select on the other side of the message. can not multiselect without accidentally opening the message first - otherwise very good app!!,0,0,1,0
629,"This app was awesome easy to use, reliable, etc until recently. Now it wont delete emails on the server, all the settings are set to delete from the server, the app just refuses to delete. Maybe its the device or a new rule with the cell provider - - so I'll give it 3 stars -- it used to be 5 stars",1,0,0,0
630,The app crashes at least three times a day everyday. Will have to uninstall.,1,0,0,0
631,"No matter what settings I tried under the Exchange option, I could not get it to work with my universities Microsoft Live account. Just wasn't interested. IOExceptions, and what not... Shame, because that all works directly with the standard email clients. :(",0,0,1,0
632,I could not get my GMail account to work with this.,0,0,1,0
633,"I was very disappointed of android mostly due to email pushup and email client. With k9, i guess i have to say that works fine and i can use my pro email and throw away my old bberry.",0,0,0,1
634,"Since the last update not working well anymore. Thinking about uninstalling it ans using a now app. Would be a shame I loved the app so much...Using it for years, but now ita responding very slowly ans crashing frequently :(",1,0,0,0
635,So much better than the standard android one. Just installed the latest (free) version and haven't found any issues yet. My only gripe is the limited attachment feature. You can only add from Gallery or Music. Why not add a browse button so I can find a PDF or something? The workaround is to be viewing the item then share with K9 but that's no good if I'm already eolying to a mail!,0,0,1,0
636,If you need reliable and functional email client this is the one,0,0,0,1
637,"Was the best email app I know for Android, and I've used a few. But since v5.xx it goes worse and worse every time. Latest 5.02 version broke email viewing. Plus zooming. Absurd how it's even tested. Being free doesn't mean of low quality, but lately K9 email means exactly that.",1,0,0,0
638,Lots of features. Only con for me is on the note2 I hit the trash often when trying to hit home button.,1,0,0,0
639,"It just works. I've been using K9 for over a year with three email accounts. It's never crashed, and it's always worked. I like it better than my laptop email program.",0,0,0,1
640,Kept saying my password was incorrect even though I signed into other email apps with no problems,1,0,0,0
641,Better than Gmail app! I use it with my own domain name...set up in a couple minutes (vs. the huge frustration of trying to get it to work in Gmail). App is faster and better than Gmail. My only complaint is.... why isn't there a version to install on my PC so I can abandon Google altogether?,0,0,1,0
642,New messages stop showing up after less than a day of normal use. Same thing happens on 2 different IMAP accounts.,1,0,0,0
643,Theres a sync delay. Messages are coming 1-2 hrs later. Fix problem plz,1,0,0,0
644,Especially I love it because of Select All,0,0,0,1
645,I changed from maildroidpro . This app is really good.attachments download fine for me. The interface is clear and clean . All in all a great app.,0,0,0,1
646,"Been using K9 for years. Lately it seems the app will poll endlessly in Air Plane mode. You would think the app would see there is no connection. The app shows syncing disabled, but in the notification area it keeps trying to sync. I have to kill the app or reboot when this happens.",1,0,0,0
647,Who on earth give an app 2 stars because of an icon change? Great app of you have multiple mailboxes and want your mail client running locally.,0,0,0,1
648,"nice for reading, useless for sending. also, adds stupid signature without asking",0,0,1,0
649,I have multiple accounts and this is the only app that can properly handle it...and its free!!!,0,0,0,1
650,Does not sync properly on Android Oreo,1,0,0,0
651,"Hands down the best email app I have used. Full control, stable, efficient and does NOT kill my battery.",0,0,0,1
652,Fantastic! However should be custom gesture support. I want to be able to swipe in the same direction as the native Gmail client to view newer emails (ICS). Beat native email program until ICS.,0,0,1,0
653,"Please remove those stupid looking colors like gmail.. That's the whole reason I ""used"" to like K9..",1,0,0,0
654,I couldn't hook up my school mail account to my phone for the longest time and this is the app that allowed me to do that! Love it. Super easy to use and navigate.. couldn't be happier.,0,0,0,1
655,Used this app for years and Removed K9 Mail and using Blue mail now. K9 does not work well with gmail I will send email and the sending notification with stay most of the day and then I have to go back and force a sync to work.,0,1,1,0
656,"I use to never have a problem with this app, but recently it stops working for no reason. Now I have to uninstall and reinstall every few weeks. Other than that I do like this app, but its a headache so looking for something else comparable.",1,0,1,0
657,Nothing special but works. Lots of options.,0,0,0,1
658,"k-9 mail cant sync with my exchange email, keep noticed me cannot connect to server when i tried to sync. but i can sync if i use a stock email in my galaxy note.",1,1,0,0
659,Love the new mark read feature,0,0,0,1
660,"I love this app, great job.",0,0,0,1
661,"However, I wish there was more customization available other than dark or white. At least a few font color choices.",0,0,1,0
662,On the sIII the program does not forward or send properly. No problem receiving though. Also it says attachments are corrupt and cant open or save them. No problem when using samsungs preinstalled email client.,1,0,0,0
663,A great combination of features. Batch options are nice. Would love a widget.,0,0,1,0
664,Awesome program. For those with battery issues change the poll time to an hour or more.,0,0,0,1
665,"Pretty basic app, used it for quite a while. Fine when it works but too many issues. Syncing is unreliable. Emails occasionally just disappear, nowhere to be found, after working on them for lengthy periods. The forum to address issues is also the worst in my experience, no search function to search for solutions. Looking for a replacement mail app.",1,0,1,0
666,Why does K9 mail enable all its autostart entries by itself?😈 It's very annoying issue. I think I should be uninstall it.,1,0,0,0
667,"It is astounding but probably not for everyone. If you want to learn how to use it and set it up, then you get an really powerful email client. The level of possible customization is amazing. And K9 allows you to use the pgp cryptography as well (sign and crypt emails).",0,0,0,1
668,I am not inpressed. I cant find anywhere within the app to enable sinking. It wont collect my emails properly either,1,0,0,0
669,Supports proper Imap folders. Would like to see date cats in mail lists though. And please take an example of the default mail app's email view. :-),0,0,1,0
670,"After months of using it just stop working, thank you for services :(",1,0,0,0
671,"I wanted a mail client that would allow me to store all of my email on the external SD card as the internal memory on the Desire is very poor. After reading around, this (K-9) was the client that received the best reviews AND would allow storage onto the SD card, so I downloaded it. I was very happy with it, but recently my battery life has been less than 24 hours compared to my usual 48+. After checking with some apps, I found the culprit to be K-9. Checked my data and in just 1 day, close to 300MB had been used (only have a 1GB limit). Downloaded ONAVO COUNT and saw K-9 eating huge amounts of data, so, now I've had to disable email download to save battery & data. The problem seems to be the Gmail account, and there are loads of people with the same problem. Now I need to find another client. Shame as I actually liked K-9, but because of data & battery problems, only 2* (HTC Desire 2.2.2 rooted).",1,0,0,0
672,"This is a _really_ good app, I love it. Open source, practical, stable and loads super fast, even on very old devices. What more could you ask for!?",0,0,0,1
673,its shows syncing disabled. i am unable to find to activate the same . i have check manual for new mail. please suggest. rest are working fine.,1,0,0,0
674,"As far as notification, works flawlessly. I love K9 Mail. You will too.",0,0,0,1
675,Lightweight powerful plenty of options. I just wish under ICS it had one of those vertical bar looking options buttons in the upper right. We have a tablet that we cannot use k9 with for lack of a menu button.,1,1,0,0
676,"Sync is disabled with no way to enable it, so notifications don't work. Pretty useless that way!",1,0,0,0
677,Why is it so slow now...,1,0,0,0
678,After some update the app crashes on some specific access to the contacts which is really really really annoying when you have written a long mail and you loose all of it even in the draft. If the problem isn't fixed I am changing app forever,1,0,1,0
679,"Works great does what others can't, needs a little work on the appearance",1,0,0,0
680,Your logo is like a turd on my homescreen.,0,0,0,1
681,Great email app but acts weird with my aol email account.,0,1,0,0
682,A great app that has a unified inbox but sorely lacks conversation view.,0,0,1,0
683,The best mail client thats out there,0,0,0,1
684,Working like a charm until recently updated. Now appears to cause massive battery drain. Fully charged s2 phone dead in 4 hours. Remove app and it stops happening. Add it back and in a week it's doing it again...,1,0,0,0
685,I can't move email from trash to inbox.,0,0,1,0
686,WHAT HAS HAPPENED TO THE WIDGET ICONS? THEY'RE HORRIBLE. PLEASE ALLOW US TO HAVE THE OLD ONE AS A CHOICE. IT'S WHAT DREW ME TO THE APP. THE APP IS EXCELLENT BUT I WILL HAVE TO GO ELSEWHERE IF I'M FORCED TO LOOK AT THE NEW UGLY ICON HUNDREDS OF TIMES A DAY.,1,0,0,0
687,But a send button and settings for notifications other than quiet time would be appreciated...,0,0,1,0
688,"After trying several different email applications, K9mail works quite well with my work Outlook email. I wish there was a spam filter. Spam, that is automatically excluded from my inbox on the computer, fills up my inbox on the app. Add a spam filter and it gets 5 stars.",0,0,1,0
689,K9 is not able to display my mail folders while on pop3? :( i can only see mail from the default folder.,0,0,1,0
690,Should have rated this earlier. This is the best app to check your imap email. Supports imap push.,0,0,0,1
691,"Translate: The only thing that has been missing (for years), and is probably no longer implemented according to the relevant issue, are HTML signatures.
Das einzige, was (schon seit Jahren) fehlt, und wohl auch gemäß des entsprechenden Issues nicht mehr eingebaut wird, sind HTML Signaturen.",0,0,1,0
692,"Difficult to optimize but once correctly done, it is better then MailDrood and the standard mai",1,0,0,0
693,"You can keep the email on your phone , delete or move without affecting the emails in the server",0,0,0,1
694,Dont download if you have V10. I loved this app but since the upgrade it crashes dozens of times daily. I can't get a single response from the developers. This used to be a 5 star app.,1,1,0,0
695,Brilliant app ... One & only one fault in my eyes ... Allow blocking of senders & sender domains ... I could set up my own dodgy pharmacy with what I get offered on a daily basis ...,0,0,1,0
696,I love it just because it's open source and being actively developed. Didn't face even a single bug. GREAT JOB!!!!,0,0,0,1
697,"This WAS the best mail app out there...but the recent update destroyed what had been the best mail app UI ever. I had recommended it to many, and no one's been disappointed, but I think they would be now. Making the app better through the update is great, but they wrecked a great UI. I can no longer recommend this app until they loss this new, lousy UI.",1,0,0,0
698,"Good app, miles better than the one that came on my phone... .Htc desire hd.",0,0,0,1
699,after update go to each account then menu>folder list menu>folders and select refresh folders. everything's back to normal.,0,0,0,1
700,Works well on nexus 4 however it refuses to open pdfs which open without issue in the stock email app.,0,0,1,0
701,"Took me a year to finish, but loved it the whole time.",0,0,0,1
702,"Very well done, better than many paid games. Only thing it needs is more content. Great controls, great gameplay, just...awesome.",0,0,0,1
703,"Awful you can't play a game, if you can't get past level 3 !?! Needs to be easier then it would be a great game. Good concept",0,0,1,0
704,"Awesome crawler for mobile. It's been great to watch this game evolve through the last year or so. Very fun, addicting rpg. Maybe add some incentive to play more, like points towards new characters, weapons, or skills after each death.",0,0,1,0
705,"This is a great idea for a game, and they certaintly made it so. The problem is that it's just nkt balanced enough.. wraiths on level 1,2 and 3? Impossible.. ruins the fun.",1,0,0,0
706,This is just what I was looking for but I got a problem. My phone crashed and now when I press new game a message pops up saying error something when wrong... Idk what happen please help I love this game!,1,0,0,0
707,love playing this amazing games wish in could get to level 19 lol but can't it is cool you kill rats you also can do missions buy things from the shop recommending this app give 5 stars to share love and support and if you love this app😉😉😉😉😉😉😉😉,0,0,0,1
708,The fast pace and different characters make this one a great commute or in class boredom time killer or just a plain fun grind. Also extremely versatile gameplay styles.,0,0,0,1
709,Extremely addicting and challenging game. Very unfortunate that it is not being updated anymore.,0,0,0,1
710,By far the best and most addictive game I've played on Android. Brutally difficult and unforgiving.,0,0,0,1
711,This is the only game that has been able to get me to put down Pokemon. Easy controls but still the best crawler ive ever played. Its amazing that there are no ads and not freemium either. Keep this public service up,0,0,0,1
712,I've never seen a better game. this is my first Rouge-like game and WOW its good!!,0,0,0,1
713,"Never ending different every time very hard but fun years of replay value, the dev is on tap and will talk to you this game is still supported and monitored this is the original platform that every one else has taken from.",0,0,0,1
714,Its good but a bit too hard to play I die a lot,0,0,0,1
715,"Just updated the game and tried to play it. I can't play it. It won't even open. Instead I get a message saying ""Unfortunately Pixel Dungeon has stopped responding.""",1,0,0,0
716,I thought I would never see a free game on Google play that doesn't contain ads! This game is super hard and it will require a lot of trial and error. Truly an amazing roguelike with nice pixel graphics! I regret not giving this 5 stars when I downloaded it years ago. If you love hard dungeon crawler game's then this is definitely worth your time!,0,0,0,1
717,Wicked fun game! I love how it's different each time I play it. Great job!,0,0,0,1
718,Great game! Steady updates and my favorite game on my phone.!,0,0,0,1
719,"This game is impossible to play on phones. Even on my relatively large S3 it's hard. There's no virtual joystick to move, no attack button. You move by tapping on a spot, and you attack by tapping on an enemy. But when spots and enemies are less than 1cm, it reminds me of the Simpsons' ""We're sorry, your fingers are too fat to play. Please mash the screen with your palm to continue"". It's too bad, this game looks really fun. And there's a ton of wasted screen space (even with ""Scale UI set to ON""), so it's not like there isn't any room for a virtual joystick or an attack button ala Quadropus.",1,0,0,0
720,"In the realm of Roguelikes, this one is really worth playing. If you're I'm the market for a Roguelike, try this one, you won't regret it.",0,0,0,1
721,Simple to play. Loads of enjoyment for retro gamers.,0,0,0,1
722,Died from posion on level 13. Level 14 warrior. Strength 15. Health 85. Gold collected 4257. Mobs killed 159. Max depth 14. A good tip is to upgrade your armor as much as you can.,0,0,0,1
723,"I died right before the final boss, floor 24 :'( (its amazing!). What was awesome tho was that I got to glaives buy the time I was on floor 2, but then the goo got me lol. Although it is awesome when the ghost gives you a plus 3 glaive I was like yesh but the goo got me cause didn't have any good usable item's :'(",0,0,0,1
724,"Beautifully designed and executed top to bottom, just what I was looking for in a cell phone game",0,0,0,1
725,The absolutely best Rougelike I've played,0,0,0,1
726,"I played this game since it first came out with only one class, the rogue, which wasn't even a class back then. Decided to rate and review after a long time as this is one the first games I picked on my phone and kept for well over a year. The updates are amazing every time, countless additions of features. It will keep you going, frustrated, and you'll keep coming back to it.",0,0,0,1
727,Accept that dying is all part of the game and you will love it!,0,0,0,1
728,I been.playing this for a 386 times I super love it just dont gave up guys enjoy!!,0,0,0,1
729,A good game but disappointingly only one half-naked female character option. Would not recommend.,1,0,0,0
730,I'd like to know what the glyphs do. And it would be really nice to have a co-op mode,0,0,1,0
731,We can provide immediate assistance for you to get in touch with your desired results of this message.,0,0,0,1
732,"Fantastic game, updates are well thought out and improve gameplay. The steep learning curve makes it challenging, but not off-putting.",0,0,0,1
733,"I love it, has good difficulty, that classic and severe learning curve... Retro...",0,0,0,1
734,This game is fun. However it has its problems: the character gets hungry to fast and food is often sparse,0,0,0,1
735,"Excellent and difficult game made by dedicated individual, regular updates, brilliant.",0,0,0,1
736,Fun & addictive. Never the same game twice!,0,0,0,1
737,"Game offered many hours of in depth play. Keep at it, it only gets easier and more fun. Love it",0,0,0,1
738,"This is a great great game to just pick up and play. You die many times before you get to the first boss. The games are completely random, one you might only get a dagger and the next you get a +1 war hammer. Overall great game",0,0,0,1
739,"Addicting but exhausting. Everytime you die, your items reset. Scrolls and potions are randomized and you have to waste time trying to find out out which item does what every time you die. I've been stuck on the same level for weeks, having to restart multiple times and there is no save button. Very fun but a large time waster.",1,0,0,0
740,"This is the best roguelike I've played on Android. Streamlined, addictive, simple and impossible all at the same time. On top of that it is always being improved! Excellent.",0,0,0,1
741,"Don't get too attached to your character, it's going to die. Very challenging randomly generated levels. Go as deep as you can before something kills you or you starve. Then do it all over again. There's plenty of variety to keep you interested. Lots of randomized and unidentified loot to find. Potions are especially fun/dangerous. Get this one! You won't be sorry.",0,0,0,1
742,This fun little game wont restart after you die i ushaly half to restart the whole program. Self upgrading chusing between stranth or life or other in an upgrade would be usfull and being able to save would help me from having a game get lost from a phone crash,0,0,0,1
743,Every time i mean to play this game only one or two times i end up playing for hours. Fun and challenging. Good s#!t...,0,0,0,1
744,"This isn't the type of game for everyone. The learning curve is steep and even then, you can die just because of a small mistake or you just got really unlucky with the item drops. Not to say you won't have fun trying to survive. Just realize, this game appeals directly to those who would mix together 3 monotone puzzles without and solve them: it's tough",0,0,0,1
745,Please make it so that you always have it after you defeat the Dwarf King like the Tome of mastery,0,0,0,1
746,Hard to explain why I love this game so much. I love the whole d&d aspect. And the fear of dying makes survival all the more exciting. Was happy to donate...hoping for more additions and improvements!,0,0,0,1
747,"Very addicting. Update* I've won the game on all but one class (mage). Of course, as with rogue games, lots of dying is expected. 95%, I die before Tengu, due to unfortunate drops, lack of heals, cursed items, etc. Overall it's very fun! Thank you for the great game! I love seeing what you've added, every update, the game just gets better and better! I love the design, and feel like you're really in tune with what improvements make the game more exciting. Well done!",0,0,0,1
748,"Wow, well done with this. Played it for months and months.",0,0,0,1
749,I haven't put this much time in a mobile game in a while. Super fun but challenging,0,0,0,1
750,I like teraria so I like this game too these games are similar,0,0,0,1
751,Every time I get anywhere half decent I stumble on one of these little swines and they OP me in seconds! Running away isn't an option either.,0,0,0,1
752,Really really good game!!! No problems or anything!!!!,0,0,0,1
753,How do you get the dark gold??,0,0,0,1
754,Runs great on my nexus 5,0,0,0,1
755,"As said before, great game. Frustrating, challenging and interesting all at the same time. That said, the latest update had ruined it for me. I've only beaten the game once in about a hundred tries and now with degrading weapons I don't see how it's possible to do so again. You honestly need +5 weapons/armor to survive the last 5 levels.",1,0,0,0
756,Love this game! Good retro fun! It's maddeningly frustrating because you die a lot but I keep coming back for more punishment! Had to donate! Good work!,0,0,0,1
757,Its hard but if you are Lucky you can get far,0,0,0,1
758,Nothing better than trying to kill a big slime thing,0,0,0,1
759,"A lovely little game that provides a nice escape from reality, be it for periods long or short.",0,0,0,1
760,"The art is clean, informative, and uniform in style. The interface is intuitive and nonobtrusive. The gameplay is what you would expect from a rogue like; a challenging experience with variety and replayability. Some people may find the permadeath concept frustrating at first, but i think it works really well, especially on a mobile game. I think it the characters feel a little too similar in playstyle, but otherwise this game is very complete, rather bug free, and a very good game overall.",0,0,0,1
761,One of the best games I have played on android,0,0,0,1
762,"A really awesome game, loved it!",0,0,0,1
763,"This game has almost become an obsession. Ok, it has become one. Saddest moment? My awesome fighter being destroyed by mad dwarf king and his skeletons because of the stupid affection glyph on my plate armor....very sad... very very very very sad.",0,0,0,1
764,"Here's what happened, a thief stole my Lloyd's Beacon, promptly fell down a chasm, and disappeared. Yes, i jumped down. Since you cant sell this item, and it's not affected by the Ankh's effect, why the hell can Thieves take it and the Dew Vial?",0,0,0,1
765,Game is fun but way too difficult to advance to and past 1st boss.,0,0,0,1
766,"I love this game it can be crazy frustrating but I always play agian, it is well made and very fun it's a really awesome and addicting game if I were you I would stop considering and just download it.",0,0,0,1
767,Fairly difficult even for a dungy crawler.,0,0,0,1
768,"Lots of simple fun. I've had this game for so long now, and I just keep coming back to it. My only complaint is related to the night time difficulty. I work graveyard, so its almost always extra hard. It would be nice if that feature could be turned off.",0,0,1,0
769,"Best game, hands down. Haven't even been able to beat it. Extremely entertaining.",0,0,0,1
770,This game is really fun! I would of 5/5 * but when you die... you have to restart the whole game. I die on the first floor lol.,0,0,0,1
771,Atleast make a save slot or if died must be automatically respawn on the 1st level and the items drop maybe on same level where the character died or maybe 3-5 levels up. If don't have slot like before this game is now useless and i liked it before.,1,0,1,0
772,"This game is pretty radical, digging it so far & free!",0,0,0,1
773,One of the best rogue like games I've played on mobile. It rivals even some on PC. Random level generation keeps the excitement going. Absolutely free!,0,0,0,1
774,Thanks for making such a great game. Keeping it updated. With no ads. Best game around,0,0,0,1
775,Its easily the best rogue like game for android I have encountered. Very challenging even after you get the hang of it. Definitely worth donating to.,0,0,0,1
776,"My go-to game. If you own an android you should have this game. This is the best roguelike on the market. Your search is over. Regular updates from a responsive developer. A game made for love of the game, not money.",0,0,0,1
777,"Port it to the Switch, sell it at 0.99, make money.",0,0,0,1
778,"However, I agree with Johnny Appleseed; it really depends on luck and drops, and you can't go anywhere in the game if you are unlucky.",0,0,0,1
779,"This game is a brilliant master piece, and deserves all 5 stars. However there is a very steep learning curve to it. Get past that and you will have the next best game on your phone.",0,0,0,1
780,"Recently I have been encountering floors without keys to locked doors. I have used scrolls of magic mapping to ensure that I search every room, and still nothing.",0,0,0,1
781,This game is amazing. I only have 1 game on my phone that I've not programmed and built myself and this is it. Download it and play it... It is extremely addictive and extremely hard but very rewarding; a really great old school dungeon crawler polished like demon or dark souls and continually updated.,0,0,0,1
782,"I have followed this game for over a year now, and its improvements are amazing! I definitely recommend it if you want a game you can't get enough of.",0,0,0,1
783,This holds true to the rogue like genre. It will reward you for playing risky or destroy you on the first floor. If you love the challenge of a classic rogue like you will love this.,0,0,0,1
784,Such a spectacular title. Really goes straight into the Android hall of fame. Just a classic for lovers of rouges or rpgs in general,0,0,0,1
785,"Not only do you HAVE to feed your character, they die easily anyway. That's if you try to run away to, which most of the time is too late for you. Plus there is no continue option. If I wanted to play a hard 80's game, I would have.",0,0,0,1
786,"Great roguelike, everything you want from the genre and nothing superfluous. But man, this game is hard. I've played ADOM, Crawl, I.V.A.N. and other life wasting stuff, but 35 games down and I still cannot beat even the first boss. Maybe I'm just loosing my mojo?",0,0,0,1
787,It's a great rogue RPG game. It's portable and fun but hard. I enjoyed it for a long time and I still like so 5 out of 5👍,0,0,0,1
788,"The thought I could quit after beating it, but I was wrong",0,0,0,1
789,"This game is awesome, I like how hard it is and how no matter how much you play you can still die before the first boss. LOVE IT!!!",0,0,0,1
790,"Really hard, but also really fun.",0,0,0,1
791,"Very fun game.. I suggest for an option to make easy, normal, then hard difficulties. Because it is hard enough to beat the 1st boss",0,0,1,0
792,"At first Pixel Dungeon looks like a more modern version of dungeon cralwers of the past, but it suffers just like a large amount of them did from random combat, unintuitive game mechanics(potion making comes to mind), and lots of instant death frustration. There's little thrill in finding new items since even equipping unidentified equipment still leaves it unidentified! Also there isn't a hungry meter I can see? Pixel Dungeon exibits some of the least fun dungeon cralwing mechanics in recent memory.",1,0,0,0
793,I've put far to many hours into this game and have never one beaten it all the way and honestly I love the game for that. However I'm not a fan of the durability update. Since then I went from consistently making it to the third level to hardly ever making it past the second. I wouldn't recommend it anymore.,0,0,1,0
794,Just like a good dungeon crawler should be.,0,0,0,1
795,This game offers deep strategy derived from simple mechanics and has infinite replayability. A must-have for die-hard RPG fans and rogue-like lovers.,0,0,0,1
796,"But I've played it a zillion times. I know what all the potions do, and I unlocked the hunter on my old tab. Great game",0,0,0,1
797,"This is a really good game....but it would help if u put better loot before bosses....it would also help if u put the monsters after the 3rd boss with less health, almost immediately after I defeated dm-300 I died from suns and warlocks",0,0,1,0
798,"This game is pretty fun and entertaining. It'd be much more enjoyable if when you died the entire game was over. Also maybe add in a multiplayer? Like two people can play together via internet connection and when a player does the other one can revive them if they reach the next level of the dungeon. If you make this happen please put in a no item steal. For example if you find food in a room and you're partner takes it, it's still there for you.",0,0,1,0
799,"I love this game but the only thing I disagree with is the degrading of equipment, other than that it's fine",0,0,0,1
800,147 Attempts and still cannot get pass the Goo. Otherwise great game,0,0,0,1
801,"Firefox on an Android tablet makes websites oversized and difficult to navigate. Because about:config has been removed and is now only accessible in the beta and nightly releases, there's no way I can adjust the scaling myself. Font adjustment in the settings does not change other elements of websites and it makes for a very uncomfortable browsing experience.",1,0,0,0
802,"Rediculous upgrade. I had switched from Chrome to Firefox but the upgrade ruined it. Go get the APK of the previous version online. I'm back to the previous one. SO MUCH BETTER! And btw, PDFs won't open. You all ruined a good browser.",1,0,0,0
803,"Yeah, it's alright. Crash's a lot when I have multiple tabs open. The firefox team is definitely trying to listen to their users and implementing changes every update. Definitely still miss the older version but it is what it is. btw can I get a swag bag of merch? that'd be cool.",1,0,0,0
804,Dogs Poppy and Hi Hello Just doing what everyone else is doing. Fixing my blocked posts. I wondered where everybody had been! This is good to know. It's ridiculous to have 503 friends and only 25 are allowed to see posts. I ignored this post earlier because I didn’t think it worked. It WORKS!! I have a whole new news feed. I’m seeing posts from people I haven’t seen in years. Here’s how to bypass the system FB now has in place that limits posts on your news feed. Their new algorithm chooses t,0,0,0,1
805,I love that this makes facebook so much better by removing all the sponsored ads.,0,0,0,1
806,Sometimes it feels like Mozilla doesn't get enough credit for their work. Thank you for giving us a private alternative to other browsers! This app works great.,1,0,0,0
807,No image blocking to save mobile data.,1,0,0,0
808,The best general browser for anyone that wants to have some control over ther own browser setup.,0,0,0,1
809,"tried once more... Still deserves a 1 star review. Behaves like a needy child that needs constant confirmation. horrible, horrible piece of software. home page desperately needs to get rid of private browsing thing that keeps stalking you and telling how it works. after 10000 times one gets the message. you can't find it in settings. this is utter madness! at least some of the addons found their way back so it's a bit workable but 20 sliders for unneccesary notifications? really? rethink this",1,0,0,0
810,"Good app works well. One annoying thing: when closing tabs, the ""Tab Closed"" notification box pops up over the new lowest tab so it's a bit annoying to close multiple lowest tabs in succession. I guess my ever growing list of tabs will continue growing forever.",1,0,1,0
811,"""Information not provided by developer""! This is a grave mistake by a beacon of privacy and a cyber security knight! Never do this again, please. Thank you. And now, you can't save pages! Whom in charge of checked-in 'improvements'?!",1,0,0,0
812,I've always enjoyed anything of Mozilla Firefox because they do what they say they'll do. Known about Firefox since the 90s and still growing strong.,0,0,0,1
813,I have used Firefox as my browser for my computer for many years. Now l am excited to use it on my phone.,0,0,0,1
814,it used to be good. it's gotten horribly. unusably laggy lately. 10-15 seconds between a command and an action sometimes,1,0,0,0
815,Long clicking location names isn't showing a link with maps and a customer for the menu like add a favorites list on bottom or top that shows downloads or back forth etc basically quick actions ?,1,0,1,0
816,"Firefox is totally the best browser out there for privacy, performance and UX! Just getting into using pocket - any chance of a direct add to pocket button in Firefox on Android? Collections seems to be asking to be swapped out to pocket. Hitting share and then finding pocket is a little dull. Still 5 stars though - keep being ace Mozilla!",1,0,0,0
817,"Such slow load times for any web page, and really glitchty behaviour on heavier sites (randomly scrolls back to the top of the page while I'm browsing, randomly zooms around the page while I'm typing in text fields, etc.) App menus are also too complicated with too many ways to access the same settings (add-ons are especially confusing to manage). I think I'm switching back to Chrome.",1,0,1,0
818,Worse with every update. Last 2 cause it to crash. Still doesnt support changing user-agent.,1,0,0,0
819,Lots of crashes with less than 10 tabs open and no printing to pdf means Chrome is now the only mobile browser that fits my needs.,1,0,1,0
820,The inability to use own certificates is a joke worth the early 90s. Either start using global system certificates or add easy way to import own certificate.,0,0,1,0
821,"Update: most of the problems were resolved. Kudos. Still don't like new layout :) Old review:Looks like new look is an epic fail guys. why new look broke pages loadding process? Almost none of the pages loads from first time for me, i have to close it and type again, and sometimes again :(",1,0,0,0
822,The new update looks good but is absolutely unusable compared to the previous one. How can I access bookmarks quickly from home???? How can I access history quickly from home???? There is still no support for some of the addons I rely on to reduce bloat such as tracker url cleaners. I also cannot download files anymore what gives??,1,0,0,0
823,"Best Secure Browser Andr💙id , Window & Others... I love it This Browser..... 🧡🤍💚",0,0,0,1
824,"The only thing that i would complain is this browser is not as fast and smooth as Chrome, it's kinda laging a bit and back and foward to website still has to load even when i have already visiting that web before. But for protection and no ads experience, i still like firefox more. And could you add proxy thingy feature so i can add cloudflare dns to firefox",1,0,1,0
825,"Best browser for your privacy. Use it all the time on both desktop and mobile device. Best feature is that it doesn't automatically play videos on news sites which gives you the option to watch when you want to. It also doesn't allow ads to pop in and out which makes the text you're trying to read move up and down. Overall all other browsers should strive to be like Firefox, because it's got everything anyone could need right now.",1,0,0,0
826,I love this app for privacy protection but I face a common bug in desktop view which is it not automaticly zoom out . I do it manually that suck user experience . Overall very good browser but please fix desktop no zoomout bug.,1,0,0,0
827,I am getting lots of trouble while surfing. When ever i try to open slider menu it show menu actions which is irritating and I m switching back to Chrome again thank you,1,0,1,0
828,HELP! After updating I can't open any links in New Tabs! The new update is awful. I also can't pinch zoom.,1,0,0,0
829,"No way to copy or sync from an old phone to a new one without having a desktop setup to sync from. Is a simple '""Export"" to file then transfer file via bluetooth and then ""Import"" on Firefox on the new device' function beyond the developers capabilities?",0,0,1,0
830,Seriously... When are my addons going to start working? I need a cookie manager to remove cookies for a single site easily without having to clear them all. 20 versions later and you still have limited add on support? Shame.,0,0,1,0
831,I use Firefox on PC and I work in IT I live being able to use the same add-ons and extensions I use on my computer on the Android version of Firefox. I also like the ability to sync my bookmarks and logins over multiple devices.,0,0,0,1
832,I rate this Android™ Firefox Browser nearly four stars as Mozilla has most certainly complicated my rights and life now as it is clear the developers have issues with laser printers but so I would add another star if the developer (or developers) value making my life less complicated. I typically rarely write any sort of personal sentiment publicly but decided to make a point to say that I appreciated its prior releases or versions more. /S/Martin Estok III.,1,0,0,0
833,Can't print - not even into a PDF file. Never had a browser that won't let you print a web page. Using Samsung Internet instead.,0,0,1,0
834,What were they thinking? What is happening with Firefox lately? It used to be my secure go to browser but it's getting more and more restricted every day. I'm in disbelief that they chose to disable about:config. I'm even more shocked that their employees got on reddit and gave the reason that they disabled it because people may break their browser?!,1,0,0,0
835,The app lacks a few things and has bad animations. The app feels slow and it's mostly because of the bad animation of going from tab to tab or opening options. Firefox has no search option on history and bookmark. It's very difficult to find the right bookmark from the hundred others. (Sorry for my bad English),1,0,1,0
836,stop accepting the status quo. make a small stand and use Firefox. Our privacy/anonymity rights are non existent nowadays. I use Firefox full time and enjoy knowing I'm not feeding the Google machine my data.,1,0,0,0
837,Mozilla used most of the $400mil from google search contact to build this stellar Android app and FF Quantum. Bloody Fantastic. few steps above chrome,0,0,0,1
838,"Firefox has got everything I need, and is getting better and better.",0,0,0,1
839,"For me, I'm ok with browser. Long time a ago, i'm very frustrated with website error down when try to search things and delete Firefox. Now, i'm install Firefox again. Currently very great and there are improvement. But i'm see many negative review, i'm feel its very uncomfortable because very scared, Firefox has many problem in the past and that problem will affect my browser in future. Please maintain consistency Firefox browser like Edge & Chrome.",0,0,0,1
840,Excellent Adblocker plugins make this browser the fastest and it saves bandwidth. It can play YouTube videos minimized without paying a subscription.,0,0,0,1
841,"06/2021 Latedt release Still crashing. 2021/02/10 Even after the latest two releases it's still CRASHING. #WatingForAFix Can't even report the crash without CRASHING. 01/06 2021 STILL CRASHING / HANGING, etc. Waiting for a fix 12/16 2020 Latest build / release for mobile continues to break / hang / crash. MOZILLA needs to follow the ""IF IT IS NOT BROKEN, DON'T FIX IT!"" rules. Have tried to downgrade to previous worikjng version but can't find anything on how to do that. #FIXIT",1,0,0,0
842,Very bad experience after upgrading to android 11. Samsung one UI 3.0. It simply crashes randomly on opening websites. Not at all recommended as ur daily driver. Uninstalled. I was a Mozilla fan boy and you guys made to let me down. Sorry guys.. Hope the future updates solves this. Gud luck..,1,1,1,0
843,The best browser for a more private and secure experience.,1,0,0,0
844,love this browsers but it's to complicated,1,0,0,0
845,It works OK but my saves logins dont work and I have a hard time navigating in it. Seems every update (and they seem to be very often) creates new problems. I just updated to v.85.1 and my bookmarks are having issues. Some work others don't. So now there is v85.1.3. I thought that may fix the problems. Nope. Now my banking doesn't work either. I have to have my banking so after years of using firefox...time to move on.,1,0,1,0
846,great browser no issues nice adblocker syncs with computer,0,0,0,1
847,"Janky scrolling, compared to Samsung browser. No text rewrap on zoom.",1,0,0,0
848,"after minimized and return to browser, web page must be refresh or refresh automatically, this can potentially make bugs when user in payment page or critical pages that must not refresh!",1,0,0,0
849,"A bit slow on my low end device. Flinks when swyping. This problem wasn't found on a device with average chipset. Switched to opera, which is more compatible to my low end device with a tablet UI.",1,0,1,0
850,"What kind of sick mind deleted all bookmarks, all preferences, replaces my search engine with Google, runs incessant ads on the browser, makes me resync with my computer, deletes my home page. You are a bunch of sick, stupid losers. Idiots. Thanks for nothing.",1,0,1,0
851,"The app has recently been updated, and I am loving the new interface! It's much better organized and intuitive, I appreciate the hard work of the developers so much, thank you!",0,0,0,1
852,"The browser is solid, but some of the systems navigation and tab management is a little clunky. Still, would definitely recommend it over Chrome.",1,0,0,0
853,"No fix for the nonstop crashes that began with the last update in the current version. Even when I force stop the app it crashes repeatedly in the background. I can barely do anything on my phone now because of the constant crashing. Not only is Firefox completely unusable, but it's worse than having no browser at all. All I want to do now is get my data backed up and migrate to another browser after this gets fixed. I'm just about done with Firefox!",1,0,1,0
854,Doesn't work. Every page I attempt to load is blank.,1,0,1,0
855,"Why do pages reload when I change focus from one app to another? I needed to switch from firefox to my bank app to confirm a purchase. When I went back to firefox, the page reloaded and the site could no longer confirm my purchase. I had to redo everything in Chrome...",1,0,1,0
856,"sometimes it bugs a bit but not more than other browsers, the settings and privacy options make it the best choice all the same",1,0,0,0
857,"1. No about:config page in this version. So no proxies, etc, etc... 2. When closing a tab, an info notification pops up over the tab list for a second or two. During this time, you can't close another tab behind the notification pop-up. Why would you obstruct the interface so inefficiently and obnoxiously? 3. Not lightening fast, but could be my SD card or just Android being all bloated, sloppy and fat as usual.",1,0,0,0
858,"Excellent, speed as well as adblocker is also there. Got releaf from advertisement nuisance. Thanks a lot for Firefox",0,0,0,1
859,"Best browser app hands down. Quick, privacy focused, and doesn't shove itself and it's features down your throat.",0,0,0,1
860,Would rate 6 stars if the undo popup wasn't covering any of the x buttons when closing tabs in list view. Please add an option to move the undo to the top of the screen or remove it entirely.,1,0,1,0
861,"What happened Mozilla? You used to be the best. I can't even use your browser anymore. Constant crashes, videos and gifs just don't play at all, functionality is non existent. It's sad.",1,0,1,0
862,Very good browser. Alternative of chrome,0,0,0,1
863,"I leave 1 star untill they change the way of comunication with us, then i can rate it higher. It offers us update and the description of update says : information not offered by the developer. Seems like someone is trying to sneak something on us. Baaaad baaaad... They are loosing my trust . I'll never do update for it.",1,0,0,0
864,"Firefox was once the best browser around but their attempts at streamlining the UI have greatly dimished the browser. You can't define a home URL, edit an existing bookmarked URL or set a default start page. All of these features are only possible if you sync your mobile install with your desktop Firefox account.",1,0,0,0
865,"Even worse in recent updates. PC version is fine, but this mobile version is buggy, broken, and crashes constantly.",1,0,0,0
866,1.smth is wrong with stack tabs. Some pages go at the top instead of taking place at bottom of tabs 2.Why is ios UI so different from android UI? 3.why there's not addones on ios?,1,0,0,0
867,"Just worse in every way, compared to the previous versions. Deleted working plugins like listening to videos with the app on background mode, video window doesn't turn with phone, not practical settings for customising the user experience, bookmarks don't show in main screen, history doesn't save correctly... Why did you have to change something that worked and looked fine into something aesthetic with less capabilities than before?",1,0,0,0
868,Mozilla got rid of about:config. Very stupid. Won't be using this browser anymore.,1,0,1,0
869,"I use Firefox on my desktop and WANT to like it on mobile, but I just can't. Ridiculously unstable, randomly crashes just loading websites and seems to get worse with each release. No pull to refresh, weak add-on support, copy-pasting a URL to go to a site sometimes just doesn't work until I close the tab, open a new one, and try again, I could go on but I'll run out of space if I do. Come on Mozilla, you can do better than this!",1,0,0,0
870,Please solve the issue of browser crashing randomly,1,0,0,0
871,definitely one of the best browsers on Android,0,0,0,1
872,"The lack of tab organization makes this browser useless for me. I usually have quite a few tabs open, so it's helpful to organize them so tabs of similar topics are together. And the most jarring part is, this feature was available before, and they removed it. Free tip for the devs, instead of the X to close the tab when you can just swipe it away anyway, add a grip area so we can move the tabs around. This is an otherwise amazing browser, but that one missing feature is a dealbreaker",1,0,0,0
873,"They can't stop moving stuff around. I spend more time looking for a tool than I do actually using it. And now my new tab and home page options appear to be gone altogether... if it ain't broke, don't fix it.",1,0,0,0
874,"Flawless browser. Even though it takes like, 1 more second to browse thatn Chrome, its so much more cleaner and customizable! I can search with different engines on different tabs, with only 2 taps! And there are almost no bad addons in the store, unlike Chrome's. This, paired with Lockwise makes a really good combo. You can even delete browsing data on quit, if you wanna be cha-cha real smooth on the internet, thing which Google doesnt have. I'd gladly recommend this browser to anyone. 10/10",0,0,0,1
875,Email shouldn't appear (it has no use and should be hidden in deeper settings) when we click the 3 dots on a tab with a website opened.,0,0,1,0
876,"HATE this recent ""update"". Why remove tabbed browsing? 1 press on X to close tab, 1 press to switch tabs, 1 press on + to open new tab. Now all of the above require 2 presses to accomplish same operation. How is this an ""improvement""? I would give ZERO stars if possible. Actively searching for a new default browser to replace Firefox after many, many years of faithful usage. Great job development team!",1,0,0,0
877,"It was a great browser, but recent updates completely messed up the usability. Worst, each new update makes usability changes so its constant re-learning. Hope devs focused on features/security instead of making experience breaking ui changes.",1,0,0,0
878,"With no option to even download features that make the pc firefox so effective and easy to use. No clear recent search history and Bookmark browsing that takes painfully slow to scroll through, no book mark search feature. I would rate this 5 stars but I would prefer Firefox not Firefox lite. I have plenty of room on my phone and storage technology will keep getting better. On small devices especially, ease of use is a must. Have a firefox lite for poor countries.",1,0,1,0
879,"I switched over from Opera to Firefox about a year ago and have loved it until recently. It now crashes frequently, especially on youtube. I can no longer view downloaded documents. Also, sometimes I click on links and absolutely nothing happens. Very frustrating. Will be looking for another browser soon if not fixed",1,0,1,0
880,"Used to be favourite browser, but for past few months, closes randomly, unexpectedly with no crash report. Just ... Nothing. No add-ons or extensions installed.",1,0,0,0
881,in the previous version of Firefox for Android I could save pages as PDFs. I cannot find this option in the new version. How can I save a page as a pdf?,1,0,1,0
882,"Please! Please add the tab queue function again! My diarrhea is better than this Firefox named, Firefox like app. Edit: Useless without tab queue and plugins. Bad, cumbersome and ugly tabs UI.",1,0,1,0
883,"still requires you to sync from desktop to import bookmarks,",0,0,1,0
884,Alway's used Firefox on my pc & android devices. Alway's enjoyed the personalised experience. Unfortunately the app has become so slow & clunky over the last year I'm switching to another browser. Of course all mozilla do is say make sure your up to date & do nothing to resolve it's issues. Also the Android app for a while now has no option to close all tabs on exiting the app unless you go into menu's & exit that way after setting that up. Why make the app difficult?,1,0,1,0
885,"great to have extensions available, including adblocking goodies!",0,0,0,1
886,"One of the best features to customise the browser in more ways than you can imagine has been removed (about:config) and is now useless to many users , please let us rollback to the old version as it was the best.",1,0,1,0
887,"Been using Firefox for both Win laptop and Android phone. Latest Android version (85) won't allow importing bookmarks from HTML file anymore. FF is forcing us to open an account to sync! Force me to do things only your way? Nope. Just uninstalled FF Android. Hello Kiwi browser! Keep being arrogant, FF, and I'll uninstall you from my laptop too!",1,0,1,0
888,Works fine on pc. Mobile app is terrible. I dont need to open with google search bar. I just want a normal address bar to put in an address like on my pc. It also doesn't let you type your own home page address.,1,0,1,0
889,More excellent than Google Chrome. Firefox helps much to block advertising websites,0,0,0,1
890,"Didn't use it for much, but I""m not a fan of browsers that don't show *all* the tabs at the top of the screen. That was my biggest gripe, as well as it removing tabs when I touched them ""just the wrong way"". Seemed to work ok for my purposes, but now that Britbox no longer supports firefox there's no point keeping it. I""ve only used it on my Chromebook, but I'll try it out on my Windows laptop and see if I can get the tabs at the top, in which case I'll upgrade the stars.",1,0,1,0
891,Would you folks please break back I really awesome feature that you took away? The tabs used to be in tile form. And one could move their favorite tabs to the very top for quick finding access. Thanks! 🙏😟,0,0,1,0
892,"Bar for searching is forced into address bar rather than search bar on both mobile and computer. Not a nice interface to drive at the moment. Can barely see theme anymore. Updates on computer are daily, quite unnecessary.",1,0,1,0
893,"The way tabs close lost it 2 stars. The app was great but layout changes make it so that when you close a tab at the bottom of the screen it shows a pop-up a ross the bottom of the screen that the tab was closed which is displayed directly over the next most recent tab. It's a pain. I know I closed the tab, let me close another one please.",1,0,0,0
894,"I love Firefox and I like the update, but please put back the function where I can rearrange my tabs manually. I really liked being able to do that.",0,0,1,0
895,3rd time in a row it crashed in a single day though it is keep crashing all the time atleast once a day I don't know what is wrong with this 😕 I think it is only best for laptop I have to find an alternative for mobile,1,0,1,0
896,"Used to be such a good browser. Recently it won't load 50% of websites, it's slow to load websites, it breaks webpages even those that have loaded the first few minutes or seconds completely normal, it disables add to cart buttons on websites, it crashes frequently and randomly, it freezes a lot and ect.. The quality took a huge plummet as of late. It's sad to see. I might switch back to Google Chrome since it works better than Firefox at the moment. Fix it please!",1,0,1,0
897,I've been using Firefox for 20 years. I just started using the mobile version and it works just as great. Much better than chrome.,0,0,0,1
898,Everything is good except if I download some file and I want to rename it (the feature is not available) you can not rename the files please fix it.🙂🙂🙂 I will rate 5 star after it will be fixed,0,0,1,0
899,"0.5 >>I can no longer recommend Firefox on Android. No significant progress on forward arrows? More add-ons? And 3-dot menu the relative order changing on the list right out of X-windows, when pulldowns were green CRT cool. Implemented here with gusto. Why ""synched tabs"" showing when I have feature intentionaly off? Ditto: Add to Home Screen, Add to Top Sites, Save to Collection?! How about collecting parity with prev product? Feedback email turned off and no guidance or ownership. Zero trust.",1,0,1,0
900,"What's with the text fields being weird? I often can't tap my cursor into a sentence I've written and, like in the address bar, I'll type three characters and I suddenly have double that many, the three characters twice. I've never had either issue in Chromium browsers",1,0,0,0
901,This app has given me so much freedom in an easy yet pleasing format. I have people from all over the world visit my blog. It has been empowering and encouraged me to become a writer.,0,0,0,1
902,"It used to work just fine but now the links to ""my site"" and the one to read my posts don't work. It just shutdown. Disappointing. This issue is still unresolved after the suggested solution.",1,0,0,0
903,"Can't change my font,no option for creating a table,can't add colour and so on!😶",1,0,1,0
904,It is wonderful to havd this app.,0,0,0,1
905,problem post photo upLoad retry again and again for photo upload,1,0,0,0
906,"Have used Wordpress for many years and love it! Great experience with a solid, dependable, and highly versatile product! Congrats to the entire Wordpress crew!",0,0,0,1
907,"Great for thoughts, business, and articles!",0,0,0,1
908,Pretty good but can be better,0,0,0,1
909,"Great app to check on your blog stats, Reader or make small edits to a post. What it doesn't have is the 'like' star in Comments so I don't use it for reading or responding to comments on my blog",0,0,0,1
910,"Very easy to use, easier than the website, which has smaller buttons.",0,0,0,1
911,When I try to upload images to the articles it gives error all the time. need to be fixed.,1,0,0,0
912,Block editors nor not working on mobile,1,0,0,0
913,Made it easy to get the message across. Recommend for any first time blogger,0,0,0,1
914,"Re started this app January 1st 2019 after a 8 year break. For me, it acts like a daily devotional. Little random poems, rants and photos. Doesnt have the impact of FB. TWTR or IG however from linking into it is rather easy. and t GB e privacy is nice and a change. check back with me 8 years later.",0,0,0,1
915,I have used WordPress for about 6 years. It is easy to use and provides lots of tech support.,0,0,0,1
916,Wonderful app. I really love it. You can manage so many blogs at a time,0,0,0,1
917,Absolutely lovely site. have always found it a positive source of friendship and encouragement.,0,0,0,1
918,"Good, except thwme keeps changing html rules.",0,0,0,1
919,Just want to give you 3 stars... You guys tried.,0,0,0,1
920,Its a goos a site sha... I loff it... But i wanna upgrade my blog there,0,0,0,1
921,Consistent updates. New looks available. Reasonable. Easy to use after tutorial.,0,0,0,1
922,"Works well and very easy to use. Much better on my phone than on my Kindle Fire, I must say.",0,0,0,1
923,First review is mine ok but after using this app i really appreciate the team work because everyday the app is improving so much. awesome. Now i can edit my rating into total 5 because i can see the growth and i love using this app. More advance features than the other apps. Well done 👍👌,0,0,0,1
924,It is lots of fun learning about blogging and all things related with Wordpress. I think it is super cool.,0,0,0,1
925,Lovely app and simple to use,0,0,0,1
926,Well app is user-friendly but Moreover it helps me to write down things which keep me wondering most of the time.. writing make me understand myself better.,0,0,0,1
927,I love d App cos they are delivering to the standard,0,0,0,1
928,"I tried this app over a year ago and I couldn't get it to work with my domain. I decided to try again and this time it worked. I love being able to post at any time without being on my computer. The only issues I'm having are that I have yet to be able to upload a picture. I think this feature is worth one whole star. I tried uploading a picture on my provider network and over WiFi, neither worked. The other issue I'm having is that I can't seem to check categories for my post. I have to log in through my browser to do that. It may be user error but I couldn't find that option. All in all, it works for generic text posts - at least for me. I'll take that over NOTHING!",1,0,1,0
929,"Love WordPress, for writing and reading.... it's fantastic",0,0,0,1
930,Really useful to have this available on my phone at all times.,0,0,0,1
931,overall Wordpress is a great App except that it Needs a Block button to prevent or eliminate online bullies. now my only alternative is to block comments or delete my Blog. already I was forced to delete several Blog Posts because of haters and flamers. Also I can't change my credit card information on this App.,0,0,1,0
932,Perfect for tracking stats on the go in relatively live time,0,0,0,1
933,Serena Bellesenove this app. it helps me spread positivity and read some cool things. ik this sound like a bot but idk what to say its a good app lol sry bout dat reviewwww,0,0,0,1
934,app not works in uploading post status and updating and uploading fix it... it shows not upload not update unexpected error and generic errors... i changed my hosting provider 3 times and issues are there...,1,0,0,0
935,I love wordpress app its so interesting,0,0,0,1
936,Have been using this for some time now. This app is very useful and an exact version of what we use in browser in computers. Love it!,0,0,0,1
937,"Easy & beautiful! For a newbie at blogging (2yrs ago), it was awesome! Coming up from Facebook. 2yrs later still here (wp), still free, fulfills what i need & shows me more. TY Wordpress! 😊",0,0,0,1
938,Its cool and nice i love this app,0,0,0,1
939,Great app to manage all your wordpress websites,0,0,0,1
940,I can write posts from my phone.,0,0,0,1
941,Wordpress is simply a great app. Dig in and see for yourself.,0,0,0,1
942,NO TAMIL IN INTERFACE LANGUAGE. TAMIL IS VERY VERY OLD LANGUAGE. Tamil is the oldest language that appeared long before stone and soil. Where is it not in the language list? So what hair processor is this? One of the reasons why this app has no way of saying my word in my language is that it has not eligible lot of star status.,0,1,0,0
943,Right now i just wish the app could do more but I'm pretty satisfied with it. Thanks for making it so easy to start my new project,0,0,0,1
944,Easy to use. You dont have to spend a lot of time to learn how to use the platform. You can create your blog in record time.,0,0,0,1
945,This update is better than prrvious as many web features are enabled in app.,0,0,0,1
946,"Easy to use platform, and a great way to start a blog",0,0,0,1
947,Its been a great experience pouring my mind and ideas somewhere. Thanks wordpress for the space.,0,0,0,1
948,"Good App, but I think your statistics are not accurate as compared to blogger app. You reduce your stuffs",0,0,0,1
949,great app! helps me keep up with my blog when I'm away from my office!,0,0,0,1
950,"Do not waste your time downloading this app. They refund me after cancellation of an upgrade and charged me again. I contacted the so called happiness engineers, ending up being sad. Never even try to download this.",1,0,0,0
951,The App works well overall but it there's still no upload audios on the media tab. Please fix.,0,0,1,0
952,I love this site and have used it for years. Everyone accepts everyone else and you start to feel like a real blogging family.,0,0,0,1
953,Wordpress mobile app has been the best of its kind. It works perfectly. The update definitely comes with something new.,0,0,0,1
954,This app the best of website free. I try it app. App install now,0,0,0,1
955,New update is crashing too much. Please try to fix bugs in next update. Otherwise the best blogging app.,1,0,0,0
956,Great App for Working on Wordpress On the Run,0,0,0,1
957,Am highly satisfied with your service,0,0,0,1
958,Good app but I can't find where I'm able to change my page photo's and information. I can only remove headers and spaces,1,0,0,0
959,"Can maximum image size set smaller than 1000 pixels? 1000 pixel is still too large for me. Btw, is it possible to keep orignal filename on uploded media?",0,0,1,0
960,I love wordpress it's best free and open-source content management system,0,0,0,1
961,"A great app. But, I prefer to work on my PC.",0,0,0,1
962,"A Perfect platform for people to express their emotions, experiences and perspectives about life",0,0,0,1
963,Nice experience on the free plan but truly nice to upgrade,0,0,0,1
964,"I have been using the Perennial theme for my blog, which has a html provision for a two-line drop case. But ever since the Block editor has become the default setting, four lines get indented though it is two-line drop case, making the post appear a bit clumsy. Could you please help me fix this. Thanks.",1,0,0,0
965,Excellent. Great very much for sending me the emails.,0,0,0,1
966,dear wordpress team. love u first of all for making this app... but the latest updates error reports in stats. kindly fix it.. thanks sudhi,1,0,0,0
967,"Its so annoying when i try so much to post but keeps telling me error. I have done everything possible, but the problem still persist.",1,0,0,0
968,I need a proper help about choose my website theme. Please help me. Please give me a suggestion.,1,0,0,0
969,Great experience Bt can't find posts of followers easily,1,0,0,0
970,"Its fairly easy to use, but sometimes some typed words and even sentences get erased. Some features aren't available when using block mode, which could be of some help.",1,0,0,0
971,Very useful and easy to use ..,0,0,0,1
972,Grrrreat platform!! Tutorials to train & free domains for avid writers ✊😎,0,0,0,1
973,8/10: Great for reading content; okay for quick posts. For rich content creation the web is still the way to go.,0,0,0,1
974,"I've always wanted to like this app. Tried it years ago and gave up. Once again, nothing but errors, won't post, won't save. Back to posting another way!",1,0,0,0
975,Use it mostly as a reader and works well for that.,0,0,0,1
976,I love the app as I get notifications straight away. It's like instant messaging.,0,0,0,1
977,"Above all, a handy up for creating my articles",0,0,0,1
978,Stopped fetching my blog posts once I updated the app. Please fix as I used it a LOT before. Samsung S6 edge,1,0,0,0
979,Its really an awesome app. I would appreciate if we can set meta descriptions and focus keyphrase using the app. Please make it available. In a whole app is awesome.,0,0,1,0
980,"It's very useful, easy going, and worthy. I enjoyed very much.",0,0,0,1
981,I am very impressed with WordPress.,0,0,0,1
982,I love it. Thanks to the guys at WordPress for giving us a space to put out content.,0,0,0,1
983,Easy to use for a novice,0,0,0,1
984,"Awesome platform, however it's a bit straining with some features, like trying to hight light certain words etc.wheerrby you have to do it manually.mire shortcuts would be nice.",1,0,1,0
985,So best wordpress application very nice application I am be happy thanks for wordpress team,0,0,0,1
986,"great app,didn't accomplished any results so.far but..I will",0,0,0,1
987,"I love this app very much they gave a lot of amazing ideas as i started my blog. The wordPress people is really nice and kind, they gave all the support as i wrote my blog.",0,0,0,1
988,Not user friendly. Better to redesign the UI. Feel editing is much difficult some time.,1,0,0,0
989,Just what I need for my travel blog,0,0,0,1
990,I like the way this app is exciting...,0,0,0,1
991,"Fairly easy to use, with good customer support",0,0,0,1
992,Easy to use and works great!,0,0,0,1
993,Many blogs of interest and references to additional posters.,0,0,0,1
994,best service for wordpress.. i recommend all of you to go for wordpress 247,0,0,0,1
995,It's horrible. I don't get any funds for doing all the developing.,0,0,0,1
996,"I just downloaded the app this morning.It seems to be a nice app for making an income but, i don't understand what you meant about ""starting free as a beginner if you're not sure"" because i was asked to pay money before others can see my post(before you can launch my site).I'm giving a one star because i chose this app because google says it is best for starting my blog for free but the offer was different. I already had a wix account. Just thought this could help me better but it complicates me",1,0,0,0
997,App will not upload photos in posts. App will not upload feature photo. the app will not publish posts. I get different errors every attempt. App has save draft of post. But now I must move to a desktop to complete my uploads and to publish new post.,1,0,1,0
998,Nice app. Neat and intuitive interface. If only they would allow seo settings such as featured picture etc in the app.,0,0,1,0
999,WordPress is best Company for me to Create Website.,0,0,0,1
1000,This is a nice platform to share your experience through blogging.,0,0,0,1
1001,Ive been using the app for about a year now. Its great in a pinch when i dont happen to have my gps on me. Iv used it in the feild to get more up to date logs too. TFTC!,0,0,0,1
1002,beginners have a little bit of a tough time with this app.,1,0,0,0
1003,Hands down the best geocaching application available.,0,0,0,1
1004,"I like the map features. Besides using the live map to plan which geocache to visit, I also use it as a backup when Google Maps crashes. Its GPS updating is much more stable!",0,0,0,1
1005,Quite simply..... this is the best app I've ever downloaded. :-),0,0,0,1
1006,It shows the caches in my area I have found and havent found.. Is there a way to log out ?? Seems youre always logged in ...,0,0,0,1
1007,"Has taken us to parts of our city we never knew existed, and helped us outta the woods we would have NEVER gone into otherwise. Great job devs !",0,0,0,1
1008,INCREDIBLE app... and free! even better than the geocaching app...,0,0,0,1
1009,"Best geocaching app for android. Way easier on the pocket book than the official app, that costs $9.99. Only thing that would make this better in future updates would be to have feet and miles as an option for distances, as I'm a little rusty on converting from the metric system.",0,0,1,0
1010,Great Geo caching app....does drain the battery though!,1,0,0,0
1011,This program really helps. Easy to use.,0,0,0,1
1012,I'm new to geocaching and this was a great alternative to paying $10 for the official app. I think its great especially paired with send2c:go. Makes storing caches easy I'm excited to use this more,0,0,0,1
1013,Great way to get my new-to-geocaching friends into it!,0,0,0,1
1014,Thanks for a great alternative! Love it!!! Can we add an option to add pics of travel bugs when we grab them. Thank you!! Still asking for tb pic option. But love the update. Best one yet!,0,0,1,0
1015,"Please fix soon! I had to pay for the ""official"" geocaching app. I don't like it. Please fix this one!",0,0,0,1
1016,I can't log any of my recent finds. Keeps saying I'm offline when I'm not. Would love to be able to log these finds.,1,0,1,0
1017,Long time c: geo user and contributor. I'm going to miss Carneo but I'll give this a honest shot.,0,0,0,1
1018,Just doesn't seem to let you log tbs,0,0,0,1
1019,"...and verbose changelogs for updates too, love it! No more beta testers needed :-/",0,0,0,1
1020,I love geocaching and this app fulfills all my needs. It would be great if saving locally is faster.,0,0,1,0
1021,My first experience using an app to go geocaching and it does everything I need. When close to cache GPS is a little off but put on caching goggles and most are found quickly. Thanks for a great and free app.,0,0,0,1
1022,"This is the best app for caching, and it gets better with every update.",0,0,0,1
1023,Really good and free. Save €9 like this 👌,0,0,0,1
1024,It's broken and I cant sign in.,1,0,0,0
1025,C:geo is really good no lag or anything,0,0,0,1
1026,One of the best geocaching Apps out there.,0,0,0,1
1027,Accurate and useful to have on the field,0,0,0,1
1028,"I'm using a Garminfone for my off network caching and it works well with the built-in lifetime Garmin mapping features. It's definitely a good re-purposing of an electronic device. c:geo has kept up the older Android versions unlike some other apps, as well general improvement of the app itself. The phone's Android version is Eclair.",0,0,0,1
1029,The live map is really cool. Works awesome with a Samsung Galaxy S 3. I like how I can store locations for future reference,0,0,0,1
1030,app following the quality of the original. Only thing missing is a multicache-solver.. keep up the good work!,0,0,0,1
1031,Not much point using this app for on-spec caching - it simply can't be done anymore since removal of live map :-(,0,0,1,0
1032,"Only problem I have is that you can't store your own waypoints or enter in manual co-ordinates (or at least I can't find a way...?) a bit problematic for multi/puzzle caches etc. but for straightforward traditional caches it's absolutely brilliant. Still giving it 5 stars, as for a free app it's still fantastic.",0,0,1,0
1033,Amazing app!! Works fine with my sidekick 4g.,0,0,0,1
1034,"""Accurate"" geocache locations (without the orange circle) are shown on the map in incorrect locations",0,0,0,1
1035,"Over complicated for an app that barely works. Trackables are completely 
 ignored (how to see if there are trackables in a cache? Hint: it requires 
 12(!) taps per cache) . Searching is limitless, and all forms of navigation 
 (walk, bike,...) are pointing to the exact same selection of apps.",1,0,0,0
1036,"I keep the app because I love the layout and features... in hopes one day this app will actually find locations. Each and every time I try, it says this location cannot be found. The compass is also completely off. And now that I am writing it all out, I might as well uninstall. Bummer.",1,0,0,0
1037,"This app, a pen and a flashlight? You're all set.",0,0,0,1
1038,"One of the best, however; had to remove it from my main tablet. Even with no defaults set it likes to open when I am importing ebooks for my reader. .mobi files and the like. It tries to import them to C:Geo as a GPX file for some reason. Very irratating.",0,0,0,1
1039,"I use this app exclusively for Geocaching, I like the layout and particularly the 'save maps offline' feature.",0,0,0,1
1040,This is the only app I use! It's great!,0,0,0,1
1041,"It's nice to be able to see the ones the official geocaching apps makes you pay for, but I can't see any way to log anything. After writing my log entry and selecting the date, I push the only button that looks like submit and it says it's downloading data, but I need to check my internet connection. I'm definitely online, so I don't know what's up.",1,0,0,0
1042,Updated and now it forces close.time to uninstall.,1,0,1,0
1043,"I love this app and use it for geocaching, however I think an option to cache downloaded data, from near caches to the map and to save should be possible, as when I'm out when I change I have to redownload all the data.",0,0,0,1
1044,"Although I have the Geocache app, I always find myself using c-geo as I am able to use off line maps which helps keep the cost down on my phone...keep up the good work Paul (North Wales)",0,0,0,1
1045,This is the only app you need,0,0,0,1
1046,"I love it, opened up geo caching to me everywhere I go, walking miles and discovering lots of places I never knew existed",0,0,0,1
1047,"perfect application, easy to use .",0,0,0,1
1048,This is so helpful for me and my family when we go geocaching for caches in our area!!,0,0,0,1
1049,"Really pleased with this app - however it has a tendency to freeze when using it in live mode over 3G, I have to close the app and restart it in order to unfreeze it - quite annoying when you are trying to find caches. Would have had 5 stars if not for this problem.",1,0,0,0
1050,Excellent keep up the good work :-),0,0,0,1
1051,My go to app for geocaching.,0,0,0,1
1052,"I'm continuously impressed by this well crafted, thoughtfully executed app. This app is a must-have on my device.",0,0,0,1
1053,I usually prefer reliable apps to those with tons of features. Fortunately this one has both! I love how it helps me to get those caches of convenience that I wasn't planning on. Works flawless on my DROID 4.,0,0,0,1
1054,Great app for both on the fly caching and to plan your route / caches for the day / trip.,0,0,0,1
1055,Only geocaching app we use. We don't even use a GPS anymore.,0,0,0,1
1056,"Love this app, easy to use.",0,0,0,1
1057,"The compass on Moto G is even more dysfunctional then it was before. Now it has no idea which way it's oriented, originally it just occasionally crashed, now it only occasionally works. Honestly it's always had major issues with this phone and no one is fixing that.",1,0,0,0
1058,"Wish that there was an option to move the map. But other than that, great app for geocaching 😁",0,0,1,0
1059,Best app of its kind. Glad to see it will live on in opensource.,0,0,0,1
1060,"This app did not work at all. It didn't show and caches near me, no directions, or anything!",0,0,1,0
1061,"You guys, it is not c:geo's fault that the live map doesn't work. They didn't Choose to take it out. If anything its groundspeaks fault. Stop giving it bad reviews this is still the best app out there and hopefully someday it'll work again.",0,0,0,1
1062,I can't say enough about this app and the crew that keeps it going. Tks c:geo,0,0,0,1
1063,The live map - pointless without it! :(,0,0,1,0
1064,Wonderful app to an awesome game. Thankyou for the fix to my problem.,0,0,0,1
1065,"Great app, but unable to log in to the website through the app",1,0,0,0
1066,"Awesome app. But since update, geocaching name looks weird",1,0,0,0
1067,I love this app its amazing I love how I can store ot and the gps still brings me to where the cache Is no strings attached since I don't have data its great thanks guys :),0,0,0,1
1068,By far the best app for mobile geocaching,0,0,0,1
1069,"Super aplikace na kešky, ale nevyzkoušel k jsem originální takže nedokážu porovnat.",0,0,0,1
1070,"Droid X. . . Had worked okay, but the live maps located me a few miles away from my actual location. It has great interface. Ease of use is medium, but easier after I went to website & read tutorial. Now program force closes. Hope bug gets fixed soon. . .",1,0,0,0
1071,"I don't know about this app. At first, I loved it, but now I find the GUI is too confusing at times, and almost always I am led the the wrong area for a cache. In fact, when compared to other apps, this one's map shows caches in the completely wring areas. But the maps are right! So I am not using it anymore.",1,0,1,0
1072,"Great app. No fuss, no muss. Open the map and find caches. Two thumbs up.",0,0,0,1
1073,The one and only app for geocaching.,0,0,0,1
1074,"Does it all, a perfect geocache app",0,0,0,1
1075,"I love this app...up until this latest release. c:geo is no longer allowing me to store caches from within the app. Presumably, I can still store a gpx file. I'm no longer on fakebook, so I can't see if there is a fix. This is happening on my two Android phones, one running Android 11, the other is on a different OS.",1,0,0,0
1076,"Great app, had to set up over my Wi-Fi as it wouldn't find cache locations from the top of a mountain, but hey after saving the caches it works like a charm. Almost as good as being a pirate finding buried treasure xD",0,0,0,1
1077,"This app blows the others out of the water, but I can't take photos and/or submit them with my log entries. Also, there are options for sharing with Twitter, but not Facebook. Incorporate these options, and it's 5 stars all the way.",0,0,1,0
1078,Excellent app. Does everything I want in the field. Thank you.,0,0,0,1
1079,"This is still, hands down, the best geocaching app available. It has been constantly improved and updated, yet still retains its simplicity and effectiveness. Well done, devs.",0,0,0,1
1080,"Perfect tool for geocaching - thanks to devs for keeping it going. Extras are great (eg TB tracking, send2) but minor issue with no dates on logs",0,0,1,0
1081,Only app I use for caching...never lets me down!,0,0,0,1
1082,Update: I changed my rating as after clearing my cache the login option appeared. It still didnt find my location so I had to restart my phone to get it to update. I have since located 4 caches. All have been off 5-7 kms. A 5th was not located. Original: I have no login option on app. An IT guru friend and user told me an option is missing in this version (6.1.2014) so there is no way to log in. No login error in faqs to direct me to fix.,1,0,0,0
1083,"Everything you need for the game, online AND offline, and in times when you don't have satellite visibility. And it's a third of the footprint of the 'official' GC (cr)app.",0,0,0,1
1084,"The live map was taken away, so I don't even use it anymore. Why is it gone? So stupid.",0,0,1,0
1085,Simply the best geocaching app for Android users. It's the only one I use and is far superior to the official app (imo). Love it!,0,0,0,1
1086,Have only been using for a couple of weeks but already find it one of my most used apps. It is easy to use and does everything I want. Have been geocaching for 10 years but never used my smartphone until now. Highly recommend it.,0,0,0,1
1087,Best app on my phone and tablet.,0,0,0,1
1088,No matter what I do it won't let me log in. I can not do anything I need to do when caching. Junk.,1,0,0,0
1089,"Quick, reliable and easy. No complaints about this app.",0,0,0,1
1090,Works every time and does what i need. Moto bionic,0,0,0,1
1091,The latest update rocks. I completely uninstalled tho befits reinstalling as I was having freezing problems. A complete reinstall is always good :),0,0,0,1
1092,Better than anything iOS users get for free! Must have app for all geocachers.,0,0,0,1
1093,"Not only is this a great app, but it is also a well designed app. As an application developer myself, I appreciate the enormous effort that has gone into the creation and maintenance of this application. Good job to all involved!",0,0,0,1
1094,"Love it. Works well, has all the features I want and it's free.",0,0,0,1
1095,Had to go out to website to sign up in order to use. After that it was very nonuser friendly to set up...deleted w/o using because of that.,1,0,1,0
1096,This one has so much to offer and so easy to use with no ads. You can't get much better than that. Thank you developers!,0,0,0,1
1097,"I prefer this app over the official geocaching app, I tend ti use this one the most.",0,0,0,1
1098,it's not logging my finds to the geocaching website,0,0,0,1
1099,"Lots of potential but refuses to log in and freezes, also only downloads only partial data so finding the cache is a guessing game. Uninstalled and reinstalling. Will re-rate if I can ever actually get full function.",1,0,0,0
1100,Love it. works great 99% of the time,0,0,0,1
1101,"Hopeless on London, keeps crashing...doesn't show underground stations...otherwise the best.",1,1,0,0
1102,"Good, but Khmer font is too small to read.",0,1,0,0
1103,"Simply doesnt work. Tried to download counterline map for Kyrgyzstan, 
 purchased and downloaded the plugin but no matter what, could not download 
 the region map I need.",0,1,0,0
1104,good map to have when you dont have cell service,0,0,0,1
1105,Fantastic for details but impossible to enter destination.so have uninstalled. Therfore rate it 3.5. Also Voice not working properly,0,0,1,0
1106,I've been using this app for years. I love that it uses open street map as its map base. I use it very often both for car traveling and for biking. This app works fine on my samsung galaxy ace. Now... who need google map ?.. thanks osmand... you rock !!!,0,0,0,1
1107,Just wish I could lookup by postcode but it seems this is the Royal mail's fault.,0,0,1,0
1108,"Haven't taken time to dig down into all the features. Offline maps is nice. 
 I downloaded to use for bike touring trip. Was somewhat helpful but 
 couldn't get GPS or most of the route and had to manually find location on 
 map. Main complaint is that map loses all detail when zooming out far. This 
 makes it impossible to zoom out to get location context.",1,0,0,0
1109,So good when there is no data :),0,0,0,1
1110,"in Japan doesn't let you put the address how it shows in English (it can't 
 find them). The navigation in Japan was difficult for me as i don't know 
 the Japanese the app wasn't helping with locating hotels by inputting the 
 address as an example. In this case Google maps was the best option to use 
 if i had the internet to set the navigation. P.S. as examples you can 
 choose any Japanese address and tap it into the app. Till the end of the 
 Japan trip used a Google maps as more reliable nav app.",0,1,0,0
1111,"It does not have this program, it is intelligence.",0,0,0,1
1112,Fantastic offline NAV. What else do you need?,0,0,0,1
1113,It worked but was not detailed enough to navigate to the exact town I was heading to.,0,0,0,1
1114,"If I have a map downloaded, why can't I search for an address in airplane mode from my contacts list? Just says ""nothing found"" no use to me, Uninstalling.",0,0,1,0
1115,Almost perfect. It has gotten very complicated over the years,0,0,0,1
1116,"Pesters for review, so here is one",0,0,0,1
1117,Would be great if maps loaded faster,1,0,0,0
1118,"I used this app as my main navigation while cycling two weeks through Europe. Overall, it was a great experience. I do think there are a few things that need improvement. The first being the behavior of the app with lock screen enabled. It just flips out on my G4. I had to disable lockscreen to get the app turn on the screen when guiding the way (nice feature btw). And the search function may improve from my standpoint. It just doesn't find much. It's very picky on how you enter the search phrase. But other than that I didn't really encounter other difficulties. 4, 5 stars for sure. (so 5) Small feature request: instead of voice guiding, would it be possible to let the app beep once when the screen it turned on (because of a turn coming up) ? I had the voice guidance on so I knew when I had to watch my phone. Keep up the good work!",1,0,1,0
1119,No indication downloads are working. No map an hour after starting app.,1,0,1,0
1120,"Love the privacy aspect but it only has metric measurements and I'm not a communist, so it's useless to me and I had to uninstall.",0,0,1,0
1121,It seems great. Have just downloaded it,0,0,0,1
1122,Excellent - better than maps by Google. Needs address register to make it usable.,0,0,0,1
1123,This is just getting better with each new release. Keep up the good work. Using Samsung s4,0,0,0,1
1124,I'm just thankful that all these volunteers are doing such a great job. Thanks folks!,0,0,0,1
1125,"Very poor app. Extremely intrusive, impossible to close and pathetic route Calculation especially on secondary roads.",1,0,0,0
1126,"Cannot be used for planning routes because it relies on GPS to set the start point. However, what if you are indoors, or will be starting somewhere different. eg; just want to see the route between two arbitrary locations. This is a very common use case. Please add a ""set as start point"" button along side ""set as destination"", or provide some other way of setting start location manually. Would give at least 4 stars otherwise.",0,0,1,0
1127,"Use this app for walking in the countryside. Love the level of detail on the maps and GPS tracking seems great too, though I have only used it a few times.",0,0,0,1
1128,"My phone bricked the weekend I had a trip planned so I wasn't able to use Google Maps for directions. Luckily, I was able to use OsmAnd on my Nexus 7 and still find my way around while offline. Super useful.",0,0,0,1
1129,"The app forces you to load maps and file updates with a 8 or 9 files limit on how many. So eventually the app is crippled. Cute trick for forcing the purchase, unfortunately couldn't get maps and tracks to work. Wanted off-line turn-by-turn where no cell coverage.",1,0,0,0
1130,My downloaded map in offline mode is missing lots of streets and suburbs. They are on the map but I can't find them on the list when searching for destination unless I go online.,1,0,0,0
1131,"While I mostly liked this app, a couple of issues held it back from being great. (note that after the map download, this was used exclusively offline) I liked the extremely detailed maps (that can be customized) and good amount of POIs, too many businesses were missing. Trying to use the address didn't work almost every time as it didn't know many street addresses. I had manually mark the map for a location. The app stuck to routes I didn't want to take when recalculating, asking 10 or so times to make a u-turn instead of learning to take the route for the road I'm driving on. There no map tilt while navigating, only overhead. The worst part is that it has bad cashing and map redraws. It only renders what is visible to the screen so the map needs to redraw constantly while driving. This makes that app studder during redraws. This happened on a quad core processor with over a gig of RAM free with no background apps. I've tried all settings to fix this but nothing worked. Something the app would glitch, causing the movement of the map act like a quick sideshow instead of moving smoothly. A force stop would usually fix it but it would happen again seemingly at random. This may be related to the issue above, but I am uncertain. As it stands, there are too many issues that prevent me from using or recommending this app. It's a shame because I really liked the attention to detail displayed on the map and the customisation allowed.",1,0,1,0
1132,I love the app and all editing features but the app is little difficult for use by beginners. Please give a feature to edit building/area tags.,1,0,1,0
1133,Hard to put in new addresses but allows off line,0,0,0,1
1134,Latest version crashes as soon as it starts. I paid for this app so need a fix or refund. It's been fine until latest update. Can I go back to previous good version?,1,0,0,0
1135,Can't use it as it crashes or closes after just a couple of seconds running on my Xiaomi Redmi 2 phone. :( Works on my tablet though,1,0,0,0
1136,"Easy to setup, good integration with open maps and quite rich functionality",0,0,0,1
1137,"Great app. Shows all of my local footpaths, even those not marked on a map",0,0,0,1
1138,A commendable effort but stupidly unintuitive. It's almost as if the author deliberately obfuscated things as some kind of April fools day joke.,1,0,0,0
1139,"Osmand is easily the worst of its kind. What is the point of downloading map after map over 300mb of extra data and osmand STILL can't find the addresses i manually typed in ffs! This thing is mentally challenged. Why is it Mapquest and even Google maps do no have that issue, more over extra map downloads arent even needed and remain as options. What good is a navigation system that is unfamiliar with the area?! I have no use for something so retarded since it's inception.",1,0,0,0
1140,"My first search failed. Then I looked at few other options, failed. Clinton is large city in the Oklahoma, USA. Failed to find city. And, after you download anything first time, it will say, you can get maximum 10 download.",0,0,1,0
1141,OsmAnd Live is falsely advertised. Do not buy it as you will receive no support and the features you expect with a paid subscription are not provided.,1,0,0,0
1142,"I bought a full version of OSMAND+ for me and my wife as I was really surprised by maps detail, friendly interface, offline maps, easy update logic and capabilities, regardless of being a big fan of Garmin... So definitely, I would recommend OSMAND to anyone just needing detailed offline maps. But when you are looking for good tool with GPS tracking / navigation functionality just think twice as: 1. GPS position is obtained only in MAP view mode (I really do not understand why GPS is not started straight away after starting OSMAND) so each time you switch to OSMAND settings or to Android/phone or do screen lock/dim then GPS is off and then it takes at least several seconds to fix your position again, 2. OSMAND cannot work in background (logging or sleep mode is just awaking GPS every xxx seconds), so is really useless as tracking tool (so during your trip you keep it in your pocket and every xx minutes you just check your position/track by quick 1-2 seconds look on OSMAND), 3. OSMAND lacks easy but very important function of Trip Dashboard (where you could find your trip details like - distance, average speed, average speed when moving, time, time moving, max speed... etc.)",0,0,0,1
1143,Osmand has saved me from certain death numerous times. Well worth the small fee!,0,0,0,1
1144,"Fully customizable,and highly informative,all it takes is some time & knowledge to configure it as you wish for an enjoyable experience.",0,0,0,1
1145,"Great GPS. One thing strange to me. When I send location via SMS, I can not process it on another phone. As in Google maps I can share my location with my friend via SMS.",0,0,1,0
1146,"To dev, I know how to follow instructions. I start by searching the city first and most of the times the app doesnt find it or shows list of strange names. When city is there it doesnt find the street. Even weird the app cannot find address that I can see on the map, my own house address. WHY IS IT THIS HARD TO USE???",1,0,0,0
1147,"There are several map rendering styles but unfortunately I was not able to find one that rendered the map in a way I liked for use when walking in GB. It is possible to create ones own rendering style which I have done but documentation on how to do so is appalling and support from OsmAnd was lacklustre. The map being based on Open Street Map data is limited to the quality of that data, so be careful about relying on it and please edit/add data on OSM to improve its quality.",1,0,0,0
1148,The best on the Android market,0,0,0,1
1149,Delighted with this app. Goodbye Google maps.,0,0,0,1
1150,"it freezes all the time, when planing a route or marking a place....... please update or refund",1,0,0,0
1151,"Last update, 26.05.2018 won't work. Error code 504.",1,0,0,0
1152,"It has many details for locations, towns. But can't find any exact address or even popular restaurants im looking for, how does other reviewer thing this map is so wonderful. There must be some trick how to use this, but if there is takes too long to search for places.",1,0,0,0
1153,"Would be 5 stars if not for learning curve and not too user-friendly. Many 
 great features, including topography.",1,0,0,0
1154,"App is great, but one important feature is missing. Choice more then one route before starting route to destination. When choice destination you need to enable to choice beetwen two or more posibile route to destination. You suggest best choice for route but User will choice the best options for him. Other navigations app have this feature. Hope you will consider this and with this feature you will be definitely best navigation app. Thank you",0,0,1,0
1155,This is a beautiful app with outstanding maps. There is no where else I know where you can get such incredible detail of every corner of the globe.,0,0,0,1
1156,Only the search function is not good enough. Apart from that it would be a 5 star.,0,0,0,1
1157,It's a bit sad that there is a restriction in the amount of maps you can download but what to do... Other than that great app,1,0,0,0
1158,"I use this app for offline navigation and hiking, it's the best, lot of options an functionalities. Only thing that can be improved is to have all these functionalities better organized in the menu",1,0,0,0
1159,"It is a great app, although recently I'm having some issues to use it for direction, since it is slow and continuously crashing, even if the route is few kilometers long",1,0,0,0
1160,"very good spolication. Hiwever, the arabic voice is not working .",0,1,0,0
1161,Successfully navigated across the Pyrenees on dirt roads in July 2014 with this app. Excellent! Takes a bit of getting used to. Bit clunky but good maps.,1,0,0,0
1162,"Just installed this to use on my bike i was hoping the turn screen on/off function would work better. It turns the screen on but doesn't turn it back off again which is disappointing and dangerous. Even minimising the app as recommended is useless, turning on the screen when the app is minimised so you see your home screen is a waste of time.",1,0,1,0
1163,"Love it! Load gpx route, and off I go cycling. For me while cycling - best map (and free!).",0,0,0,1
1164,It just doesn't work. Maps don't load at all,0,0,1,0
1165,"I used to love this app not until the update..i lost everything in this app even the maps,routes,favorites,etc..now its just a garbage.i tried to download maps but there's always an error coming right before i finished it.. Im very disappointed.. I suggest not to update this app.",1,0,0,0
1166,"Not so easy to use, but overerall great performances. Missing distance milestones selection in POI menu, since is often used by italian traffic announcement services.",1,1,0,0
1167,No hay la version para buscar coordenadas,0,0,0,1
1168,"Better support for my region, much better support for offline maps and offline search. I will buy it, just to support the development, even though I have no need of the pro features.",0,0,0,1
1169,"Best map application ever, I used it for over 2years now on three different Android phones and on different cities and countries and it is the best really",0,0,0,1
1170,Downloaded regional map and my town wasn't listed and there was no way to add it.,0,0,0,1
1171,Lost me at not showing a map,0,0,1,0
1172,"This freeware app has similar capabilities to Mapfactor Navigator. After installing the app, you have to download a map for your region, and or the regions you intend to drive to. You can download these maps to your external SD card, but you have to set it to specifically to do this or the maps will be downloaded to the internal memory, which wastes RAM. The OSM maps provided with this app are more detailed than you get with Mapfactor, but that's the main advantage. Mapfactor can re-calculate more quickly.",0,0,0,1
1173,This app is not free Google maps is free so it doesn't compare Google is much better,0,0,0,1
1174,It's really fantastic app and totally dependable on traveling.,0,0,0,1
1175,The first app that I found very useful and thanks to people who created it. Thanks a million,0,0,0,1
1176,"I really want to like this app, and it's noticeably improved since I tried it a year or so ago, but it still has a long way to go before it can replace my current navigation app. For example, offline maps are nice but shouldn't be required. I also can't search my address, only the nearest cross street.",0,0,1,0
1177,is been good enough when I used it. I like it,0,0,0,1
1178,This is simply the best offline map viewer/router available!,0,0,0,1
1179,"Hands down best and most comprehensive mapping/route planning solution I know of. Miles ahead of Google Maps, and works just fine offline!",0,0,0,1
1180,The best offline navigation. Very good for all outdoor activity.,0,0,0,1
1181,"Works like a charm on Galaxy S3 , realy like the new update, if anything, the search by post code could improoved . Thanks great app.",0,0,0,1
1182,"Bad UI, downloads take hours. Apart from that amazin.",1,0,0,0
1183,How to do something is not always obvious. Lots of capability.,1,0,0,0
1184,"Don't be fooled. It may look like the business but between demanding to be online to search for postcodes, crashing randomly and eating battery quicker than my 2.1a car charger can feed it. ABSOLUTE JUNK. HOW DISAPPOINTING. changing map provider.. mid journey. Thanks for nothing.",1,0,0,0
1185,"Used to work perfectly, but now I can't load files saved to SD card which means it's unworkable on my phone. I hope the bug is fixed and it'll be a 5 star app again",1,0,0,0
1186,"I love this app and the customer service is excellent. However, it still only gets four stars as I cannot figure out how to access all the routes I saved after getting a new phone. When the app is reinstalled, all previous routes are lost.",1,0,0,0
1187,"Might be a great open source map, but I really don't fancy having to enter every street in my state to use it... Useless",0,0,1,0
1188,"Decent app, still could use refinements. Tested out a number of Offline Nav Apps that utilize Open Street Maps, and this is one of better ones. Map display look good and are very detailed (and can have almost too much info displayed but like that you can select what you want displayed). I really liked the lane assist feature during navigation as well as the speed warnings. However, as with most apps that use osm maps, the POI and address searches are useless unless what you're looking for has already been entered on the osm map database. I'd like to suggest that OsmAnd have a online search feature (like MapFactor's Google search) to get those POIs and addresses and be able to translate those items to a nav point. Other areas for improvement that I noticed are: the lack of more than one suggested nav routes, and when using the ""get directions"" in an app like Yelp and selecting OsmAnd as the navigation program, the app was unable to use the information to generate a nav point whereas the other apps I tested had no problems. Nav routes suggested weren't always the best, but usually got me to my destination. Still needs improvements, but a solid app overall",1,0,1,0
1189,"I'm using this app for all my trips out of my home country. Maps based on openstreetmaps are quite good and accurate, the app itself is great.",0,0,0,1
1190,"If you can find your destination on a map, it works great. Otherwise, you're SOL",0,0,0,1
1191,"Easily the best map/routing app I found so far. Not perfect yet, and the user interface quickly becomes confusing with all the plugin options, but it's also still under development.",1,0,0,0
1192,"To chaotic for normal use. I wan't able find out, how to make it display offline vector maps, which it downloaded itself.",1,0,0,0
1193,"Fantastic the best map app ever, i use it virtually every day.",0,0,0,1
1194,Map is very good but when zooming in it goes blank. Can you please fix.,1,0,0,0
1195,The best. Somewhat complicated but with so many features there is just no other way. Recommended.,1,0,0,0
1196,"I want a simple app. An offline GPS, with the possibility to put my own marks/points. Google maps doesn't do it offline. MapsWithMe takes money. OsmAnd Maps does it, but why doing things halfway? Favourites are too big, their is apparently only one icone possible and I dont want to have to click / tap on it to see what it is ! I'm also very confused by the waypoints and favorites and the fact that ""from"" and ""to"" are useless without setting a destination before. It's redundant. Make possible to easily do the operation: 1) select favorite / mark 2) choose from / to 3) choose another favorite/mark What, in the favorite menu, is the distance before the favorite name? I don't get it. Apart from this, the menu is great. Maps are OK but a bit too ""colorless"" in empty areas. Try to get relief / forest etc. Hard to explore the Iceland map without zooming a lot. On this point is MapWithMe way better. Summary: - Different icons with name over / under. Make the icon simplier to select. - Easier way to link favorites (or marks, whatever you call it) for step by step trekking / car rides Crazy that their is tons of free apps on the market and not any that can do this correctly...",1,0,1,0
1197,Best map and GPS app. I've used it in numerous countries and states and always load maps before I go someplace new.,0,0,0,1
1198,smooth presentation and a wealth of maps and information to download for offline use. paid for the annual subscription and like the extra features. my one issue is with local public transport. app isn't seemingly aware of the closest routes that are near where i live and wants me to walk an extra 15 minutes to catch a bus. google maps is much better in this regard. driving directions are accurate as are those for pedestrians up until now though.,0,0,0,1
1199,"Interface need a lot of work to be more intuitive, rest works good.",1,0,0,0
1200,"Unfortunately, you are forced to enter address by country(state), city, street, and building number. Well... here in Virginia, there are many addresses that are not located within a city. So if you are a traveling person going distances outside of cities (counties, etc) -- your out of luck with this app.",0,0,1,0
1201,"You are right @Hauwertlhaufn!
It is the same behavior in Facebook, iMdb and Spotify app's search functions as well.
Very strange behavior IMHO.
But it still should return to the default action bar instead of the one above without the ""c:geo"" title and History icon.",0,0,0,1
1202,"@moving-bits , @MagpieFourtyTwo Thanks for the good insights. I did not think before about situations where filtering has to be done on transient lists (not stored in DB) like results from address searches. I 100% agree with @moving-bits that this should be tackled at a larger context (""rework of searching, displaying and filtering of cache lists""), and he describes the situation perfectly.
This is, however, a larger topic. I am interested in tackling this, but I won't be able to do this right now.
Hence my suggestion:

I will create a PR speeding up in-memory filtering based on my findings yesterday, because this is simply not programmed in a performant way currently. This should already increase dramatically the current problems of @MagpieFourtyTwo described in this issue
I will create a new issue, basically with the content of @moving-bits 's last comment, and I will put this issue on my pesonal ""ToDo-list"" :-) (meaning that if others are interested in tackling this they may step in too). I want to put some sort of ""closure"" behind the logging topics before I dive into something so big again.

Would that be ok?",0,0,0,1
1203,"Maybe we should place some often used shortcuts like Live Map, nearby caches and stored caches in an own card at the top (burger menu ‚Äì is it still called so? ‚Äì is an additional action for the user and on smaller screens status cards would fill the whole screen).",1,1,0,0
1204,"WFM.
Is it possible that the line break depends on the longest list name in the list?
I. e. if your longest list name is to short, the line break happens?
Or does the list popup already fill nearly all of your screen (horizontally)?",0,0,0,1
1205,"We can work together on this. I want to learn these things.

Probably it's a matter of just a handful of lines. When I started with c:geo / android coding, it always helped me a lot to look at the PR's of others (especially if they were not too extensive). If it's ok for you, I would suggest that when your PR is merged, I'll create two small PR's and ask for your review ;-)
BTW, hooray! Everything is green now...

Thanks for all your work you put into this PR!",0,0,0,1
1206,IIRC merging #4321 would fix this issue.,0,0,0,1
1207,Question: Shall we still stop the distribution of the beta version?,0,0,0,1
1208,"@eddiemuc

Is the issue happening specifically for the offline logging dialog and nowhere else in c:geo (maybe Waypoint Edit dialog or image select dialog)?

It's just offline logging - haven't noticed such time consuming stuff anywhere else.
Ok, apart from one scenario I sometimes do as a workaround for the missing filter Saved caches in map, where I sometimes just want to see saved caches only, while riding along, no matter in which list they are saved:

open list All caches
filter for Not found

This filter takes about 10 seconds. But I would not consider this to be unexpected.

Is it happening specifically on one device (and not on others)?

In fact we have a second P30Pro over here, and this one does not have this problem - but it has just 2k caches saved.

If yes: are there any other apps behaving strangely compared to same app on other devices?

Nop, everything else is pretty normal.",0,1,0,0
1209,"@Lineflyer: No, it took ~10 seconds right now (which is in the same order of magnitude as before). Server lag?",0,0,0,1
1210,"It is basically the same thing, but this issue likely comes up because the link between the search result in our app and the gc.com page gets lost.
And what this depends on (timing? exact chain of calls?) is currently unclear to me.",1,0,0,0
1211,Let Crowdin redo as there are merge conflicts after merging release translations.,0,0,0,1
1212,"Hmmm.... I was so enthusiastic and installed the latest nightly but now...

Maybe the pattern matching fails. When I have time I will have a look tonight.
I used the (meanwhile famous) GC768Y3, Stage 8. The formula was copied from the waypoint notes.",0,0,0,1
1213,"I disagree. The sync mechanism would be pretty worthless if this would be true. It is primarily meant to preserve a copy of map themes in a fast-accessible way without the need to read it from public folder every session (because this is assumed to be very slow with SAF).

You are right. Therefore lets not define the themes as cached data.

Same as for the GeocacheData: if missing it will self-restore on startup (provided there is an internet connection of course).

AFAIK it will only self-restore on demand (i.e. if you open or refresh a cache) not on startup in general.
Anyway:
As said I will test with my worst-case setup (lot of themes, slow access) on some devices (also using the SAF debug access) and provide feedback.
Based on that, we should think over and finally decide if we stay with having the themes buffered in ""GeocacheData"" or some other method/destination.",0,0,0,1
1214,"We could meanwhile use this gradle plugin to automatically push nightlies as alpha and similar things: https://github.com/Triple-T/gradle-play-publisher. However, that requires that @mucek4 creates a service account for doing so.",0,0,0,1
1215,"Full request is also working:
http://www.gcvote.com/getVotes.php?userName=Lineflyer&password=***&waypoints=GCA687,GC352Y3,GC77,GC3TECK,GC3ZECK&version=cgeo
results in:
<votes userName='Lineflyer' currentVersion='3.1b' securityState='locked' loggedIn='true'>
<vote userName='Lineflyer' cacheId='0e8692d1-58d7-4482-bfa8-82c6efe0d9d4' voteMedian='5' voteAvg='4.8238341968912' voteCnt='193' voteUser='5.0' waypoint='GC3TECK' vote1='0' vote2='1' vote3='5' vote4='33' vote5='154' rawVotes='(2.5:1)(3.0:2)(3.5:3)(4.0:13)(4.5:20)(5.0:154)'/>
<vote userName='Lineflyer' cacheId='39eedff9-69ea-4a18-97b0-bde6bfbccfb7' voteMedian='4' voteAvg='3.7363977485929' voteCnt='533' voteUser='4.0' waypoint='GC77' vote1='7' vote2='27' vote3='202' vote4='199' vote5='98' rawVotes='(1.0:6)(1.5:1)(2.0:17)(2.5:10)(3.0:149)(3.5:53)(4.0:186)(4.5:13)(5.0:98)'/>
<vote userName='Lineflyer' cacheId='881f33d9-9df9-4d2f-b229-35b621b044b9' voteMedian='2.5' voteAvg='2.4166666666667' voteCnt='12' voteUser='3.0' waypoint='GC352Y3' vote1='0' vote2='9' vote3='3' vote4='0' vote5='0' rawVotes='(2.0:5)(2.5:4)(3.0:3)'/>
<vote userName='Lineflyer' cacheId='f1ee8cdf-f36c-496a-ac2e-7af670637572' voteMedian='4' voteAvg='3.6885245901639' voteCnt='61' voteUser='4.0' waypoint='GCA687' vote1='1' vote2='4' vote3='19' vote4='32' vote5='5' rawVotes='(1.0:1)(2.0:4)(3.0:10)(3.5:9)(4.0:29)(4.5:3)(5.0:5)'/>
<errorstring></errorstring>
</votes>",0,0,0,1
1216,"Galaxy Note 1 (""n7000"") on CM 11 nightly builds . Dalvik. And yes, that is a foreground crash, so the app really gets killed all the time quite randomly.",1,0,0,0
1217,On my phone issue is still existing. ( 2016.10.08-NB-aee6958 ),0,0,0,1
1218,"If you have a closer look, then you see that I've only weakend the existing regex, because that one could never match (due to the ""&"" sign at the end). So if it does not match now, it also did not match before.
And at least for me, the current regex works fine.",0,0,0,1
1219,"There was one in between that introduced the issue (I was alerted by a user on geoclub.de) and the update from today fixed it again.
Nevertheless it may be worthwhile to check if there is a 'new' Api available we should switch to.",0,0,0,1
1220,Can one of the admins verify this patch?,0,0,0,1
1221,"I'm sorry triakcz, but i don't have programing background, at least at an level required to do something like that.
Here i'm just a user trying to give ideas to improve the geocaching experience with c:geo.",0,0,1,0
1222,"I have the very same problem for some time now and just searched for the issue and found this entry. I am also PM, and it is the very same for me. Deselecting ""Hide own and found caches"" helps resolving this.",0,0,0,1
1223,"For the first question: @moving-bits has implented the wizard such that for migration there are no questions asked, content is just moved
For the second question: from my personal perspective as a user, I insist of keeping the option ""do nothing"" which I will always use myself. I want to be in full control of my public files and not relying on what the app decide is best. The rest I don't have any opinion, whatever suites you best.
For the third option: what @fm-sys says can be done with this option too. I had the feeling that it should be kept, but I am not insisting in anything.",0,0,1,0
1224,"Maybe we need a separate configuration for the landscape mode. (only on line text, but more space left and right)",0,0,0,1
1225,"Just merged your latest change.
But if I understand correctly it will not be effective on devices >= Android 8.0 due to the original issue.",0,1,0,0
1226,"I wouldn't qualify that as a bug: the text smileys are transformed into images by geocaching.com. Until then, they really are text smileys.",0,0,0,1
1227,Translations added to release and merged to master,0,1,0,0
1228,"maybe this is also related to the failing tests #8706
I tested this multible times without any specific steps. Just a fresh install and directly navigating to offline map. Same happens when I restore a backup.
So probably this is a device specific problem",1,1,0,0
1229,"For me, on Idea 2016.1, just opening the project and click sync gradle removes .iml files and create .idea/ directory structure... This is quiet annoying while commiting to see all those diff not related to the work going on. For me we should migrate.
I've opened a PR #5656 for others to test with their respective IDE.",0,0,0,1
1230,"Independent of the discussion about whether to have a ""new"" button or not, I like flattening the list menu, therefore merging that one.",0,0,1,0
1231,"Version 2015.06.15 was just published to 1% of the market.
@kumy: Just a heads up in case you want to watch your server.",0,0,0,1
1232,Why not base that on the cache's header coordinates?,0,0,0,1
1233,"Thanks for the feedback. I fully understand that loading additional data which is not in the gpx file is not possible.
But as there are links to some images in gpx files the import should download at least the linked images. Of course only if offline storing of images is activated in the options.
As cgeo does not know what did generate the gpx file their could be any image links included. So additionally the recognition of gsak specific image tag links would be appreciated e.g. gsak:CacheImages. Possible this should be a separate feature request.",0,0,0,1
1234,"Yes, it working with OSM on- and offline.
So I close this as duplicate.",0,0,0,1
1235,"Here is what we get from the search  API:
{
            ""Id"": ""f4ea9d5f-5ded-4043-8ac3-65cd6b7e4752"",
            ""Title"": ""Swakopmund Adventure Lab"",
            ""KeyImageUrl"": ""https://gsmediadata.blob.core.windows.net/mediacontainer/25167c65-f4dc-4205-8e5a-e74731361e15"",
            ""SmartLink"": ""9521c103-faf2-4e9a-82e2-7a3a42667fc7"",
            ""DeepLink"": ""https://labs.geocaching.com/goto/9521c103-faf2-4e9a-82e2-7a3a42667fc7"",
            ""FirebaseDynamicLink"": ""https://adventurelab.page.link/f96j"",
            ""Description"": """",
            ""OwnerPublicGuid"": ""e22db7fa-6045-4d09-823c-0f2bda0d4f2e"",
            ""Visibility"": 2,
            ""CreatedUtc"": ""0001-01-01T00:00:00"",
            ""PublishedUtc"": ""2020-12-16T04:35:06.13"",
            ""IsArchived"": false,
            ""RatingsAverage"": 4.7,
            ""RatingsTotalCount"": 7,
            ""Location"": {
                ""Latitude"": -22.67625,
                ""Longitude"": 14.5248,
                ""Altitude"": null
            },
            ""StagesTotalCount"": 5,
            ""IsTest"": false,
            ""IsComplete"": false
        }

Id is what I put into cache.geocode
the last part of FirebaseDynamicLink I put into cache.uuid and use the full link for ""Open in Brower"".
I believe that interface has changed recently. And there will be changes for sure. And they will happen without notice for sure.
I'd assume it doesn't matter for launching the app whether we use the FirebaseDynamicLink or the SmartLink. I'd have to test. I just used one that works and felt more comforable with the short identifier atin FirebaseDynamikLink",0,0,0,1
1236,will be fixed with PR #8985,0,0,0,1
1237,"I've now only implemented it for logs. I see no problem in somehow implementing that for the cache description itself also, but I would like to see a good concept for how to enable/invoke that for cache descriptions first.",0,0,0,1
1238,"@jakedot @Lomanic
If you need assistance you should try to reach some of the team on our IRC channel (freenode.net #cgeo). Best time is evening hours (europe) or weekends.
Else feel free to open an issue here with details about your setup and the problem you are having to get it working.",0,0,0,1
1239,What does that mean at all? I think it makes no sense for most users?,0,0,0,1
1240,Agreed from my side...my personal testing usecase is nothing users do normally.,0,0,0,1
1241,"Michael Keppler dixit:

@mirabilos Nope. This is cache content, not platform output.
Oh, okay then. This read as ""all OC caches have one non-working link"" to me, but if it isn't so, it's definitely the cache owner's fault.",0,0,0,1
1242,"Nice addition, thanks!

What do you think?

IMHO let's merge it to master first, test it in the nightlies in parallel to current beta phase, and if it works out well we can include it in release by cherry-picking, otherwise refine it on master.",0,0,0,1
1243,I'd been having this issue with my Samsung Galaxy SIII - I was recently pleased to see that the most recent update to c:geo (version 2015.1.12) completely fixed the problem for me! No de-install/re-install needed.,0,1,0,0
1244,I'll try to test again tomorrow.,0,0,0,1
1245,Checking the live map this morning i noticed that stored caches are marked as non-reliable. After a refresh they are displayed correctly (as reliable). What about a general database update (set reliable where listId >= 1) in cgeodata ?,1,0,0,0
1246,"Cannot reproduce here, tested with both OSM offline maps and Google maps:
As soon as I close the ""map quick settings"" popup after changing from e. g. ""walk"" to ""car"" the route gets recalculated according to the chosen method.",0,0,1,0
1247,"android:versionCode=""20120511"" android:versionName=""1105-bdf40be""

This is extracted from a freshly downloaded nightly.",0,0,0,1
1248,"The RC version looks rather stable in my tests on the long weekend.
I had one crash after long time of using the live map, but was unable to debug/reproduce. Most probably a problem we have had already in the past.
However before releasing this version I am still a little concerned about the change of functionality in the waypoint edit view (pressing back key will save changes but discarded them in the past).
Any chance we at least get the workaround mentioned by @rsudev above in place for this release (i.e. no save on back). Additionally @konpapa seemed to start working on a dialog but I am not sure if it is wise to implement it in this release as well (assuming it is ready soon)? Comments?",1,0,0,0
1249,"IIRC one reason for the percentage not being available on every cache-page right away (or in exports for that matter) is, that it is relatively expensive to calculate for gc.com. Not sure if we want to put the additional load on them...
Of course we could display favorites/all finds, but that probably would create even more confusion...",1,0,1,0
1250,"Ideally, and I am not even sure something like this can be done with the Android UI framework, if that checkbox that is currently labeled ""Show direction"" is not checked, the ""Routing"" line and everything below, should not even be visible as it has zero effect on what is shown on the map.

That is definitely possible. However, routing was for a long time a hidden function that almost no one knew although it is very useful. Therefore, we now show a playstore link to the brouter app if it is not installed. Hiding the buttons would mean that this  prominent advertisement is missing. A 4th button in this row would be both logical and vertically space-saving...",1,0,0,0
1251,"Hi, while trying to implement this I have discovered, that clicking on List title fires dialog for switching between lists ... so horizontal switching is really overkill. I think that problem is, that users don't know, that they can switch lists this way. We have to decide how to show this feature to user.",1,0,0,0
1252,"Looks perfectly fine. Just one hint regarding your test scenario; If you use it to just test the display of theme names, everything is fine, but if you additionally want to check if the themes really work in the map (e. g. while testing the folder sync), the subfolder\Elements.xml will most probably not, as OpenAndroMap theme .xml files need an ele_res folder besides it, otherwise they will not find their .svg files.",1,0,0,0
1253,"Thanks for your suggestion.
In fact a duplicate of #5801 and #4457.",0,0,0,1
1254,"I'm not talking about the shown values but about the real battery runtime. It is possible that it shows c:geo with 80% and the battery will run the same time as without c:geo installed at all.
This is a known bug in Android and c:geo, but only cosmetic.
Regarding ""exit"": Android doesn't know the concept of ""exit"" an app. You simply move to another app, that's all.",1,0,0,0
1255,"So ... at start this is a list of self made dialogs in c:geo (which needs to be refactored before closing this issue):
GPX Export (sharing of exported caches via menu)
Field Notes Export",0,0,0,1
1256,"I don't think so: even without a password, GCvote is active as ratings will be retrieved.",0,0,0,1
1257,"Note that removing fields usually does not require to bump the database version: they will be ignored if present, and not created if starting from scratch. That's what I did for latlon in 3451278.
That will not work for NOT NULL fields though, such as updated.",0,0,0,1
1258,"I think the first case is ok since the result is gray (=invalid).
The second case should also lead to a gray result.
I had a case where an 'x' was taken as multiplication operator sign: (Ax3-2)
Took some time to find the problem. But the result was also gray.
Same for negative numbers.
A different question is if a grayed out result font is enough indication for being invalid. Maybe an icon, e.g. ÔøΩÔøΩ or ÔøΩÔøΩ, or different background colors would help here.",0,0,1,0
1259,As it seems to be in writeLogs it is probably an issue in one of the log entries. I suspect the relevant character is even visible in the stacktrace (d83d). With that we should be able to produce a test case and see how we might fix such a situation (as it is probably nothing the user can do anything about),0,0,0,1
1260,"It seems gc.com got it working again.
However the question remains if and how we should handle this situation.",0,0,0,1
1261,"Yes, the cached caches are displayed. A nice feature, also if it was not intended. The user might expect this behavior, so it's ok.
It's only strange, that offline-caches are merged without filtering in not-live-mode.",0,0,0,1
1262,Now also tested consecutuve moving with my Samsung S7 which orginally revealed this problem. This time everytime is running smooth. Seems the recent changes made it more reliable. Closing for now.,0,0,0,1
1263,"Aehm, own and found is not mutally exclusive ,-) Think about an event that you have organized (and visited, too) or about a cache that you have found and later adopted.
If we divide the marker into a 3x3 field we could display 9 additional informations at maximum. I think that is to much. So the question is: what is the most important additional information needed by the user ?",1,0,0,0
1264,"I have some problems with my local workspace now: Running tests with a debug launch config works fine, running them with a run launch config leads to several ClassNotFoundExceptions for the Settings class. I've cleaned the workspace twice and have no clue what's going on. Anybody who can confirm or falsify this experience?",0,0,0,1
1265,"Okay, I've just pushed a JSON implementation of the SQL BLOB.
I haven't spent much time checking things but thought I'd push it through before I went to bed so you guys could see it.  I'll look over it more thoroughly tomorrow evening, then will get onto the other issues.
Cheers,
Slarti.",0,0,0,1
1266,"It should not get expanded and stay as ""[NUMBER]"" (as ""[FOOBAR]"" will stay as ""[FOOBAR]""). What does it do now?",0,0,0,1
1267,"Google Maps is not mandatory for c:geo (so that it works on x86 emulator).
Concerning status, I'm not sure we should do it. F-droid choses to build their own version, which is their right, but we should not concern ourselves with offering an infrastructure for every alternate (i.e. not signed by us) version of c:geo. If they want to count their users, let them do that.
Moreover, they will already benefit from general messages targeting c:geo users. What they won't have is messages telling them to upgrade, and this is fine because we have no control over the timing of f-droid c:geo releases.",1,1,0,0
1268,Please use the search next time: #6,0,0,0,1
1269,"Having a blank there is the typographically correct way, at least for English and German. That's why this should stay as is. You are also not complaining about your Swipe keyboard inserting blanks between words, so why do you complain here? If you feel this is wrong for other languages, then please add conditional code depending on the language.
I really want to have c:geo stand up against the general trend of people ignoring all rules of grammar, capitalization, punctuation, typography... en masse on the Internet.",0,1,1,0
1270,"So, in this case it is a fault on gc.com ¬†or not.
We only need to be sure the field notes contain the correct z-time.
Von Samsung Mobile gesendet
-------- Original message --------
Subject: Re: [c-geo-opensource] Timezone incorrect in field note export (#1616)
From: campbeb reply@reply.github.com
To: Lars gc@droescher.eu
CC:
@Lineflyer
It will only work if user sets their time zone on gc.com as well.

Reply to this email directly or view it on GitHub:
#1616 (comment)",0,1,0,0
1271,"Please report to https://github.com/robneild/pocket-query-creator if you keep having problems.
But for me it logs in, syncs my existing PQ and is able to generate a new one.",0,0,0,1
1272,"Thanks for your changes. I really appreciate them. I commented several times on your code. Please don't take this as offense or as some negative response. It is really normal that for the first pull requests, there will be some more critical comments than in the future. You simply cannot know beforehand, what kind of things are important to the project besides the pure functionality. And we all started like that and experienced the ""horror"" of critical remarks. :)",0,0,0,1
1273,"I have had something similar happen to me since I updated recently. Currently using 2014.01.22-NB-2f53dd8. Using a Note II Android 4.3.
I have to restart c:geo to get GPS location working.
I am not sure it is to do with the amount of sleep time, however, I have not yet determined a cause.",1,0,0,0
1274,"@haarspalter How at all can you verify the content of the ""View all"" if as seen in #5643 it opens Locus immdeiately?",0,0,0,1
1275,"I have an owned GK which I let visit all my cache finds. Logged three GC caches yesterday. All visits showing up normal on the GK website.
Could it be related to @okainov logging them for GC.su caches?",0,0,0,1
1276,"I re-applied the necessary workaround, so it should be fine now.",0,0,0,1
1277,"Personally I like the ""simple toggle"" case myself but agree the current ""hide"" functionality is hard to happen upon naturally. Perhaps it would be worth sacrificing the 'simple toggle' cleanness in order to expose the 'hide' capability more. I'll look into it.

I agree and I like the proposal from @pstorch with toggeling through the ""space case"".",0,0,1,0
1278,"Do you have any customized calendar on your phone ?
Which device is it ?",0,0,0,1
1279,"Please check your SD-card.
Seems cgeo cannot access it, thus failing to show the pictures.
Sometimes reboot can fix it on your phone.",0,0,0,1
1280,Sounds good to me as well. I would try to get a step towards #1037 and #279 done.,0,0,0,1
1281,"If yes - @Lineflyer - can you resent it to the team?

Sent

@Lineflyer did you send it only to bekuno or the whole team. Because I did not receive it and I would need that key too...",0,0,0,1
1282,"I'm not sure what you mean?
Do you want me to post the rest of this stack trace, that I began to write in my initial post above?

CharArrayBuffer.expand (CharArrayBuffer.java:63)
CharArrayBuffer.append (CharArrayBuffer.java:93)
ActivityCompatHoneycomb.toString(RequiredFields.java:225)
getResponseDataNoError (Network.java:417)
...

I thought some of you would have access to the bug reports from users. So with the date, the custom text ""out of memory error 2013-04-07 SP"" and the phone informations you could easily find the matching bug report.
The stack trace does contain your code, or am I missing something?
Have a look in line 417 here: https://github.com/cgeo/c-geo-opensource/blob/master/main/src/cgeo/geocaching/network/Network.java

415    private static String getResponseDataNoError(final HttpResponse response, boolean replaceWhitespace) {
416       try {
417           String data = EntityUtils.toString(response.getEntity(), CharEncoding.UTF_8);
418           return replaceWhitespace ? BaseUtils.replaceWhitespace(data) : data;
419       } catch (Exception e) {
420           Log.e(""getResponseData"", e);
421           return null;
422       }
423   }


Or do you need some other input? Could you tell me how I could give you this input?",0,0,0,1
1283,"Without taking a stance regarding the issue as such I just wanted to share some feedback on your thoughts:

The GPX-Export has no specific relation to field notes. Offline logs just happen to be part of it as all other cache information (if I am not mistaken)
Using the 'share' idiom to hand over more kinds of information to external entities sounds like a good idea to me.
In the cases I recall, sharing is an action on the 'item at hand'. Having to select what to share in a second step seems unexpected, but could work nevertheless.
Long press to change the sharing target is IMO an interaction that is still difficult to discover for most users, would not be too fond of that. What I like is the sharing handling on my device (might be vendor implementation): When sharing something, a shortlist of recent share targets (including the account, e.g. for a messenger app) comes up with an additional list of all share target apps in general.",0,0,1,0
1284,"this is the code line I introduced into ""LocalStorage"" to get the internal dir to store map theme files (I use this method both as target for the sync and as source for getting available themes of course):

@pstorch As you probably introduced/refactored the LocalStorage back then, can you take a look? Looks correct to me.",0,0,0,1
1285,Does anyone know why the restart is needed after wizard completion anyway?,0,0,0,1
1286,"@pictom1
* regarding ""import from android"": when you...My question is if this works (if it doesn't then the problem is general with intents of c:geo, if it does then its specific for images)


It does not work. It also opens up the stored photos file, but no images are displayed. The app freezes at that point.

* since you are a beta tester: did the problem also occur with the beta version?


Yes, this problem occurred before the latest beta update. I was hoping the update would fix the problem. I couldn't find a ""submit problem"" link within the beta version of c:geo. That would be helpful.",1,0,0,0
1287,Are you debugging that yourself? Otherwise the exception type (i.e. the line above the current log excerpt) might be useful for others.,0,0,0,1
1288,"I tried again today...now it is OK.
Yesterday I tried several times without success.
Sorry for bothering...maybe gc.com had some problems in the last days.",0,0,0,1
1289,I recently posted some crash reports from Google Play as issues here. If anyone knows what can be fixed easily feel free to do so: Issues Google play related,1,0,0,0
1290,Now I switched between two lists and became numbers on black background with a light coloured frame. Changing to another app and back (onResume) brings the colours back to normal.,1,1,0,0
1291,"When I try to run live maps, nothing happened for a while and then get the error message that the application is not responding. The same happens on a cache when navigating - Map. I use two SE XPERIA arc. The problem comes with both.",1,0,0,0
1292,Any idea for a workaround or fix which could be included in the upcoming release?,0,0,0,1
1293,"By the way, this effect is not with version 2019.06.06 on a Android 9 device.
I could reproduce it with a Android 7 device.",0,0,0,1
1294,"BTW: When looking for the reset ""Button"", I first checked the map settings region ... was a little bit astonished, to finally find it in the map menu. YMMV, but I would say, settings would be the better place, cause a) you don't need this function every day and b) in the map menu it can easily be hit accidentally (although there's the ""do you really"" question).",1,0,0,0
1295,"With the crash: you're right. I screwed it up. waypoint.getNote() can be null and I now call HTML.fromHtml() unconditionally.
Also can be easily reproduced on a duplicated waypoint where the note gets null after the first save.",0,0,0,1
1296,"I am using OSMand 1.8.3 loaded from Playstore together with c:geo 2014.09.22-NB which is working fine.
I have no information about what OSMand changed in their nightly.",0,0,0,1
1297,"Regarding GeocachePhotos: #3438
And when I see this commit d48b4a6 it was called GeocacheSpoilers before.
I'll check where we put the photos taken with c:geo.",0,0,0,1
1298,@Sufer62 Did you try out the options mentioned by myself ? I think that should be really sufficient for wp-handling,0,0,0,1
1299,Ah ok. I will hav a look at tomorrows NB and try again from the perspective of a first time user.,0,0,1,0
1300,"GPX does not define any link between individual waypoints. c:geo guesses this link by looking at the name of the waypoint: It must have the format xxy* where xx is a random (but unique) identifier for that waypoint for that cache and y* is the GC code without GC.
Example: GC12345 ‚Üí PK12345 (parking waypoint)
Other apps may detect that this file contains only a single cache waypoint and interprets all other waypoints as children. Our data model is not capable of handling this case currently.",0,0,0,1
1301,,1,1,0,0
1302,"Support for backups on external SD cards was removed back in 4.23. Did Signal store a backup on the external SD card? If so, can you explain more about how you have your external SD card setup? Is it setup to mimic internal storage?",0,0,0,1
1303,"Another   Debug Log
Mms fails to send.
If a mms comes in i'm notified to switch on mobile data. Afterwards receiving works. But sending won't work.
Workflow: send a Image to signal user. Forward the sent message as mms to non-signal user.",1,0,0,0
1304,"Wow, I can't read ""SMS"" on my Galaxy Nexus. Maybe we can leave out the ""arrow"" (dunno how to call it) at the bottom of the gray bubble? I think it's duplicated to the one at the right of the message bubble. Without it, I'd call it a badge (to stay with twitter bootstrap slang). Now you can make the badge and the font size bigger.
Another idea: take the padlock, turn it by 90¬∞, enlarge the ""body"" and write SMS into it. Now we only have to but one symbol next to the time. Don't know if this still looks any good.",0,1,0,0
1305,"It happens within a minute in most cases. (LG G3) For me it happens less while on the network (LTE).
I believe this has been problem since day 1 of new video/voice calling. I thought it was a minor bug so wasn't taking it seriously until I finally confirmed this was happening in such frequency. Unfortunately I've stopped making voice/video calls as it annoys other end when this happens.
I am up to 7.1.2 on both LG G3 & OPO + Signal 4.4.0
Call 1 > OPO to G3 lasted 5 minutes, hung up
Call 2 > G3 to G3 mic cut off both ways, 2 minutes
Call 3 > G3 to G3 mic cut off one way, then shortly after both ways, 3 minutes
Something may be related: phone goes unresponsive to power button press mid-call. Screen eventually wakes up after few seconds. Unresponsiveness persists even after I end the problematic call for a little while as if background task is slowing the phone down.",1,0,1,0
1306,"What is still too dark using the dark theme, though, is the ""background text"", i. e. the string registration_lock_reminder_view__enter_pin (""Enter PIN"") which is shown as long as you haven't entered anything. I nearly cannot see it.",0,1,0,0
1307,the stacktraces you expierenced in the log have nothing to do with it,0,0,0,1
1308,"@Tursko My phone supports it, but I don't use it and have it disabled.",0,0,0,1
1309,"Ok, the update fixed the problem for me :)",0,0,0,1
1310,"Just threw it on a device and ran through it, a couple comments on the general preferences flow:

unsure that we should stick with ""Access lock,"" it's kind of confusing. Any ideas for a better name? Device protection?
Enter key sends should probably have a dependency on Enable Enter key unless I'm missing something (not related to your change, that's in master right now).
super nitpick, the On and Off in SMS/MMS summary would look better lowercase.",0,0,0,1
1311,"It will be better if someone can add a splash screen with Signal's beautiful logo, that will be much better then a black screen during loading the application

Hey and welcome .
Please note github is only used for bug reports. The community forum ( https://community.signalusers.org/ ) is the preferred place for feature requests.",0,0,1,0
1312,"07-25 10:56:21.740 26075 26788 E AndroidRuntime: java.lang.AssertionError: assert
07-25 10:56:21.740 26075 26788 E AndroidRuntime: 	at org.thoughtcrime.securesms.service.WebRtcCallService.handleAnswerCall(WebRtcCallService.java:722)
07-25 10:56:21.740 26075 26788 E AndroidRuntime: 	at org.thoughtcrime.securesms.service.WebRtcCallService.lambda$onStartCommand$0$WebRtcCallService(WebRtcCallService.java:211)
07-25 10:56:21.740 26075 26788 E AndroidRuntime: 	at org.thoughtcrime.securesms.service.WebRtcCallService$$Lambda$0.run(Unknown Source:4)
07-25 10:56:21.740 26075 26788 E AndroidRuntime: 	at java.util.concurrent.ThreadPoolExecutor.runWorker(ThreadPoolExecutor.java:1162)
07-25 10:56:21.740 26075 26788 E AndroidRuntime: 	at java.util.concurrent.ThreadPoolExecutor$Worker.run(ThreadPoolExecutor.java:636)
07-25 10:56:21.740 26075 26788 E AndroidRuntime: 	at java.lang.Thread.run(Thread.java:764)",0,0,0,1
1313,"made some small tweaks, in 3.6.0 now. Thanks much!",0,0,0,1
1314,"Will post debug log soon. Stock Messaging works perfectly well on Google Fi.

Dmitri
‚Ä¶
________________________________
From: AJ Jordan <notifications@github.com>
Sent: Saturday, November 9, 2019 8:28:59 PM
To: signalapp/Signal-Android <Signal-Android@noreply.github.com>
Cc: Dmitri Smirnov <dmitrism@microsoft.com>; Author <author@noreply.github.com>
Subject: Re: [signalapp/Signal-Android] MMS are either not received or delayed for up to 24 hours. Pixel 3 XL. (#9172)


You might also try switching to the default Android messaging app temporarily, and getting a friend to send you a test message. That would eliminate carrier issues as the cause.

‚Äî
You are receiving this because you authored the thread.
Reply to this email directly, view it on GitHub<https://nam06.safelinks.protection.outlook.com/?url=https%3A%2F%2Fgithub.com%2Fsignalapp%2FSignal-Android%2Fissues%2F9172%3Femail_source%3Dnotifications%26email_token%3DACWHYNAW3B6M6ZX6XH7QQ7LQS6EYXA5CNFSM4JLBXCW2YY3PNVWWK3TUL52HS4DFVREXG43VMVBW63LNMVXHJKTDN5WW2ZLOORPWSZGOEDUVCJI%23issuecomment-552161573&data=02%7C01%7Cdmitrism%40microsoft.com%7C288c237b16574ce8ad2a08d7659681da%7C72f988bf86f141af91ab2d7cd011db47%7C1%7C0%7C637089569408975023&sdata=DSi6f4V6lcly7feeemvLiKeZ6b0YdVsGdsT%2FxtFTmAU%3D&reserved=0>, or unsubscribe<https://nam06.safelinks.protection.outlook.com/?url=https%3A%2F%2Fgithub.com%2Fnotifications%2Funsubscribe-auth%2FACWHYNG4Z35F5R56MONM4MDQS6EYXANCNFSM4JLBXCWQ&data=02%7C01%7Cdmitrism%40microsoft.com%7C288c237b16574ce8ad2a08d7659681da%7C72f988bf86f141af91ab2d7cd011db47%7C1%7C0%7C637089569408975023&sdata=KIJ%2FPS9nNKlbuQWnFMXhm5grxI%2B8ABds6NHDLZojCt4%3D&reserved=0>.",0,0,0,1
1315,"I think it is very important for users that they can clearly distinguish the network-connection-phase from the partner's-phone-is-ringing-phase. Therefore i'd not change something in this area. I'm quite sure there have been issue-reports where users complained the distinction was not clear enough now (and the network-connection needs too long, but that seems to be network dependend).
A sonar sound while searching network connection seems to me really intuitive. I understood it immediately when first using Redphone. And i like the ping which alerts me that now somebody could answer my call and i should listen more carefully than before.",1,0,0,0
1316,"I've just been speaking to the guy I tried to get it to work for.
He installed it, sent me a bunch of PUSH messages that all worked fine.
I didn't reply quickly enough, he got annoyed and then uninstalled.
When I spoke to him later, he re-installed.  I got a message that I had the wrong key for him, so I selected the option that said ""Yup I'm happy this isn't MITM attack, OK""
Then we got the errors.  I had to end the secure session, re-establish it then it worked.
I hope this helps, sorry, I should have added this detail to my original report.",0,0,0,1
1317,"@moxie0 copying the link text works ÔøΩÔøΩ
https://gist.github.com/anonymous/f557892b53590b36d9c682b5c66ca08f",0,0,0,1
1318,"By the way, if we're talking about this anyway.. Would you consider swapping the word 'push' for 'data'? Average Joe does not have the slightest idea what push may be, but 'data' is something he pays for and thus he probably knows that this is 'the internet on the phone'...",0,0,0,1
1319,"I think you're missing the point.
The app shouldn't resend messages that are not delivered. Messages should ALWAYS be delivered (if the recipient is online of course), period. What I don't get is why messages stopped being delivered since they introduced delivery receipts. THAT'S the bug for how I see it.",1,0,0,0
1320,"It was working fine in Samsung phone with Android 8.1.0, but I will wait for the next fix @greyson-signal and thank you.",0,0,0,1
1321,"Great, this is fixed! Thank you!",0,0,0,1
1322,"Hi, got a little side-tracked.


Nope, ""Always Relay Calls"" wasn't activated. Debug logs


Both sides were seeing the jumpy video and it was in both directions. Audio always stayed stable. It was only video that would sometimes slow down and desync.


Consumption stayed steady at 10%",0,0,0,1
1323,"just to add to context here are my phone time clocks from the website time.is
phone 1
0.029 seconds
phone 2
0.028 seconds
this is when you load the website, however if you leave that running for a minute or so, the time delay expands, i wonder if this affects. if you reload the site again, then the time difference is again very small.
as i am writing this, without reloading the website, i can see the delay is growing. like a good solid second,
so is it what happens that if you call first time and get network failed! that's when the clock is out by say 1 second, yet when you call again, it has been pinged so it can hook correctly next time?",0,0,0,1
1324,I can confirm this behavior. This is a must have feature.,0,0,0,1
1325,"Never mind, I'll reinstall, although it's a pity to loose the saved conversations and photos.
It would be great to really be able to do a complete backup (including configuration/keys) in some future version.",1,0,0,0
1326,"you're right, I thought it would be more complicated:

Still not that beautiful though ÔøΩÔøΩ",0,0,0,1
1327,"For many carriers, fetching MMS messages requires that you flip the radio into a specific ""MMS"" state.  This allows you to hit the IP address of the MMSC, which is often an RFC1918 address, and not publicly accessible.  This may not be true for CDMA, I dunno.
It's weird that you can fetch it from your browser, but the app is getting 403.  Can you see what happens when you hit the URL with ""curl -i "" from your desktop? (Or alternately, send the unobfuscated URL to me at moxie at moxie.org).  Maybe there's a 302 or something in there that we're missing.",0,0,0,1
1328,"If you want the initial query to run more quickly, you could include a limit, but I don't see a reason to swtich from a cursor.  #1094 is a problem for an old GB device, though, so I'd want to see a demonstration that this is a problem on current devices before investing time or increasing code complexity for an optimization.",0,1,0,0
1329,What @nrizzio said. Closing as duplicate.,0,0,0,1
1330,"GitHub Issue Cleanup:
See #7598 for more information.",0,0,0,1
1331,"@moxie0, there is a need for encrypted SMS and there is a need for delivering short message over the data channel. TextSecure provides very reasonable solutions for both of these problems. However, it was probably a bad idea to try and solve both problems in the same application!
Instead of having one app do both of these (somewhat orthogonal) tasks, there should have been an ""SMS encryption"" app and a ""Secure Push"" app. This split would have greatly simplified your user interfaces, and it would have been much easier for users to understand the difference. As it is now, TextSecure is far too complicated. Even experienced users with a good background in crypto and networking cannot easily predict how the app is going to behave under certain circumstances, and this trait is quite undesirable for a program that's supposed to provide privacy and security.",1,0,0,0
1332,"Yesterday I installed the OS and today I used titanium backup to get everything, including signal, back on my phone again. First it worked for some time, but at some point it started to fail me. When it started to fail me I decided to download the latest apk from the signal website, but it didn't fix the problem.",1,0,0,0
1333,"I found out some Minutes ago: After starting Google Hangout, Text Secure will recieve all missing messages. Maybe a problem with GCM?",1,0,0,0
1334,Signatures in an instant messaging app doesn't really make sense for me. For what do you need signatures?,0,0,0,1
1335,"GitHub Issue Cleanup:
See #7598 for more information.",0,0,0,1
1336,"Yeiii! I've solved the issue.
I went to Signal settings. Then into Chats and media and from there under Media auto-download, I checked all: Images, Audio and Video when using mobile data.
That seemed to have fixed the problem.",0,0,0,1
1337,"I'm very excited about these developments, and will be pulling this locally and having a play around with it later, but in the meantime here are some comments.
This is a definite step in the right direction, much better than having to open the context menu for each message individually, but I still feel this is not quite enough... To compare it with hangouts:
The Good:

It saves space (there is more room for your message)

The Bad:

It is too hidden...

My first hand experience was that it took me a while to discover the previous context menus for the send button, and I am going to extrapolate here and guess that the average user will find the same problem, and may never find this context menu. To solve that, we could either introduce a UI hint on first use, or make it more hangouts-y... and i feel a UI hint would bee to complicated, and a user may forget the feature. Basically, for the time being, we will still be getting issues reported where people haven't discovered this, and there will be many many more users who won't have even reported anything, and just got frustrated / uninstalled the app.
In short, I think we should go even further with the transport selector, and follow the hangouts style completely.
Also worth noting here, if this is indeed temporary, and doesn't persist on a per-contact basis, this is something we should add too. I can't imagine users wanting to set their transport preference each time they open a message thread.
</$0.02>",1,0,1,0
1338,I have the same issue with Huawei P30 Pro / Android 10 / EMUI 11 / C431E8R2P3,0,0,0,1
1339,"@hunleyd thanks for your opinion! Could you mention that in #945? We moved the discussion about the message colors over there so we don't get off topic in this one ;-)
There are also new versions over there, take a look!",0,0,0,1
1340,"Maybe more duplicate of #7097
Closing here.",0,0,0,1
1341,"ok, then i guess my ticket is just that i want to clean up my list of keys. this might sound frivolous but after many years of using textsecure the list on contact's keys could get pretty big and be hard to manage: it could take a long time to find keys you are looking for. also, the key database will get larger and larger... the size of this database is quite insignificant compared to the size of sd cards, i know, especially as they get bigger and bigger with new technology... but, well, yeah.",0,0,0,1
1342,"Sure: https://debuglogs.org/5e2db280111ac04ef7ccd2e70bdea2b40d4601ed1cbc2d085c19a1bef6545cc8
Though the ""memory free"" line looks suspicious. Android tells me, that I'm using a bit over 50 % of the 2 GB installed.",0,0,0,1
1343,"@jeffbl I decided to go ahead and blacklist the 6p from hardware AEC, hopefully that'll solve things for you. 6b8336d",0,0,0,1
1344,"Awesome. thanks!
The background pattern color doesn't feel 100% right though.
And maybe @mcginty could tell if the grey icon should be used here.",0,1,0,0
1345,"GitHub Issue Cleanup:
See #7598 for more information.",0,0,0,1
1346,"Hi @ikender  and welcome,
Please note github is only used for bug reports. The community forum ( https://community.signalusers.org/ ) is the preferred place for feature requests. A lot of discussing about usernames can be found there and it's actually something already being worked on. See e.g. https://community.signalusers.org/t/signal-introducing-usernames/9157.",0,0,0,1
1347,"The message deletion timer starts when the attachment has been ""read"", but it should be when the attachment has completed downloading.

What about the auto download setting? Wouldn't this lead to potentially deleting the message before the user has actually seen it?",1,0,0,0
1348,"ÔøΩÔøΩ

""This branch has conflicts that must be resolved""",0,0,0,1
1349,"Copying my issue description from #2293:

Currently message delivery is unreliable. It often happens that I send a message to someone, but do not get a message receipt (check-mark icon). Messages sent later get a receipt. When I talk to the person a few hours later, they tell me they did not receive the message.
This issue is not limited to me sending, but also happens the other way around. It also happens for other people, as I have been told. It also happens for the message receipts themselves ‚Äì sometimes a message arrives on my phone, but the sender never receives the receipt. The CyanogenMod integrated WhisperPush service is not involved. The issue happens between stock Android users, as well as with CyanogenMod users.
From reading other issues I understand that GCM does not offer reliable delivery. I wonder if the equivalent of XEP-0198 section 4 ""Acks"" could be implemented on top of it in TextSecure.
Possible duplicates: #679, #970, #1971, #2098, #2238",1,0,0,0
1350,"@jebljunk I've been seeing intermittent issues with iPhone users either not getting notifications or not getting messages delivered until they check the app, wake their phone, etc. They have been going on a long time but they are very hard to pin down. I know this doesn't address your concern here, but it might be worth a check with your iPhone-using contacts to see if the app is performing as it should.",1,0,0,0
1351,"I also have problems sending pictures. it often takes about 4mins to send them, but doesnt block messages. happens in about 50% of cases. internet connection is good.
any updates here?
are the servers overloaded?",1,0,0,0
1352,I have the same problem. I will try the workaround,0,0,0,1
1353,"I have encountered the same issue. Hundreds of copies send to the recipients.
Huawei p30, two sims. (danish TDC and 3 networks)
Problem occurs on both sims, no matter if the sending sim was on or off when I hit send.
Recipients are not on Signal, so SMS or MMS are used.
There seem to be a pattern of 5 messages,, a few minutes without  and then another burst of messages.
How do I generate a log to attach?",1,0,0,0
1354,"@moxie0 its done on c1e3bff
I think it will brake soon but there is other improvements like checking sha256sum that would be nice to merge (#6121)",0,0,0,1
1355,"Well the bad news is that that is not we're not talking about the same thing. The good news is yes, you can. You hold down the message, then click on the three dots, and then ""Forward message"". You can't share to other apps, but you can share to SMS and Signal users.
Edit: What I was talking about is the ability to share links in other apps (i.e. Youtube & Reddit) directly to conversations, skipping the step to click on the app you're looking for in the ""Share"" box, like shown above.",0,0,1,0
1356,"@Prillan From the testing I've done, the deviation appears to be too much. The CPU on most Android devices I've tested, other than tablets, is heavily impacted by work from other processes making a linear assumption much more difficult. If there were no other processes running on the device, I think the results might be more linear.
In a previous version, I had the runs incrementing by iterations of 5k, as you suggested, but the deviation is fairly inconsistent and on some old devices, the 5k increment and decrement was too large to hit the target time range causing the search to bounce between 10k and 15k for 30+ seconds.
There is a fine line for finding the right amount of iterations to increment by in order to scale up quickly in large increments to hit the target range on a tablet, such as the Nexus 10 at 60k iterations in 1-2 secs, but also be able to scale up quickly in small increments to hit the target range on a low end device at 10-15k iterations in the same 1-2 secs.
Feel free to grab the app, compile and test on your devices. I'm not sure how much work needs to be done on the algorithm to reach the desired end state.
If @moxie0 has a chance, I'd be interested to see his feedback on whether the binary search with dynamic steps in https://github.com/joeykrim/PBEKeyTester is a good route or if he prefers a different approach?",1,0,0,0
1357,"See issue #127
Support for WebSockets is planed (#1000), but nothing has been implemeted
afaik.",0,0,0,1
1358,"Not necessarily. I saw the fix in that thread by changing Advanced MMS settings in Signal, but I don't have that option in my settings.",0,0,0,1
1359,"Duplicate of #6660?
java.lang.IllegalStateException: couldn't move cursor to position 500
        at org.thoughtcrime.securesms.database.CursorRecyclerViewAdapter.getCursorAtPositionOrThrow(CursorRecyclerViewAdapter.java:189)
        at org.thoughtcrime.securesms.database.FastCursorRecyclerViewAdapter.getRecordForPositionOrThrow(FastCursorRecyclerViewAdapter.java:89)
        at org.thoughtcrime.securesms.ConversationAdapter.findLastSeenPosition(ConversationAdapter.java:320)
        at org.thoughtcrime.securesms.ConversationFragment.onLoadFinished(ConversationFragment.java:441)
        at org.thoughtcrime.securesms.ConversationFragment.onLoadFinished(ConversationFragment.java:88)
        at android.support.v4.app.LoaderManagerImpl$LoaderInfo.callOnLoadFinished(LoaderManager.java:476)
        at android.support.v4.app.LoaderManagerImpl$LoaderInfo.onLoadComplete(LoaderManager.java:444)
        at android.support.v4.content.Loader.deliverResult(Loader.java:126)
        at org.thoughtcrime.securesms.util.AbstractCursorLoader.deliverResult(AbstractCursorLoader.java:39)
        at org.thoughtcrime.securesms.util.AbstractCursorLoader.deliverResult(AbstractCursorLoader.java:11)
        at android.support.v4.content.AsyncTaskLoader.dispatchOnLoadComplete(AsyncTaskLoader.java:252)
        at android.support.v4.content.AsyncTaskLoader$LoadTask.onPostExecute(AsyncTaskLoader.java:80)
        at android.support.v4.content.ModernAsyncTask.finish(ModernAsyncTask.java:485)
        at android.support.v4.content.ModernAsyncTask$InternalHandler.handleMessage(ModernAsyncTask.java:502)
        at android.os.Handler.dispatchMessage(Handler.java:102)
        at android.os.Looper.loop(Looper.java:171)
        at android.app.ActivityThread.main(ActivityThread.java:5454)
        at java.lang.reflect.Method.invoke(Native Method)
        at com.android.internal.os.ZygoteInit$MethodAndArgsCaller.run(ZygoteInit.java:726)
        at com.android.internal.os.ZygoteInit.main(ZygoteInit.java:616)

not sure if that matters, but in both reports, the crashes occured when entering a group conversation.",1,0,0,0
1360,"Okay. If someone still knows which devices this was for, we could maybe limit it to those?
But it's of course no urgent problem.",0,0,0,1
1361,"@wb-higgins and @BienquistaBromista, does MMS work for you with the stock MMS app (not hangouts)? We recently switched to using the Android system APIs for sending/receiving MMS, which means that the APN information is now drawn from what's configured in your system settings rather than from the APN database we were using.  Can you check to make sure that information is correct for your carrier?",0,0,0,1
1362,"Good to hear that its resolved for you. Don't know if you're planning to join the beta again any time soon but if you chose so it's highly appreciated to share a debug log if you run into an issue. By doing so the production version can be as stable as possible. But keep in mind that being on the beta always bring in an additional risk of running into issues.
Since there is no additional data can you please close the ticket? (Can't do it myself since I'm no Signal developer, just a volunteer, Thanks!)",0,0,0,1
1363,"According to the logs, a bunch of jobs that were ""stuck"" in WorkManager were migrated to the new JobManager and then subsequently run. I don't see anything stuck at the time of log submission.
Can you be very specific about what's happening?
Previously you said:

Please help because I cannot even send any message to other contacts in Signal

But the logs indicate you have plenty of message sends going through.",1,0,0,0
1364,Although not exactly the same is this similar in root cause to #2068?,0,0,0,1
1365,@greyson-signal my issue is gone after updating to 4.23.4. Backups are now correctly created but I didn't have a change to test if whole process works... but I assume it does ;),0,0,0,1
1366,thanks but we're not going to do this,0,0,0,1
1367,@lukeIam I can confirm this. The nightly from August 18th works for me.,0,0,0,1
1368,"I love the look of the stripes, from a design perspective. But I think they are a bad idea from the UX perspective for all the reasons that were given by others in this ticket already. I also do not see the ""innovation"" in a message bubble with a stripe. Again, from a design perspective it is an obvious variant.
You could put a colored dot, use a 45 deg badge overlaying an edge of the bubble or use a faint pattern with the resp. color in the bg.
But the fact remains they're just obvious variations of the same. Namely ""coloring the bubble"". This has nothing to do with improving UX.
If it doesn't improve UX, you have to ask yourself: why do it? And: does it degrade UX.
Horizontal bars: yes (can't be seen when the bubble is partly visible and at the top of the screen).
Vertical bars: yes (harder to spot/see than a fully colored bubble).
HCI  (human computer interfaces) are subject of scientific study. Being a designer does not make you an HCI expert (and vice versa). This is a very common misconception.
TLDR;
What some people here do not get is that good usability decisions are not made based on ""I like this"", ""it looks nice"", we have 10 participants in this debate vote for A and 5 for B so it will be A. If you do an A/B test with 10k users, and 7k like B better, then you can make a point about B despite all conclusions from before pointing to A. Lacking such data, as we do here, we're down to logic & reasoning.
Good usability is done by people who have lots of experience analyzing a use case and devising an interface considering all constraints. In this debate I often see people making points from their pov. This is useless (pun intended). ;) Forget what you like and try to solely think: Who is the average user? What do they want to do? Will this help them do it or make it harder?
You do not copy other apps because you don't want to innovate. You copy them because messaging apps are not new. There is only so much you can do in terms of innovative UX without punching average users in the face, who have learned certain UX paradigms that all other apps use, to convey certain concepts.
When you do something new, you must never force people to learn something new if you can use a paradigm that is used in another app, which matches your target audience but has several orders of magnitude more users. E.g. WhatsApp, KakaoTalk or FB messenger. This is a design principle for startups that want to attack an existing market.
Do you know why Gimp is hated by Photoshop users? Because everything I learned in PS, menu naming, filter naming, keyboard shortcuts, UI element positions, is different. For no reason other than to be different. There is zero innovation in this.",1,1,0,0
1369,"This would mean that TS would need the server storage capacity (not to mention the data transfer capacity) to store and transfer those pictures. Also, if you would want to sync these pictures into your address book (which I think would be a great feature...), you would want high-resolution pictures, increasing the amount of storage etc. we need...
I'm not sure that's an issue, but servers are to become the bottleneck in the future, I guess (since someone has to pay for them). I'm not sure if the current server owners think this is realistic...",1,0,0,0
1370,"Another possibility, derived from the existing strings 'Name and message' and 'Neither':
Neither name nor message",0,0,0,1
1371,"@zeeshan4971 This is an issue tracker, not a discussion forum.  We can't help you with your Android build environment.",0,0,0,1
1372,"LBE Security Master also marks Textsecure as containing ads. It does not tell, what ads, but I find it a little disturbing.",1,0,0,0
1373,I suspected that change would cause problems. Can you test thoroughly to ensure that this is the last before we do another dot release?,0,0,0,1
1374,"moved the ""TextSecure messages"" option to advanced and updated the screnshots",0,0,0,1
1375,"Haven't looked at the log, but I'm assuming that if you're on a flaky connection, then occasionally the image upload may fail and be subsequently retried.",1,0,0,0
1376,"@L3st3r it's called the average user. If you go and talk to some about these things, you'll see what I mean. By the way, I don't mean your sciency friends, but normal people. They don't get all that technical stuff, as they only have a vague idea of what encryption is all about to begin with. Asking whether their life depends on the messages being secure is something they can answer, choosing security presets confuses them. It is of the utmost importance not to confuse users.
But I don't see the point of continuing this discussion, you guys obviously don't consider my points and I can do much more productive things with my time. I think Moxie and the other authors of TextSecure did an amazing job at creating an intuitive product, and I dare claim that they won't change their mind about simplicity and ease of use because of this.",1,0,1,0
1377,"I'd say:

It's OK to show the unlocked pad in case the user doesn't use TextSecure, but it's not obligatory to show it. The small existing padlock indicates this already, making this redundant.
It's OK to show that you manually verified, but not obligatory to show it. This gives false sense of the message being 100% secure, users will get annoyed when things leak even though they believe they did it right.
If the contact wasn't manually verified don't show that there might be wrong with the encryption, you will confuse users. Showing a indication for this will cause trouble with users, I guarantee it.

There will be confusion if you show indicator for No.3. If you argue that it's important to let the user know that you can't trust the contact, you could just as well argue that you cant trust a manually verified contact in case of compromised phones or w/e. The confusion will lead to trouble, people make things up/believing in wrong information and further spreading false information further confusing more people.
Showing the indicator on the Top-bar of the chat causes issues in group chats and if there are old messages which were not manually verified. Rendering on top of each icon; isn't this waste of resources/clutter? you could just check the contact information to verify. I would leave No.2 up for discussion, but also point out that the indicator will be pointless as when something gets compromised it would could render the encryption pointless giving the user false sense of security. Users are experts at getting confused. Another important point is that the user wants to be spoon fed, the app is suppose to work out of the box, after all the user went through a ""complicated"" setup process to start the program the first time, telling the user that it further has to manually verify each contact makes them want to uninstall it because they believe the app wouldn't work anyhow without out some additional ""hardcore hacker"" steps.
Don't rely 100% on colours to deliver information, colourblindness is an issue and ignoring it isn't going to solve it. The app isn't tailored for you alone.

Bringing color blind people up is a valid point, but we can not make design choices for a small minority, that will negatively impact the usability for the huge majority.

I cringed when I read this. People are vision impaired (think about #945, besides colourblindness there are people with poor eye sight, people with glasses) and may have other handicaps, don't make things difficult, you are here to serve them. The app is confusing/annoying as it is, just by switching chat client users get confused/annoyed because of the change don't give them incentives to go back.


The most important color is red


According to wikipedia:

Color blindness affects a large number of individuals, with protanopia and deuteranopia being the most common types.[6] In individuals with Northern European ancestry, as many as 8 percent of men and 0.5 percent of women experience the common form of red-green color blindness.

Meaning 2 out of 25 men with Northern European ancestry are disappointed. Imagine it as 2 kids in your class have a strong sense of hate towards you. Assuming your class is made of Northern European ancestry. Check these examples:
What it looks like
http://www.colourblindawareness.org/wp-content/themes/outreach/images/slider/types/pigment.jpg
What colour blind people can see:
http://www.colourblindawareness.org/wp-content/themes/outreach/images/slider/types/pigment_d.jpg
http://www.colourblindawareness.org/wp-content/themes/outreach/images/slider/types/pigment_p.jpg
http://www.colourblindawareness.org/wp-content/themes/outreach/images/slider/types/pigment_t.jpg
fullsource: http://www.colourblindawareness.org/colour-blindness/types-of-colour-blindness/
Personally I don't feel like 1,2 or 3 should be shown on the main conversation, I wouldn't mind if No.2 is shown in the contact-details, but this idea shares flaws with the idea of showing a indicator on the Top-bar, that it won't show which messages were verified. The reason I say it shouldn't be shown in the main conversation is that it's still a false sense of security, but then again you could argue the same for the padlock. I'd say that the difference is that the novice user expect the app to encrypt stuff, and the padlock indicates that, adding another indicator to further implicate security is scary to them. This is my comment, make the best of it as you seem fit, but be careful with bloating/clutter.
When you design this app pretend this is the most intelligent user you have:
http://www.youtube.com/watch?v=Bj7LfR5Ee2c
He is capable of following instructions and push WIN+R, even used cmd. He is reasoning the best he can to his understanding, his imagination is strong he will confuse stuff with his best interpretation and spread it with authority and confidence, according to his friends he is the computer expert, he even hacked google once. Take his advice and install Bonzi Buddy.
(I don't mean to offend the kid, I'm trying to make a point, I admire his enthusiasm, hopefully he isn't a troll, I've liked some of his other videos too check them out if you feel like to.)
Users also have a tendency to ignore instructions/information/tutorials.
In the end you're fabricating another false sense of security in the eyes of a novice user.
(Hopefully no one interpreted my message as some kind of attack.)",1,1,1,0
1378,"Well, I could have guessed that ;-)
Deleting the message solved this issue.",0,0,0,1
1379,"I've seen this message infrequently.  Like MatejKovacic, I've just put it down to mangled SMS.  The exact string I see is ""Bad encrypted message...""
Android 4.1.1, kernel 3.0.31-381038
Textsecure 0.8.6",0,0,0,1
1380,"My interpretation may very well be incorrect. In the interest of reducing notification spam, I'm going to take a step back and let Moxie make a determination when he gets around to it. Feel free to make a thread on the forum though.",0,0,0,1
1381,"GitHub Issue Cleanup:
See #7598 for more information.",0,0,0,1
1382,Do contacts appear if you pull-to-refresh on the contact selection screen?,0,0,0,1
1383,"@stephzylstra  ÔøΩÔøΩ almost the same environment:
Nexus 5X,
Signal v4.6.1 and
Android 7.1.2 (=LineageOS 14.1)
Works as expected with both emojis: system and Signal's built-in
P.S. I'm talking about ‚ù§Ô∏è
EDIT: LineageOS without GApps",0,0,0,1
1384,This PR now has an iOS counterpart: signalapp/Signal-iOS#4193,0,0,0,1
1385,This probably is a duplicate of #926 and would be fixed by #928 ...,0,0,0,1
1386,"@iomintz, it has also been strongly rebutted before: #9086 (comment). The argumentation has no technical merit and in the end should be a user choice.",0,0,1,0
1387,"Is there any progress here? Will @theBoatman 's  patch being integrated in the official signal app?
If not, please note your decision here and close this ticket.",0,0,0,1
1388,I don't think I understand. I can't reproduce this by being in portrait orientation. Can you clarify how to make this happen?,0,0,0,1
1389,"Could you maybe find out in your AppSucker what parts of TextSecure you
suspect of draining the battery?
Maybe you can than comment on the closed ticket so the information is in
one place and the ticket could potentially be re-opened if there is a case.",1,0,0,0
1390,@2-4601 I guess that's fixed with the PR mentioned.,0,0,0,1
1391,"Same problem with version 4.19.1
https://debuglogs.org/e9f85cdbaaaa098b5b6a724b72f9f727968698af365ae345447ca06fb5b96270
My backup was created and then copied with SolidExlorer to sdcard/_Backups folder. Next I formated whole phone, installed Signal and tried to create almost empty backup (to naturally create folders where they supposed to be). It counts something (I have only 1 or 2 smses) and does not create anything. I'm on cheepo Chinese phone with 1gb ram, root and xposed.",1,0,0,0
1392,I have the same issue. Both within the notification menu and in quick reply. I will say the mark as read button works occasionally if I haven't replied but it never works if I have sent a reply.  Running Android Pie on OG Google Pixel XL,0,0,0,1
1393,"So this makes your issue duplicate of or very similar to #9351 .  In the title, they mention about Mi A2 and in the comments Mi A2 Lite is also mentioned. I think we can close this and keep all the echo problems under one issue.",0,0,0,1
1394,"Well, even after reboots the language of the notification stays the same (German) despite the setting... so I am not sure if caching is the reason.
Also, if I open a conversation from the notification, the whole UI for the conversation will be in German (i.e. upper right corner button). When I go back to the conversations list, the UI is English (my chosen language) again.",0,1,0,0
1395,"That was a guess because people using emulator services are usually doing development.
Can you tell me more about your usecase, why and how you use an emulator. alan@signal.org if you  rather.",0,0,0,1
1396,"@wsot i have the same problem in system_server on Android system
where can i find the test app to debug my problem?
pid: 1782, tid: 2529, name: Binder_C  >>> system_server <<<
signal 6 (SIGABRT), code -6 (SI_TKILL), fault addr --------
Abort message: 'heap corruption detected by dlmalloc'
r0 00000000  r1 000009e1  r2 00000006  r3 00000000
r4 00000006  r5 00000002  r6 000009e1  r7 0000010c
r8 7628fb60  r9 401ed338  sl 7893ad48  fp 7a213984
ip 00000006  sp 7a213868  lr 4008926d  pc 40098384  cpsr 00010010
d0  636f6c6c616d6c64  d1  206e6f6974707572
d2  0000000000000000  d3  0000000000000000
d4  70615f6465726168  d5  703d657079742070
d6  5f6d726f6674616c  d7  400000003f800000
d8  0000000000000000  d9  0000000000000000
d10 0000000000000000  d11 0000000000000000
d12 0000000000000000  d13 0000000000000000
d14 0000000000000000  d15 0000000000000000
d16 4000000000000000  d17 00000006ffffffff
d18 0000000000000000  d19 0000000000000000
d20 0000000000000000  d21 0002000200020002
d22 0010001000100010  d23 0000000000000000
d24 0003000000030000  d25 0003000000030000
d26 0707070703030303  d27 000000300000002f
d28 0001000000010000  d29 0001000000010000
d30 00b6800000b38000  d31 00bc800000b98000
scr 80000010
backtrace:
#0  pc 00022384  /system/lib/libc.so (tgkill+12)
#1  pc 00013269  /system/lib/libc.so (pthread_kill+48)
#2  pc 0001347d  /system/lib/libc.so (raise+10)
#3  pc 000121b3  /system/lib/libc.so
#4  pc 00021c38  /system/lib/libc.so (abort+4)
#5  pc 00012c99  /system/lib/libc.so
#6  pc 0000f3a5  /system/lib/libc.so
#7  pc 000102b1  /system/lib/libc.so (dlmalloc+604)
#8  pc 0000de7f  /system/lib/libc.so (malloc+10)
#9  pc 0000091b  /system/lib/libstdc++.so (operator new(unsigned int)+2)
#10  pc 0007260b  /system/lib/libandroid_runtime.so (android::ibinderForJavaObject(_JNIEnv*, _jobject*)+98)
#11  pc 0006bdc7  /system/lib/libandroid_runtime.so
#12  pc 0001dd4c  /system/lib/libdvm.so (dvmPlatformInvoke+112)
#13  pc 0004e3a7  /system/lib/libdvm.so (dvmCallJNIMethod(unsigned int const*, JValue*, Method const*, Thread*)+398)
#14  pc 00027160  /system/lib/libdvm.so
#15  pc 0002e120  /system/lib/libdvm.so (dvmMterpStd(Thread*)+76)
#16  pc 0002b7b8  /system/lib/libdvm.so (dvmInterpret(Thread*, Method const*, JValue*)+184)
#17  pc 00060801  /system/lib/libdvm.so (dvmCallMethodV(Thread*, Method const*, Object*, bool, JValue*, std::__va_list)+336)
#18  pc 0004d10d  /system/lib/libdvm.so
#19  pc 0006da6f  /system/lib/libandroid_runtime.so
#20  pc 000727ab  /system/lib/libandroid_runtime.so
#21  pc 00019225  /system/lib/libbinder.so (android::BBinder::transact(unsigned int, android::Parcel const&, android::Parcel*, unsigned int)+60)
#22  pc 0001d799  /system/lib/libbinder.so (android::IPCThreadState::executeCommand(int)+508)
#23  pc 0001db17  /system/lib/libbinder.so (android::IPCThreadState::getAndExecuteCommand()+38)
#24  pc 0001db8d  /system/lib/libbinder.so (android::IPCThreadState::joinThreadPool(bool)+48)
#25  pc 000219f5  /system/lib/libbinder.so
#26  pc 0000ea5d  /system/lib/libutils.so (android::Thread::_threadLoop(void*)+216)
#27  pc 0004debd  /system/lib/libandroid_runtime.so (android::AndroidRuntime::javaThreadShell(void*)+68)
#28  pc 0000e58f  /system/lib/libutils.so
#29  pc 0000d3f8  /system/lib/libc.so (__thread_entry+72)
#30  pc 0000d590  /system/lib/libc.so (pthread_create+240)",0,0,0,1
1397,"Added the library to the maven repository. As soon as it is merged, I will adapt this PullRequest.",0,0,0,1
1398,"GitHub Issue Cleanup:
See #7598 for more information.",0,0,0,1
1399,"@moxie0 Have you already considered BrowserID (Persona) https://github.com/mozilla/persona - ""Persona"" is a login system based on the BrowserID protocol ?",0,0,0,1
1400,"Thank you @merkste - you helped me break my Signal crash loop. Switching off internet, and deleting the Signal image upload in limbo stopped my Signal from crashing at every start-up.
So far I could not reproduce either. How it happened for me:

use Signal for some time without issues
switch to camera app, take picture
switch to gallery, and select picture, select to share via Signal with a Signal contact
screen view switches to Signal, upload seems to start
Signal crashes, then message appears that 'Signal crashed'; when selecting 'Report', the 'Feedback' screen appears, shortly thereafter another 'Signal crashed' message is displayed over the 'Feedback' screen
Closing and opening Signal, force-stopping Signal before opening the app again, updating the app from the Google Play Store (by chance there was an update available), and restarting the phone all didn't prevent Signal from crashing every time afterwards when I opened the app.

I still have the picture that caused the crash in my gallery. It looks normal, no black parts etc. I repeated steps 1-4 above and there was no crash: same gallery, same picture, same Signal recipient, same private WiFi, (only Signal updated now, which alone didn't help, don't know if it was relevant).
I use the camera stock app of CyanogenMod corresponding to Android 6.0.1.
Mobile phone model: Samsung S4 mini
Signal version after update mentioned above: 3.17.0, before I didn't check but I update at least every 10 days",1,0,0,0
1401,A build flag or a build variant allowing us to build the app without the proprietary dependencies would be great ÔøΩÔøΩ,0,0,0,1
1402,Isn't issue #5054 related to this one in a way?,0,0,0,1
1403,"I'm on nightly resdm
‚Ä¶
On Sun, Jun 30, 2019, 6:19 AM Leonard Ehrenfried ***@***.***> wrote:
 @tdsmith <https://github.com/tdsmith> Are you on the beta app of Lastpass
 or the ordinary release?

 ‚Äî
 You are receiving this because you are subscribed to this thread.
 Reply to this email directly, view it on GitHub
 <#87?email_source=notifications&email_token=AL6MAO5T3VMXTSQHMRMK7ELP5CXFTA5CNFSM4GH2FEZKYY3PNVWWK3TUL52HS4DFVREXG43VMVBW63LNMVXHJKTDN5WW2ZLOORPWSZGODY4MBTQ#issuecomment-507035854>,
 or mute the thread
 <https://github.com/notifications/unsubscribe-auth/AL6MAO3LYUDPKLXFBSXHDY3P5CXFTANCNFSM4GH2FEZA>
 .",0,0,0,1
1404,"This unblocks #5113, which has a bugzilla bug.",0,0,0,1
1405,"Those screens looks great! Tbh I wish Fenix would always look like in those private mode screens. :)
I wonder how using light/dark themes to distinguish between normal/private browsing affects our battery meta (#240) and generic dark mode (#252)? If battery live is something we really want to have an impact on then it seems counter-productive to have a bright white app by default? (CC @colintheshots)",1,1,1,0
1406,"Removing Needs GV work label because x86_64 builds of GV already exist. Fennec has been testing x86_64 in Nightly and Beta without any reports of problems (though there are very few x86_64 Fennec users).
https://maven.mozilla.org/?prefix=maven2/org/mozilla/geckoview/geckoview-nightly-x86_64/",0,0,0,1
1407,Beta channel has been live for 3.0.,0,0,0,1
1408,FYI: In 0.39.0 we landed a feature-findinpage component. We haven't integrated it into the reference browser yet.,0,0,0,1
1409,Made a note of this in #347!,0,0,0,1
1410,"Include all ""YES"" MVP events and deeplinks: https://docs.google.com/spreadsheets/d/1vp3Km7qyyAvkDiUQ3b4lRQUFyA7DQixR8xP1VadA4iw/edit#gid=1742911874",0,0,0,1
1411,"@sblatz I'd suggest we remove the second acceptance criteria ""Block autoplay when on mobile"" for now and add it as enhancement in a later story;
the options for autoplay are:

Allow audio and video
Block audio (default)
Block audio and video",0,0,0,1
1412,"This is dependent on AC in the sense that we are going to use mozilla-mobile/android-components#3584, but we are not dependent on their UI element :)",0,0,0,1
1413,If it's just staying on Nightly then it should be good for now. We may add a 'Running in Firefox' notification at some point.,0,0,0,1
1414,"4. If a user has a screen reader active, the quick action bar will always stay open and will not collapse even when the user scrolls (just like is the behavior of the toolbar currently)


I don't think that would be the desired behavior. It takes up an nontrivial amount of screen space.
I think this should work similar to the app drawer in the home screen. There is a little arrow that appears when TalkBack is on. It becomes focusable with the cursor. Double tapping it opens the app drawer. We don't even need to add a special widget for TalkBack users since it looks like we have a little pull tab already.

Note, a TalkBack user can use a two finger swipe which passes through to the app as a one finger swipe. So in the app drawer case, a familiar user would know they can do a two finger swipe in the bottom fourth of the screen as a shortcut. This should be considered a power-move and not be the expected way for users to do this, since it requires dexterity and is not discoverable.
Here is an example:",0,1,1,0
1415,"Verified that in Settings - Privacy section there is a new option ""Add private browsing shortcut"" which adds a private browsing shortcut to the device's home screen. Launcher icon opens private browsing mode within Fenix.app.
Tested on RC 2.0.0-rc.2 with Xiaomi Mi Pad 2 (Android 5.1), and One Plus 5T (Android 9).",1,0,0,0
1416,"@topotropic - this would have to be done before milestone 2 for engineering start (Feb 8).
Please comment add mock-ups as they are ready. Please also connect with @colintheshots on feasibility.",0,0,0,1
1417,"This issue is referring to the Eng tasks, so I think this should still be kept open (cc @vesta0)",0,0,0,1
1418,"@colintheshots wrote:

Are users going to know the Fenix logo is a button and not simply a brand mark or a favicon?

@mheubusch wrote:

I share Colin's concern that the Fenix button looks like a logo and competes with the space given to the URL

Originally, I was going to give users one-tap access to open links from third-party apps in Fenix (which will then save that link into a session). This is our default state.
But your points are both very good:

The Fenix logo doesn‚Äôt look like a button
It reduces the space for page title

So now I‚Äôm thinking that, by default, our custom tab shouldn‚Äôt come with any toolbar button:

‚ÄùOpen in Firefox Fenix‚Äù¬†is now the last link inside the overflow menu.
Doing this frees up quite a bit of additional space that we can use to show page title. What do you think?

@mheubusch wrote:

[‚Ä¶] am not sure if what you are suggesting is that this is the default and a developer could move this action to the overflow menu or are you suggesting that this would be a text link in the overflow menu and a developer could add whatever they want there?

Even without our own toolbar action, a developer can still have their own. Doing this will leave less space for page title, but it means more flexibility for developers ‚Äì¬†and many developers will choose not to use that precious space:

We have moved our ‚ÄúOpen in Fenix‚Äù action into the overflow menu, but a developer can also have their own item there. Hopefully, most developers will choose this option!

It should be noted that a developer can have both a custom toolbar action and a custom overflow menu item.

Just for completion‚Äôs sake, a developer can also recolour the toolbar to make it more seamless with their app:",0,1,0,0
1419,Can we consider delegating this to Pocket?,0,0,0,1
1420,"I'll try to shed some light here.
@bbinto mentioned:


Will Fenix have bookmarks? If so, when?



Yes, for MVP



Will Fenix Sync bookmarks? If so, when?



Yes, ideally for MVP

Ultimately, Fenix will have bookmarks and they will sync to desktop and other devices. The Application Services team has already been working on the Rust component for Bookmark storage and syncing. The component will be designed to provide Fenix with bookmark management that will be at parity with desktop. (i.e. full management with ability to create folders, rename, etc) It will just be a matter of surfacing UI to do it.
Everything can be summarized by the answers of these two questions:

Will users expect to find their desktop bookmarks on Fenix? We believe the answer is yes.
Will Fenix users expect to find their bookmarks/favorites on Desktop? We also believe the answer to be yes.

In terms of UI/UX changes... @bbinto said:

I would like to go with the simplest way / feature parity to Fennec where possible, this will make the transition from Fennec sync to Fenix sync easier.

This all being said, the initial post in this issue is inaccurate now based on Barbara's most recent comment (and my offline conversation with her):

Favourite != bookmark and won't provide bookmark management

As a side note, bookmarks have a concept of labels which aren't widely used by users but are in the data model. In the future, we can explore and experiment with a new UI or various ways of sorting bookmarks. This should allow us to explore the types of experiences that Barbara initially had in mind while maintaining compatibility with other browsers.",0,1,1,0
1421,This landed as part of: #548,0,0,0,1
1422,"I started work on this, but it looks like we don't have access to the GeckoRuntimeSettings we need (even when I try to add them in AC, the right GV hooks are not exposed).
I have updated the GV bug with my questions: https://bugzilla.mozilla.org/show_bug.cgi?id=1593843#c25",0,0,0,1
1423,"Not clear what that entails, could you please provide more info.",0,0,0,1
1424,"""If user deletes a downloaded file from the file system, I no longer see the download in the browser"" is not implemented yet, and will not be present in this build.",0,0,0,1
1425,I think we need follow-up from @liuche on the status of this ticket.,0,0,0,1
1426,"To me that's a P1, it might be a P3 for UX, i.e. it's not that controversial or new to UX to design but it's a big part towards making the milestone 1 and 2 and the MVP since those are basic requirements we need to have in there (=MVP).
@lime124 please let me know your thoughts.",0,0,0,1
1427,"Note that both perform different actions: One switches to that tab (from sessions provider) and the other one opens a new tab (from history provider). They currently just look the same.
This is related to those two A-C issues:

mozilla-mobile/android-components#1368 - Something we want to do in the AwesomeBar component is to merge duplicates if applicable.
mozilla-mobile/android-components#1367 - Differentiate between suggestions from different providers. Technically that's something you can do already. But we do not do that by default.",0,0,0,1
1428,This should be done once the FxA integration into Fenix happens,0,0,0,1
1429,"@bbinto as far as I can tell, all the UI is going to be either via the 3rd party apps or something provided by the OS. It doesn't seem like there's anything for UX to provide to simply access their passwords in the app of their choice. @colintheshots am I missing something?
@bbinto If you are you wanting some sort of specific Fenix UI that is getting new users to go and download Lockbox, I think that should be a separate GitHub issue from this one which is just letting people get access to whatever they are already using.
Am I misunderstanding something?",0,0,0,1
1430,"My investigation found that GeckoView currently lacks the necessary content/media permissions for blocking autoplay on a per request basis. We need additional features that exist on desktop.
If we want to land part of this with today's GeckoView, we can offer global allow/block of autoplay until the site permissions and exceptions become possible.",0,0,1,0
1431,"We also need to consider the position of the toolbar for custom tabs. The browser is meant to look more like the native app itself to give the illusion of not leaving the context of the calling app, so we might want to think about re-positioning the toolbar to the top like most apps would have.
cc: @lime124",1,0,0,0
1432,"Just leaving a note here that the Control Center/Site Information UI will need to show permissions given to websites, and allow users to turn those permissions on and off.
I already designed a page under Site Permissions settings that shows permission on a per-site basis. Maybe we can deep link to there from this Control Center.",1,0,1,0
1433,I think we can close this. It doesn't have anything actionable on it.,0,0,0,1
1434,"yeah good point @pocmo , @ekager we may as well point to webcompat so the team can test it against GV and get some web compat going.",0,0,0,1
1435,"@bbinto - Bram is out until the 28th. He can probably work on this when he returns, but he's also going to be joining Amazon TV/Show at that time. I don't feel comfortable providing a concrete deadline on his behalf without checking in with him first. Sorry I don't have a more concrete answer.",0,0,0,1
1436,Amy is out today but will be back tomorrow. I'll check with her about this.,0,0,0,1
1437,"Thanks @bsurd!
It looks like this webpage is a responsive page, so we are requesting the desktop site, but without also messing with the window size, we are then getting the mobile sized responsive site.",0,0,0,1
1438,"I should note one corner case that‚Äôs missing from these mockups, but doesn‚Äôt require any visual.

I allow Android System to let Fenix access my camera
I allow Fenix to let a site access my camera
I go into Settings > Apps & notifications > Fenix > Permissions
I turn the Camera toggle OFF

In this scenario, our behaviour should be as follows:

When the Camera permission is triggered, Fenix cannot show its permission dialogue
Instead, Fenix will show the Android System dialogue
a. If, on this System dialogue, the user taps ‚ÄúDeny‚Äù, the toggle under Android Settings remain OFF. The dialogue closes.
b. If the user taps ‚ÄúAllow‚Äù, the Android Settings toggle will be switched to ON. The dialogue closes, and the camera is now given access.

Question: do we have the power to invoke this Android System dialogue when we detect this scenario? If yes, then that‚Äôs not a problem.
If no, then we‚Äôll need to think of a solution. For example: if we show an interstitial dialogue with a ‚ÄúContinue‚Äù button, can it then trigger the Android System permission dialogue?",1,0,0,0
1439,@bbinto added this to a milestone. I assume that means they're going to do it. Right?,0,0,0,1
1440,"I can confirm this isn't fixed.
Latest LastPass beta isn't showing any AutoFill prompts, and it's been granted accesibility permission.
Tried Preview and Preview Nightly.
Pixel 2 XL, Android 10",0,1,0,0
1441,"Now I'm using Fenix Nightly as a daily driver I'm finding the absence of the tab queue feature quite frustrating. Links clicked in other apps open immediately in a new tab in Fenix, which interrupts workflow considerably, e.g. reading an email, or a news article, in an app which doesn't use custom tabs causing the focus to switch to Fenix, interrupting my flow in the original app.
I have also had cases where I've opened multiple links like this from another app then found that Fenix has lost some of them. However, it's difficult to reproduce which is why I've not opened a bug yet.",1,0,1,0
1442,"Fenix toolbar feedback from ""me"" :)
URL bar wastes space

move URL text closer to padlock icon and home button, gets more URL text
make 3 dot menu button narrower horizontally to make gray roundrect larger, more URL text
could easily have 25% more URL text without cluttering toolbar

Need to think about adding tabs tray button and reader button and PWA button and ""open in app"" button  ... and .... Toolbar could get very cluttered & URL text very short. Fennec toolbar already cluttered, Fenix should be ""better"".
Supplementary nits


toolbar uses too much vertical space, eg several px above and below gray roundrect I would prefer more vertical px for content and fewer px for toolbar (this was also a complaint when Fennec moved to Quantum design, toolbar got bigger causing low grade bitching). Take a look at Samsung Internet, toolbar is about 8 mm high on my Galaxy S7 vs 10 mm for Fenix. And Samsung Internet looks just fine to me.


home icon bigger than padlock icon & 3 dot menu icon. Looks unbalanced",1,0,0,0
1443,"@rootkea This, it would make me essentially not use the application and would be very frustrating to say the least. I hope good decisions are made here.
I love Fennec, but it's kinda outdated and can be buggy, But I'd rather stay on it if Mozilla doesn't make good decisions towards a FOSS Fenix release.",1,0,0,0
1444,@pocmo What is this issue about? Did we already cover this with any of the new A-C metas?,0,0,0,1
1445,"Are we waiting for UX or sticking with native Android animations?

This question can be confusing since the default and the suggested are both native animations.
To clarify then, the native Android animation (which @AmyYLee also shared) is that the animation would animate from the bottom.

Yes it would animation from the bottom (basically coming out from the 3-dot menu)",0,0,0,1
1446,@colintheshots can you (or another dev) let us know if you have enough to get started? Thanks!,0,0,0,1
1447,"@sblatz Okay well in that case, I'm not sure that ""Download"" is really the right label for this button then -- it isn't like the corresponding feature in Firefox desktop is called that (it is called ""Save"" or ""Take a Screenshot"" if that is the feature). In Fennec, it is called ""Save as PDF"" (not sure what format the save will save as).
Is ""Downloads"" in the Library meant to show these saved pages, or is it meant to show traditional file downloads (or both?)?
Fennec and Firefox desktop both show all downloads (saved pages, links, and other files) in the download lists.
Just wondering what this feature ultimately looks like and whether Downloads is the best label - the Firefox screenshotter in desktop ran into some amusing controversy with a button labeled ""Save"" that uploaded to the cloud, upending notions of what ""Save"" meant, so I think labels matter.",1,0,0,0
1448,FYI: For UI tests on Firebase we only upload debug builds that do not send any telemetry. To Nimbledroid we upload Nightly and Release builds though.,0,0,0,1
1449,Verified as fixed on 2/10 build.,0,0,0,1
1450,@colintheshots Did Nicole's advice here suffice? Can we consider this done from a UX perspective?,0,0,0,1
1451,"what was the reason again that you can't depend on our Maven repo?

Nothing specific to the Mozilla repo. F-Droid aims at building everything from source to make sure that binaries correspond to the source code. Currently we allow some widespread repositories like Maven Central, JCenter, JitPack, etc. but in the future we'd like to get rid of this legacy.

Is there anything we can do?

My wishlist :) to all upstream developers:

Improve documentation about building components (and keep it up-to-date). For instance, there are mutual dependencies between Android Components and Application Services. Would be great to have the bootstrapping procedure described.
Simplify build setup. For example, after some trial and error I had to set several variables and call 2 scripts to build Application Services. Would be nice if build.gradle could do this for us.
Make builds reproducible. This would be a whole new level of transparancy.",0,0,0,1
1452,"@liuche Do we have the translations for the language names (endonym and exonym) available somewhere?
Also, I saw that some of our translation files are not complete (for example, the Catalan one), so I'm thinking we should not include these ones in our list since it will be a bit weird for the user to have only 2-3 strings translated.",0,1,0,0
1453,"As discussed with @vesta0 - we could start with supporting viewport screenshot support for MVP if possible, but it should not be a MUST criteria. Keeping it on the board as a ""could"" seems reasonable.

GV has support for viewport screenshots (for page thumbnails in tab switcher UI) has landed and is ready for the AC team to start using (android-components#498).
The GV API for full page shots (bug 1530967) is still planned but it will be more work.",0,0,0,1
1454,"20190207_120117.mp4.zip
Hi Amy, video attached, this is at Window Animation Scale 10x. At the moment the Settings menu starts near the middle of the screen and expands and drops down to cover the URL bar. It looks like it is expanding out of a point in the middle of the screen. I think this is wrong. I think it should expand out of the three dot menu on the URL bar, so, start small at the bottom right and expand up and to the left to its full size.",1,0,1,0
1455,"Does this refer to setting a default search engine? I think this was completed last sprint, so we may be able to close this ticket?",0,0,0,1
1456,"Engineering - please review the items on this spreadsheet - this is a punchlist showing fit and finish issues blocking feature completeness.
https://docs.google.com/spreadsheets/d/11iULib1ePcpadfibEW_9wEVX5aBiRsadMSi84fsJ9KM/edit?usp=sharing",0,0,0,1
1457,We have tracked the feature down to an issue with slow autocompletion from the history storage. Since that may not be needed for the prototype I suggest removing the addHistoryStorageProvider line from ToolbarIntegration.,0,0,0,1
1458,Please use the URL. Showing the title is super friendly to phishing.,0,0,0,1
1459,The current implementation looks good to me ‚Äì¬†clearing the bar is fine.,0,0,0,1
1460,Verified the feature was added to Fenix.,0,0,0,1
1461,"I just tested Facebook version 1.9.0 (Download APK). It was originally built around the time of Android version 4 (Ice Cream Sandwich and Jelly Beans), but can still be installed in Android Pie. It has lots of warnings, but many functionalities were surprisingly intact.
This version of Facebook was special, because it adds three launcher icons for three separate activities: Facebook, Camera and Messenger.

Pre sign in
Tapping all icons would bring you to the same sign in screen:

Post sign in

Tapping Facebook would bring you to your timeline on Facebook.app
Tapping Messenger would bring you to the ‚ÄúMessages‚Äù tab on Facebook.app
Tapping Camera would bring you to a camera view (?) that behaves as if it was a separate app

Facebook and Messenger
Both launcher icons share the same behaviour:

They are shortcuts to two views within the same Facebook.app
If you go to the app switcher, Android System sees one app

Facebook itself promotes these icons not as separate apps, but as ‚Äúshortcuts for sharing‚Äù.

Camera
This launcher icon behaves differently:

Distinct, unique UI from Facebook/Messenger
There‚Äôs no entry point to access Facebook/Messenger from Camera, and vice versa
If I go to the app switcher, Android System thinks that it‚Äôs totally different from Facebook/Messenger

In other words, Camera behaves as if it‚Äôs a separate app.",1,1,0,0
1462,FYI: The 3rd party apps like LastPass and Bitwarden won't work with the new Nightly package name (org.mozilla.fenix.nightly). The PlayStore version (the public release version) works now with both.,0,0,0,1
1463,"@brampitoyo I filed #332 for the prompts, so this one can be about management of permissions",0,0,0,1
1464,"As per comment, we might pull this back into a Battery saving story after MVP, however it should land for MVP as an individual feature.",1,0,0,0
1465,"@AmyYLee, @lime124 can we close this? Seems like it's done.
Please re-open if I'm mistaken :)",0,0,0,1
1466,@anmol257 No specific ETA for when each gesture will be in Fenix. Right now the gestures marked P2 (priority 2) are what I'm currently working on. Some gestures will take more time to implement and polish than others but we are aware that many users want them.,0,0,1,0
1467,This shipped. Thanks to @relan and anyone else involved with the f-droid Fennec/Fenix project. It is better to track tasks about upstreaming any useful code in new issues. This one is far too messy to be of much use.,0,0,0,1
1468,"@mhammond and I believe that we should sync the deletion of individual pages but that we shouldn't sync bulk deletion like ""Clear All"".
Given mobile devices will have synced desktop History, a ""Clear All"" will wipe your desktop History on your local mobile device but we don't think users would expect it to also wipe all of the History on their desktops too.",1,0,0,0
1469,The next/prev and close buttons should have larger touch targets.,1,1,0,0
1470,"@AndiAJ - I tried sending an additional push campaign using just your client ID and it doesn't appear that you've received it.
There's nothing wrong with the targeting or campaign set up as far as I can tell. We'll follow up with Leanplum support to understand why the test messages aren't being received.",0,0,0,1
1471,Blocked by PM to write up feature brief / user stories,0,0,0,1
1472,"Of the partner customizations listed above, I think the only ones that might affect GeckoView are:


Possible additions to user agent (device information primarily)


Fennec's existing general.useragent.device_id code (from https://bugzilla.mozilla.org/show_bug.cgi?id=1262591) should already work in GeckoView, but we will need to test when the time comes.

There also needs to be a unique distirbution ID that is reported via telemetry.

We might need to update the telemetry API between Fenix and GeckoView.",0,0,0,1
1473,UX is in the library UI mocks,0,0,0,1
1474,Won't set up a separate Beta channel for MVP,0,0,0,1
1475,"@shorlander Are we doing title and favicon? I've heard a number of folks suggest they're bad for security due to phishing. They might not be as bad on the multitasking page though?
Where do the backdrop graphics come from for each tab, below the title and favicon? Is that the top of the tab's thumbnail scaled to fit the horizontal width of that button? It seems a lot of desktop-sized sites might only show a plain background color, but we could work with this.
I can't see from Invision if any animations are desired. It seems like there might be some kind of reveal animation on choosing or adding a tab and maybe just the default remove animation on deleting a tab. Is that right?
Also, the ""+"" button in multitasking might not be immediately obvious in terms of ""buttonness"" affordances. It might be too flat. One could simply flash the button backgrounds briefly or use some kind of SVG ShapeShifter animation perhaps. Even a circle around the ""+"" might help. It could also become some kind of FAB or bottom button, since it seems to be the primary action for the screen and it's far out of thumb reach.",1,1,0,0
1476,Thanks for adding back the Feature request label. We need more investigation before building this so it's on the roadmap but not prioritized.,0,0,1,0
1477,"https://vreplay.mozilla.com/replay/showRecordingExternal.html?key=HJI4gtp2yXDG8B3

Is there a non-Flash version available?",0,0,0,1
1478,@topotropic The GV API currently only allows to set it to ALLOW or BLOCK autoplay. Is that good enough for a first iteration or do we depend on separating this by media type (audio/video)?,0,0,0,1
1479,"In AC we offer:


browser-tabstray+ feature-tabs for displaying tabs and related functionality. Please let us know if that is helpful and how we can support customization options (like for the awesomebar).


SessionStorage from from browser-session can save/restore a snapshot of the SessionManager. It's what we use in the reference browser. feature-session-bundling can do the same but save multiple snapshots (""bundles"") with a lifetime. @boek used that in the prototype for user testing.",0,0,1,0
1480,"InVision: https://mozilla.invisionapp.com/share/XBRNF6MJVUY
These screens do not account for Trailhead, however, I did a brief exploration of that at the end.",0,0,0,1
1481,"Verified on:

1.0.1910 (Build #10642115)

Devices:

Nokia 6 (Android 7.1.1)
HTC Desire 820 (Android 6.0.1)",0,0,0,1
1482,"The only sharing that is feasible for MVP is:

Standard Android Share Sheet to share the current page you are looking at (or the link you long press on)
""Send Tab"" functionality to send a tab to one of your other devices (requires FxA)

The first is done and ready to be integrated - see the Reference Browser for guidance.
The latter is a stretch Q1 OKR for the A-C team and heavily depends on the work the App Services team is doing for this. Initial discussions to understand all the moving pieces and work to break it down has started.
@bbinto Regarding time - after talking to the App Services team today I think it will be safe to assume that Send Tab could be ready for testing early Q2. So that would be during Milestone 3. We will be working on a more comprehensive timeline for this work with the PushBox team.",0,0,0,1
1483,Thanks for the suggestion. Will be addressed here: #176,0,0,0,1
1484,This is in GV's November sprint.,0,0,0,1
1485,Closing this meta as this feature has been built. Any outstanding bugs and enhancements can be filed as separate issues.,0,0,0,1
1486,@st3fan @colintheshots please let us know if you have questions or feedback. otherwise we can close this issue. thanks!,0,0,0,1
1487,"‚¨ÜÔ∏è @Rudloff @sm4rk0 I need your help with this.
Issues that prevents Fenix to be distributed via F-Droid:

 Proprietary font.
 Dependencies from maven.mozilla.org.
 Using non-free play services library.

anything else?",0,0,0,1
1488,"@AmyYLee to investigate if we need the ""toggle"" to set ""always open in private mode"". How does Firefox Lite work? Do we need to add the shortcut to the home screen in order to see the private mode as an option when setting default browser?",1,0,0,0
1489,"If this is about using multiple tabs, I think pretty much everything is in place except small snapshots on tabs in the tab manager. That is an outstanding bug in A-C which depends on GeckoView work. It is unclear if Fenix needs this.
The work in the Reference Browser is coordinated in:
mozilla-mobile/reference-browser#189
It is currently blocked on https://bugzilla.mozilla.org/show_bug.cgi?id=1462018",1,0,0,0
1490,This definitely looks like a Proguard issue. It's good to catch these now.,0,0,0,1
1491,"@pocmo

I wonder how using light/dark themes to distinguish between normal/private browsing affects our battery meta and generic dark mode?

With the next version of Android rumored to support dark mode, it seems smart to decouple light/dark themes with normal/private browsing modes.
What we may want to consider instead is to have theme selection under Settings (which can be either ‚ÄúLight‚Äù, ‚ÄúDark‚Äù or ‚ÄúFollow system settings‚Äù).
To mark private browsing, we colour it differently from other icons ‚Äì¬†neither light grey or dark blue, but purple.
Finding something that looks distinct from every other icons, but equally at home in both dark and light themes, is hard. Take the mockup below with a grain of salt.

Maybe something to consider in future versions?",1,1,0,0
1492,"We have a related reference browser issue that may have the same cause:
mozilla-mobile/reference-browser#395",0,0,0,1
1493,"The  reason for this to ship in Firefox itself, instead of an add-on is that many users do not know about add-on support.
Most does not even know what an add-on is. They just install the browser and get on with it.
This should be in Firefox itself, if you ask me!
Still, add-on support in Firefox Mobile, should be more marketed!!!",0,1,0,0
1494,"Should we start creating color resources? Also, are our primary color attributes correctly set or are they leftover from the reference browser?",0,0,0,1
1495,Looks like #376 is handling this.,0,0,0,1
1496,"Oh,  I didn't know this was filed already. Anyhow, I opened a PR for that today :)
#408",0,0,0,1
1497,@shorlander Yep! I I think the main concern with how many touch targets there would be at the bottom of the phone. I have no problem problem implementing the current design so we can test it out and iterate based on feedback :),0,0,0,1
1498,"There are a couple of permissions that are immediately important to design for:

Notifications
Location
Camera
Microphone
Camera + Microphone (together)
Bluetooth
Local Storage

Furthermore, some permissions are handled differently, because Fenix will first need to ask Android System for access, before it can grant access to individual sites.
Fennec already has a way to handle permission prompts. I won‚Äôt attempt to reinvent the wheel here. Instead, I will simply try to align the visual design to Fenix‚Äôs house style.
Let‚Äôs tackle them one by one.
1. Notifications
Need Android System access?
No
This permissions is the most straightforward of all. No system dialogue. No ‚ÄúDon‚Äôt ask me‚Äù.
We simply say:

Allow {sitename} to send notifications?
[Don‚Äôt allow] [Allow]


2. Location
Need Android System access?
Yes
Although we need to show the Android System dialogue (which we cannot alter in any way) before showing our own, location permission itself is simple:

Allow {sitename} to use your location?
[ ] Don‚Äôt ask me again on this site
[Don‚Äôt allow] [Allow]

 
3. Camera
Need Android System access?
Yes
This permission is complicated by the fact that:

The user will need to pick a camera before proceeding
In the future, the user may elect to pick another camera

Fennec handles problem 1 by showing a drop-down menu that will appear on top of the existing modal dialogue. Fenix will handle it by using radio buttons. We‚Äôre pretty confident that the radio buttons won‚Äôt ever overcrowd the screen, because smartphones don‚Äôt have that many cameras available to use.
Fennec handles problem 2 by re-showing the same dialogue. We will handle it by rewriting the dialogue.
The first time around, we say:

Allow {sitename} to use your camera?
[Don‚Äôt allow] [Allow]

Every other time after that, we say:

Select camera to use
[Cancel] [OK]

 
Dialogue shown on subsequent triggers

Microphone
Need Android System access?
Yes
This permission behaves and looks identically to camera permission.
Instead of saying:

Allow {sitename} to use your camera?
Select camera to use

We say:

Allow {sitename} to use your microphone?
Select microphone to use

 
Dialogue shown on subsequent triggers

4. Camera + Microphone (together)
This permission behaves and looks identically to camera and microphone permissions.
But there‚Äôs a twist: how do we show a list of cameras and microphones in one modal dialogue?
Android System solves this problem by showing one dialogue after the other, and labelling them ‚Äú1 of 2‚Äù and ‚Äú2 of 2‚Äù.
Fenix will solve this problem not by using two drop-down menus. Instead, we will show the radio list of microphones right underneath the list of cameras.
On subsequent times, we will again modify the string slightly.
System dialogue ‚Äì shown first
 
Fenix dialogue ‚Äì shown after the user taps ‚ÄúAllow‚Äù on system dialogue

Dialogue shown on subsequent triggers

5. Bluetooth
Need Android System access?
No
When a site wants to pair with another device via Bluetooth, Fenix will show a dialogue that says:

Pair {sitename} with
[ ] Device 1
[ ] Device 2
[ ] Device 3
[ ] etc.
[Cancel] [Pair]


Consider including a loading indicator to the top-right corner of this dialogue, to make it clear that Fenix will keep searching for connectible Bluetooth devices, as long as this dialogue remains open.
6. Local Storage
Need Android System access?
Yes
We say:

Allow {sitename} to permanently store data on your device?
[Don‚Äôt allow] [Allow]

 
Question: does this permission also apply to times when the user needs to browse, select and upload files (e.g. select/upload files to a form or a remote server). If yes, then we will need to reword our dialogue so it‚Äôs more generic and can apply to this situation.",1,0,0,0
1499,#18 is potentially another child ticket?,0,0,0,1
1500,"decide if we should show URL vs title

The address bar should never  show title or favicon.
Neither of those provide any accurate, verifiable information as they are user-generated content, phishers would love to write anything there. It takes away the user freedom of seeing what page are you on, keeping only the way the web developer wants to represent it.
Better yet, I would recommend using the address bar of Firefox Lite as it is smaller and therefore fits more of the address.",0,0,1,0
1501,"Ok sorry, sure there is. Use Options > Settings > Reset blockchain to replay the wallet. Make sure your device is connected to a stable WLAN and plugged into a charger when doing this. I assume the balance will be correct after the wallet is replayed. Let me know if that's right.",0,0,0,1
1502,"This is not a support forum. Please post to
https://plus.google.com/communities/105515929887248493912
or
https://bitcointalk.org/index.php?board=100.0",0,0,0,1
1503,Are there any plans to support replace-by-fee? It seems it would lead to lower overall fees and less wasted block space.,0,0,0,1
1504,"Do you mean the decrypted output? That is plaintext and looks as follows:
KEEP YOUR PRIVATE KEYS SAFE! Anyone who can read this can spend your Bitcoins.
KEY DATE",1,0,0,0
1505,"Thank you. I agree in principle re: passing around private keys, and in fact I often advise against using paper wallets. If you could mark future similar requests as duplicates/merge into this one, it would make it easier to find this information.",1,0,0,0
1506,"Merged via 97aa4d1.
Thanks for spotting this!",0,0,0,1
1507,"Thanks for the quick response. I found the issue. My NFC tag write app, ""Tagstand Writer"", wrote the URI as plain text. Thanks to your hint to the readme (in the deprecated code repo) I tried NXP TagWriter, which writes a URI when using the share function in the Bitcoin Wallet app and then scanning the tag with the Bitcoin Wallet app open works flawlessly.
Improvement suggestions:

Move the readme from the deprecated google code repo to the github code repo
Add to the NFC section: ""The shared Bitcoin URI needs to be written as URI and not as plain text, as some apps like 'Tagstand Writer' currently do.""",0,0,0,1
1508,"@schildbach not really, if I enter any other password the response is ''Wallet could not be restored: could not decrypt bytes. Bad password?"" Similar outcome using openssl, where entering any other password would results in the ""bad decrypt"" response.",0,0,0,1
1509,"How do I do this? Im fairly new to this bitcoin ordeal.
‚Ä¶
On Mon, Jun 25, 2018, 9:04 PM TortugaVerde ***@***.***> wrote:
 From the dropdown menu, please add Exit right below Help.

 ‚Äî
 You are receiving this because you are subscribed to this thread.
 Reply to this email directly, view it on GitHub
 <#539>, or mute
 the thread
 <https://github.com/notifications/unsubscribe-auth/Ak6wwCD8jLPVUx_6LjmgvuKBtM4f0AXGks5uAZa2gaJpZM4U3H2n>
 .",0,0,0,1
1510,Can you tap on the payment to expand it? Then select 'Report issue' from the payment's context menu and send your report.,0,0,0,1
1511,I just contacted the owner to get a statement on the future of Biteasy.,0,0,0,1
1512,"For the color blind, there are +/- signs in the amount. The colors are entirely redundant.",0,1,0,0
1513,"According to BitEasy, their sync will be finished today or early tomorrow.",0,0,0,1
1514,This might be duplicate of #212?,0,0,0,1
1515,"Mr. Schildbach,
While I'd be happy to try and help by building something such as this, I
have zero experience. I wouldn't even know where to begin such an endeavor.
Is there any way you could help me get my private key or point me in the
right direction?
On Oct 21, 2015 2:29 AM, ""Andreas Schildbach"" notifications@github.com
wrote:

You could build such a feature into wallet-tool. It would be a welcome
addition I think.
‚Äî
Reply to this email directly or view it on GitHub
https://github.com/schildbach/bitcoin-wallet/issues/261#issuecomment-149816112
.",1,0,0,0
1516,"Ok, I just looked into it. BitPay does not transmit the BIP21 amount and address any more. That means Bitcoin Wallet cannot validate the authenticity of the BIP70 payment request any more. Hence the error message. Can you open a ticket with BitPay?",0,0,0,1
1517,"Unfortunately almost the same thing happens with version 4.11, 10 seconds white screen, then approximately 1 minute and 30 seconds black screen before the app crashes.",1,0,0,0
1518,"With your wording, won't the app never be compliant?
I would make the BIP more strict to align with your implementation - changing the meaning with ""must"":
Line 29:

If the ""r"" parameter is provided, an ""h"" parameter must be provided.  The h parameter must contain a non-padded Base64Url-encoded SHA256 hash of the PaymentRequest message bytes referred to by the ""r"" parameter.

Line 38:

When Bitcoin wallet software that support this BIP receives a bitcoin: URI with a request parameter, it should fetch the PaymentRequest and verify the hash found in the ""h"" parameter.  If they do not match, or there is some other problem, the software may use any present address/amount/label/message in the URI as a fallback.

WRT line 47:
If the hash does not match, shouldn't there be an error?  What sort of future are you thinking of?  If we go in a different direction in the future, can't we change parameter names entirely?
Maybe it's impossible to change the existing behavior at this point.  If that's the case, you face a problem with the app - to support the existing insecure behavior as described by the spec or forever remain non-compliant.
Here's what I'd write for that backward-compatible case - note the use of ""may"" rather than ""can"":
Line 29:

If the ""r"" parameter is provided, an ""h"" parameter may also be provided.  If provided, the h parameter must contain a non-padded Base64Url-encoded SHA256 hash of the PaymentRequest message bytes referred to by the ""r"" parameter.

Line 38:

When Bitcoin wallet software that supports this BIP receives a bitcoin: URI with an ""r"" parameter, it should fetch a PaymentRequest message.  If an ""h"" parameter is present and matches the fetched message or if the ""h"" parameter is absent, the software should ignore the bitcoin address/amount/label/message in the URI and instead follow the payment protocol, as described in BIP 70.  If the ""h"" parameter is present but does not match, the software should discard the PaymentRequest but may still use the fallback address/amount/label/message from the URI.

Even here, I'm changing the meaning from what you wrote - if the hash does not match, I'm treating it as a problem.  If a failed hash isn't an error, then why bother with it?
If we go this route - or the route outlined by your version (at least as I read it), we still have the problem of making the app compliant: This issue would remain open.",0,0,0,1
1519,Thanks for your contribution. I'd like to fix the issue with the --password option first.,0,0,0,1
1520,"Thanks for spotting this. I posted a fix here:
bitcoinj/bitcoinj#53
Let's see if it will be accepted.
May I ask how you created this URI?",0,0,0,1
1521,"I indeed just noticed the localized safety notes are missing. It should be called ""safety_da.html"". You can add a commit here if you want.",1,0,0,0
1522,"I'm using the normal official Nextcloud App from https://play.google.com/store/apps/details?id=com.nextcloud.client
Currently I've version 3.9.0 installed.
If you're interested in an account for easier testing, please drop me a short note to joerg at ebeling dot ws",0,0,0,1
1523,"For an HTTP client, there is no such differentiation into static and dynamic resources. It's just an HTTP resource. Most web servers have a way to configure the content-type of static resources, like a filename to content-type mapping.",0,0,0,1
1524,"This ATM prints a paper Wallet which I have to scan, so it could be loaded. If I try to scan my own QR-Code the ATM say I have to use this printout.
In Z√ºrich I only know the ATM from bitcoinsuisse.",0,0,0,1
1525,"Yes, all addresses under 'Your addresses' can be used for receiving.",0,0,0,1
1526,"@schildbach my apologies this must have been user/transcription error. BIP38 says:

58 characters always starting with '6P'
and I am unable to generate an example.",0,0,0,1
1527,"Here is a preview of my change proposal. It's not a PR yet, I wanted to hear if that sounds good to you.
https://github.com/schildbach/bips/commits/bip72-hash",0,0,0,1
1528,"Such issues are best discussed on the community: https://plus.google.com/communities/105515929887248493912
Can you post there and explain the process of how you want to deliver the proof? Maybe we can find a way.",0,0,0,1
1529,"This is a must. The app had an exit menu item in the past which was removed for some reason. I don't get why and the developer always says about restricting background data. But there's a usecase when this is not enough: when you use the wallet really occasionally. Say, once in several months. Why should the app sit in memory and eat battery all the time when I only need it this rarely? What exactly was wrong with the exit feature (and why should it be called a feature when it's a natural user's choice?)? So many questions, so few answers...",1,0,1,0
1530,The QR codes have a CR or LF encoded into the amount. This makes them invalid.,0,0,0,1
1531,I'm not sure if this was fixed intentionally. Can you say what version you were using when you faced the issue?,0,0,0,1
1532,"When you open for example the safety notes, you have to press ""Dismiss"" to close/exit the notes. ""Dismiss"" sound like a function you can press if you don't want to follow the notes, while ""Close"" would sound better if you just would like to close down the notes.",0,0,0,1
1533,"Should is easy to say. Someone needs to write the code and support it. I'm not going to do that, but you are welcome to do so. If you're an advanced user, you can also follow these instructions and use wallet-tool to extract keys.",0,0,0,1
1534,"@schildbach What is the usage of P2PK transaction? I know it is supported by BitcoinJ but I am not aware of anyone still using that.
To simply not add the P2PK data to the filter will already remove the most critical flaw.
To persist the nonce and reuse that at every startup is another super simple fix. I am aware that there are still more issues open but those 2 steps are at least so cheap that I cannot see a reason why not to apply them.",0,0,0,1
1535,We won't do a multicoin wallet. What you probably want is a separate BCH wallet app.,0,0,0,1
1536,"That would be great, I'll send you a mail :)
As I said, I don't know much about the workings of sending Bitcoins, but if you implement something, I can probably work with it. In my app, contacts would know each other (because of the inital key exchange), but you're right, they wouldn't have to be close to each other or be directly connected.",0,0,0,1
1537,"Bitcoin Core does not have any anti-dust rules for transaction fees. Besides that, the anti-dust criteria is decided by miners and nodes.",0,0,0,1
1538,Thanks. You're running out of memory. This is because your wallet has thousands of outputs (stemmig from thousands of incoming transactions). I'm afraid the app is currently not very scalable in that way.,1,0,0,0
1539,"About the Android backup file format it's probably best to ask on some Android support forum. For questions about the Bitcoin Wallet app please go to https://plus.google.com/b/101256420499771441772/communities/105515929887248493912
The backup file can have any size, mainly depending on how many payments your wallet has.",0,0,0,1
1540,"Using the clipboard for Bitcoin addresses is not recommended. See https://plus.google.com/101256420499771441772/posts/dRAPrwhgLgF
If you really need to copy an address to the clipboard, you can use Request coins, Copy action.",0,0,0,1
1541,"First of all, key export will never be supported. It's dangerous to manually move keys around. Many people have lost Bitcoins because they tried.
I guess we're talking about wallet backups. The wallet already backed up to internal (app-private) storage automatically. See the readme for location of files: https://raw.githubusercontent.com/schildbach/bitcoin-wallet/master/wallet/README
So I guess your proposal is already implemented and I'll close this for now.",0,0,0,1
1542,"Thanks! Can you provide a link to your project?
If we disable accessibility services, how are disabled users going to enter their passwords and passphrases?",0,1,0,0
1543,"I have the same problem.  My wallet is being creditied every day by a cloud miner sending to multiple addresses.  I can't get it to sync, 11 weeks behind, and I can't send out bitcoins.  The app crashes every time before the signing is complete.",1,0,0,0
1544,"Bitcoinj 0.12 is not released yet, and will not for quite some time.",0,0,0,1
1545,Are there any plans to publish APKs here on GitHub or on F-Droid again?,0,0,0,1
1546,We're afraid there is nothing we can do. You need to remember the PIN.,0,0,0,1
1547,"If someone wants to work on this, it needs to be implemented in (or on top of) bitcoinj first.",0,0,0,1
1548,I implement this and can submit very soon.,0,0,0,1
1549,"@skddc What do you mean by ""works with openssl""? If openssl decryption gives you a valid wallet but restoring the same file as a backup, using the same password, does not work that would be a serious bug.",1,0,0,0
1550,The request coins screen shares a BIP70 payment request if you enable that in the settings.,0,0,0,1
1551,"Is birthdate really so important? I mean, if you create a wallet now, it will probably save you same cycles but only for short period of time (as blockchain grows exponentially). But if you use the wallet for longer time (years), the saving is not so big. Also on can use 1st of January of 2014 as birthdate for all BIP39 wallets, because there was no such wallet before that date, but there are much more transactions in last 3 years than the first 5 years of Bitcoin, which is supporting my argument.",0,0,0,1
1552,"No, addresses are single-use tokens. If you reuse them you are at risk of loss, and harm both your own and others' privacy. It would be a bug for a wallet to not rotate them out when they're used...",1,0,0,0
1553,"with base64 -d command you are decoding a base64 encoded data which is still encrypted. i made some google search on openssl behaviour, if openssl does not throw a password error this does not always mean the given password is correct, but with the correct password always outputs correct data.",0,0,0,1
1554,"Did you ever solve it? I have a protobuf dogecoin wallet from a whole-phone backup, and none of the tools will work. Wallet-tool from dogecoinj complains about it being dogecoin network instead of bitcoin. I even tried encrypting it with ssl, but the dogecoin app can't import it. I'm stuck with a wallet-protobuf and keys-backup-protobuf. No encryption, but o tools that will let me get my coins.",0,0,0,1
1555,The issue was merely filed to suggest not to automatically generate a new address on fresh start.,0,0,0,1
1556,For support questions can you join the community? https://plus.google.com/communities/105515929887248493912,0,0,0,1
1557,"Yes, the ""your addresses"" doesn't contain the deterministically derived addresses. It only contains the random addresses from pre-4.0 versions.",0,0,0,1
1558,"I actually went with java 8 myself, I had just assumed others in the future might be using 9.
It's too bad there's no generic openjdk jre / jdk package in the repos.",0,0,0,1
1559,"Looks like Android 5 isn't going for transparent widgets. I wonder maybe it will be introduced as a user-configurable ""tint"" somewhere in future. Anyway, I'm closing this for now. If anyone wants to work on widget design, pull requests welcome.",0,0,0,1
1560,This was only a backup restore issue. d8aa5dc correctly fixes it. Indeed I regained access to all coins. Cheers !,0,0,0,1
1561,"Thanks for the contribution! I'll review your code soon, but before that I'd like to try it. Do you have a test system running somewhere, preferably for testnet?",0,0,0,1
1562,"Is a very simple clean layout. ..
On Thu, May 12, 2016, 9:40 AM Joeseph Rodrigues notifications@github.com
wrote:

There should not be three or more buttons for basic actions on the bottom
left, it should be one plus button that exposes more, as defined in the
material style guidelines. Also, we as a society are thoroughly done with
gaussian blur, 2007 has come and gone.
Sorry for the harshness, but I care about the design of this app, and I
dont want to see it stray farther from material design, rather than towards.
‚Äî
You are receiving this because you are subscribed to this thread.
Reply to this email directly or view it on GitHub
#290 (comment)",1,0,1,0
1563,"@haight6716 Can you describe the list of outputs you create? What kind of scripts are you using, and how are amounts distributed? May I ask what's your usecase? I'm asking because I want to evaluate if I can relax the check in some way without sacrificing its purpose.
If all fails, we'll add a hash.",0,0,0,1
1564,"Can you ask questions on the community? https://plus.google.com/b/101256420499771441772/communities/105515929887248493912
This is for bug reports and code contributions only.",0,0,0,1
1565,Hmm feels like we need to rethink the widget layout‚Ä¶,0,0,0,1
1566,"Yes, using six dots is standard.
https://en.wikipedia.org/wiki/Ellipsis#In_Japanese
Some may use three dots in UI to save spaces.",0,0,0,1
1567,"Andreas, I'm just curious, but could we expect BIP39 HD wallet recovery function on Android app in next 1-2 months? Thanks for your hard work!",0,0,0,1
1568,"Generally you should not move keys around. Instead use a normal Bitcoin transaction to move value.
I know you've got troubles to sync your chain, so here is an answer to the question:
The backup file is a bitcoinj wallet file in protobuf format. The format is documented here:
https://raw.githubusercontent.com/bitcoinj/bitcoinj/master/core/src/wallet.proto
You can use bitcoinj ""wallet-tool"" to work with wallets. I think it can also print your private key.",0,0,0,1
1569,"Thanks for your contribution! Note that translations happen on Transifex, see https://github.com/bitcoin-wallet/bitcoin-wallet/blob/master/wallet/README.md#translations
Since Welsh has just been added as a language on Transifex, I can upload your translation to there and add you as a language moderator. If you agree, please state your Transifex user name.",0,1,0,0
1570,"It's fixed now.
As for other sources, unfortunately there is no standard format so it's a lot of work to maintain each source. If anyone wants to contribute, feel welcome!",0,0,0,1
1571,"When you get to the point of dumping your wallet, add --dump-privkeys to the command line (and --password if you're using a spending PIN). It will print the private keys for each of your addresses in WIF (wallet import format).",0,0,0,1
1572,"Really weird. You could try switching bitcoinj to the master branch, clean build the project and try again.
Also, perhaps switching to the current HWE kernel (4.10.0-42, package: linux-signed-generic-hwe-16.04) helps?",0,0,0,1
1573,"Ah, missed the safety file. I've added it to this pull request now.
I can use Transifex, although git works quite well for me, too. Sorry to have just assumed contributing through git would work best for you. I didn't realize you are using Transifex.
I'm ""pryds"" on Transifex, You can assign me as coordinator as suggested.",0,0,0,1
1574,"Blockchain.info do their own thing. They are not relevant, they're just one node of the thousands of Bitcoin P2P nodes. The memory pool is distributed between these nodes. If one node forgets (easy ‚Äì just shut down the node), it will get reminded by the others.
One method of fee bumping I'd like to support is CPFP (child pays for parent). However as far as I know only a tiny ~5% fraction of the hashing power supports this.",0,0,0,1
1575,It'd be great if Bitcoin Wallet exposed an intent/binder API that let other apps request a bitcoin URI and/or PaymentRequest message. Ideally a PaymentRequest message.,0,0,0,1
1576,Can you please not open duplicate issues? Thanks.,0,0,0,1
1577,I'm in the same situation. I'm lost with my backup file,0,0,0,1
1578,"Now it says ""Parse error: no value for is_spent"".",0,0,0,1
1579,The app does have an error message for I/O errors. I suspect what you're seeing is Biteasy being back on blocks. It's currently at 341414 while it should be at 341533. If you just created the paper wallet this means Biteasy will not see its balance and report 0. I'm afraid there is not much I can do.,1,0,0,0
1580,"Not in the UI. You can use bitcoinj wallet-tool to print the phrase, but be aware most apps use a different derivation scheme so it's not interchangeable.
Please ask question on the community: https://plus.google.com/b/101256420499771441772/communities/105515929887248493912",0,0,0,1
1581,"The ""protected by password"" issue is probably a bug, I'll look into it.",1,0,0,0
1582,"I don't mind the layout, but I think a new color scheme or theme would go a long ways and give it a new feel. Maybe a version without grey tones and dark menu bars. I'm not familiar with android apps though.",0,1,0,0
1583,"Thanks, great to hear that version 5 is still maintained.",0,0,0,1
1584,"BIP150 and BIP151 will hopefully solve those problems. If they're implemented in bitcoind I will happily work on support in bitcoinj.
Work on Tor/Onion support has stalled because of a couple of technical reasons. In fact, if no one steps up as maintainer for Orchid I plan to remove it from bitcoinj.",0,0,0,1
1585,"RBF is a broken concept. It breaks the transaction graph (causing dead transactions) and only the sender can use it (while raising fee is usually needed on the receiving side). So no, except maybe in special usecases.",0,0,0,1
1586,"Hi Andreas,
So we have managed to get an new receiving address from breadwallet (ios),
however are still struggling to get a new receiving address through android
btc wallet. Seems the fetch payment doesnt expose the new address, we
actually need a ""fetchnewaddress"" class.
intent.SetComponent(new
Android.Content.ComponentName(""de.schildbach.wallet"",
""de.schildbach.wallet.ui.fetchnewreceiveaddress"");
is this possible?
thanks again
On Tue, Aug 23, 2016 at 1:30 PM, Neil Croft neil@mahalamobile.co.za wrote:

Hi Andreas,
Is there a way in app to change to the testnet blockchain?
thanks
On Tue, Aug 23, 2016 at 10:26 AM, Andreas Schildbach <
notifications@github.com> wrote:

If you want a safe proof of payment, you need to set up your own full
node and query from that. An app that runs on a device owned by an
untrusted party cannot be trusted for this purpose.
‚Äî
You are receiving this because you were mentioned.
Reply to this email directly, view it on GitHub
#212 (comment),
or mute the thread
https://github.com/notifications/unsubscribe-auth/AHVQqEt5CoKoqNvw7wXeZA55Px0TXBjJks5qiq7CgaJpZM4DsrZ8
.",1,0,0,0
1587,add the use case of recovering BASE58 wallet backups and how this circumstance is curently manifested within the App UI,0,0,0,1
1588,"Thanks. This wasn't made clear in the README, but I've got it working now. I'll use that community next time, thanks. I do suggest making a note in the README though.",0,0,0,1
1589,"Yes, exactly. BIP70 is fully implemented, but I never agreed to BIP72 because of this flaw in the spec. Finally I implemented BIP72 but with this small twist.
Actually there is a third alternative. If BitPay really wants to go payment protocol only, they could put the payment request message directly into the QR code (without any ""r="" indirection). It isn't standardized yet, but Bitcoin Wallet supports this.",0,0,0,1
1590,"@noconfirm Bitcoin transactions cannot simply be made forgotten by the network like that. As long as they're valid and standard, they will live on and get rebroadcasted back to you. Until they're included in a block.",0,0,0,1
1591,"Had this issue just now with 7.15.
Old wallet, pin protected.
java.lang.OutOfMemoryError: Failed to allocate a 1036 byte allocation with 1529632 free bytes and 1493KB until OOM; failed due to fragmentation (required continguous free 131072 bytes for a new buffer where largest contiguous free 106496 bytes)
I even tried to free up ram but to no avail. I guess it's a sandbox limitation. Android 6.0.1, rooted samsung j500f.
I worked around this by backing up, sendind to another, newer, phone with more ram and newer android (samsung s7), installed the wallet app and restored my wallet in it. Removed the pin and backed up. Restored the backed up copy on my phone.",0,1,0,0
1592,"We talked about the linking several times. The goal is I can be sure the payment request is from the person who showed me the QR code. Since up to now no better solution was agreed on, I will use what I have.
The spec is ""draft"" for a reason.",0,0,0,1
1593,"did you just make a backup within the app and give the password and nothing else right? you backed up the data and now you are trying to get your private keys. i did exactly that a couple days ago in order to just check if its working.
human brain tend to believe its going to remember the passphrases but in fact not using passphrase in a long time makes it fade away from your memory. i bet the password was not the one that you believe it is, right now. since you said the password should be complex (if you always set strong passwords) brute forcing will take long time perhaps infinity.
you may also dealing with the wrong backup.
memory can fail, this is why most wallet apps suggest you the write it down on secure place.
we are learning it the hard way.",0,0,0,1
1594,"Right, I don't know why but it appears that replacing
decodeTextAsBytes = BASE64_DECRYPT.decode(textToDecode);

with
decodeTextAsBytes = android.util.Base64.decode(textToDecode);

in Crypto.java allows the wallet to be imported successfully. Sorry, I haven't been able to debug this further.",0,0,0,1
1595,"Found it! In bitcoinj.core.Wallet.Wallet(...) constructor line 268, some old testing code:
if (params == UnitTestParams.get())    this.keychain.setLookaheadSize(5);  // Cut down excess computation for unit tests.
Basically when starting the android wallet sometimes the network would be initialized to be ""UnitTest"" network instead of prod if the wallet-reloading activity ran before the other network services. Commented out the line and can't reproduce the crashes anymore.",0,0,0,1
1596,"Thanks for your reply.

Ok well noted and will wait until returned back

Il 16 Dic 2017 7:39 PM, ""Luigi R. Viggiano"" <notifications@github.com> ha
scritto:
‚Ä¶
 Transactions gets out of the mempools of the nodes after some time. If
 they don't get through the miners into the blockchain the funds are
 returned to their origin with no fee applied. So be patient, and you'll get
 a refund so you can try again with higher network fees.
 Blockexplorer may have a littler mempool than other miners and that's why
 your unconfirmed transaction isn't listed.

 ‚Äî
 You are receiving this because you authored the thread.
 Reply to this email directly, view it on GitHub
 <#488 (comment)>,
 or mute the thread
 <https://github.com/notifications/unsubscribe-auth/Ag_7oGfZYgcY_yn9JZtopY0iz-shKCkgks5tBA53gaJpZM4REW6R>
 .",0,0,0,1
1597,"Just tested again and grabbed the log. This appears to be the relevant fragment:
22:13:05 [backgroundThread] RequestPaymentRequestTask - trying to request payment request from https://bitpay.com/i/N5qEfgL2WFNoA9j9VxaTyZ
22:13:05 [main] BlockchainServiceImpl - service start command: Intent { cmp=de.schildbach.wallet/.service.BlockchainServiceImpl }
22:13:06 [AsyncTask #12] DynamicFeeLoader - Dynamic fees not modified at https://wallet.schildbach.de/fees, took 342.8 ms
22:13:07 [backgroundThread] RequestPaymentRequestTask - received PaymentIntent[BIP70,BitPay, Inc., Atlanta, US/The Go Daddy Group, Inc., US,[Output[0.024993,14AMAFCqmQxkUoDRP7P1mvwQEefWGnWZLm]],https://bitpay.com/i/N5qEfgL2WFNoA9j9VxaTyZ,payeeData=7b22696e766f6963654964223a224e35714566674c3257464e6f41396a3956786154795a222c226d65726368616e744964223a224169666d414a346156766f5a7737754366434e463462227d,paymentRequestHash=f7fac8cdab3c35b644ece97ae192fcc14e8b8c95c89d1bee39f2ddf4f2f0c187] via http
22:13:07 [main] SendCoinsFragment - BIP72 trust check failed: address, amount

The full log has been sent via email.",0,0,0,1
1598,How hard do you think it would be to get the project working with gradle 4.6? Is it a long road?,0,0,0,1
1599,I implemented support for compressed keys a little bit differently. I pushed a beta version to the beta channel. See the G+ community for instructions on how to join the beta channel. If you could test if it works with your paper wallets it would be nice. Thanks!,0,0,0,1
1600,I've got a branch that has this implemented. Will PR soon.,0,0,0,1
1601,Please follow our contributing guidelines from https://github.com/duckduckgo/Android/blob/develop/CONTRIBUTING.md,0,0,0,1
1602,"Hey @subsymbolic
I read #557 and tried to address one of the problem. I am sorry I should have notified you on the issue itself before starting.
Let me know the final decision from the product team.",0,0,0,1
1603,"Hello @casibus Sorry for the very late response, we are currently going through old feature requests.
After internal discussion with the team, we've agreed that there's no plan in the foreseeable future to support this request. This feature was also removed from the iOS app, so no plans to do similar on Android. That being said, we will soon run a project to improve our bookmark management, hope that will address some of the ideas posted in this thread.",0,0,1,0
1604,"I realized today that the issue has been fixed, thanks!",0,0,0,1
1605,"Thanks for submitting this @juniorjainsahab. I like the concept! We already have bookmark search integrated in autocomplete but I can see the value of adding an explicit search here too. I have sent this to our product team to see what they think of the change. If they give it the go-ahead, I'll then review your code.
As we can't always accept product changes, I recommend creating an issue to check with us before submitting PRs. Have a look at https://github.com/duckduckgo/Android/blob/develop/CONTRIBUTING.md for our contribution guidelines.",0,0,0,1
1606,"Thanks for creating this PR.
At the moment, we aren't yet ready to accept PRs for translations as we don't have the resources to verify them and ensure each new language is maintained. You can see more about what we are looking for in the Contributing page.",0,1,0,0
1607,"What happens with the 5.63.1 which is on F-Droid is this.
I type something on the main url/search space. There is the blue line that tells you the page loads, this blue line goes all the way till it's done and I stay on a blank page nothing appears.
But if I leave the app and come back on it then the page appears.
I don't know if it makes sense...
And if I search for something on a tab that I already used for something else then no issues at all. It's like when I start a new tab it needs a kick by me doing something else and come back on it to finally showing me the page I want to...",1,0,0,0
1608,"Hello @femto-code, thanks for taking the time to submit this feature request.
After internal discussion with the team, we've agreed that there's no plan in the foreseeable future to support this request. Should this change in the future, we'll update this conversation appropriately.",0,0,0,1
1609,"if any of the campaigns suffixes matches an active variant key

Good question. There is no technical restriction in place to stop this, but by convention we shouldn't see any referrer suffix conflicting our m namespace. But i'll highlight this to the relevant folks to be careful of.
Raised here: https://app.asana.com/0/72649045549333/1154030261090258/f",0,0,0,1
1610,This may be downgrade protection. Can you try downgrading other apps?,0,0,0,1
1611,"We too are experiencing this problem in app. It was brought to our attention by one of our users who was using DuckDuckGo android browser and we've told them to just use Chrome at this point.
Really wish this would get more priority in being fixed because it gives the impression of a broken website.
Also closing this in favour of #914 doesn't seem ideal - that issue looks to be related to something else, more to do with scrolling. It's also a more complex example and doesn't help encourage contributors, as compared to the more simpler examples on this issue (youtube, bbc news, simple reproduceable examples, etc)",1,0,1,0
1612,"Just to understand: Why can't the same algorithm, which is being used in the DDG endpoint, be utilized in the app?
If I understand correctly the only reasons are slightly increase performance, reduced network traffic and easier implementation.
Is that correct?",1,0,0,0
1613,"@redeveloper3 Thanks for sharing the issue you are having with your Kindle Fire device.
Our browser internally uses the Android System WebView. Do you know if there's any way to check which WebView version you have on your device?",0,0,0,1
1614,"Hi @cmonfortep, Sorry for Responding late, actually the main advantage of this, downloading large files with slow internet can be a little messy with android or any browser download manager. So forwarding this download to ADM is more helpful.",1,0,0,0
1615,"Thanks for reporting this @issueseverywhere, I have opened it up to community contributions.",0,0,0,1
1616,"It has reduced to a significant extent.
But, sometimes it happened again. After automatic closure, I have to re-open.
But, on that day, it was happening repeatedly, so I restarted the phone.
By the way, thanks for responding.
@cmonfortep",1,0,0,0
1617,We have created an internal task to further investigate this issue: https://app.asana.com/0/414730916066338/1200206978219280/f,0,0,0,1
1618,"I don't know if this is useful but occasionally, it also says the webpage cannot be displayed even when scrolling.",1,0,0,0
1619,"@moshpirit asana is where we keep our internal backlog. This is something we may introduce at some point if we find a solution that we can integrate into our apps (e.g: an opensource library that we can use or our own implementation).
I will close this ones since it has been added to our backlog, thanks.",0,0,0,1
1620,"Looks good, thanks again for submitting this.",0,0,0,1
1621,"I love how the Reddit squad have hijacked this issue with their egregious accusations and demands. It really does reflect badly on everyone here if this is the standard for communications.
The amount of off-topic content here is shameful, and very stressful for anyone that then has to clean up your mess. I really don't see how you expect a collaborative response when this is the attitude here.
That being said, I would be interested in a technical explanation for this functionality, if the DuckDuckGo developers would be so kind to provide one.
EDIT: every down vote saves a kitten's life! Save the kittens! ��
Many thanks,
Synth",0,0,1,0
1622,"Nice catch, I'm not seeing this on my emulators or real devices (Samsung s7 edge, Nexus 5). Which device are you seeing it on? I'll try and reproduce it.",0,0,0,1
1623,Thanks for the contribution and for the good explanation. It makes sense to fix this copy.,0,0,0,1
1624,"Many thanks for submitting this, we really appreciate it. Unfortunately an earlier PR #663 has now been merged and clashes with your approach. If you get up to speed with the develop branch you'll see that closing the extra tab also dismisses the new download confirmation dialog.
If you want to try implementing a different solution, you are most welcome to update this PR. If not, that's ok too, just close this PR.",0,0,0,1
1625,"@nhatzHK Any particular website to test this scenario? I've tested several websites, full-screen mode keeps the screen on.",1,0,0,0
1626,Closing this task in favor of #467 and #209,0,0,0,1
1627,"We have been trying to reproduce this issue without any luck (using Don't keep activities). Probably this was solved by previous changes in our browser (I hope so).
Closing this until someone manages to reproduce it again. Thanks.",0,0,0,1
1628,"This is the site I'm talking about: https://www.essentia-consultancy.nl
Thank you.",0,0,0,1
1629,"Hi @bigppgang, currently we don't support FTP sites, that's why you are getting that message when you try to access the url. Thanks for contacting us.",0,0,0,1
1630,"Thanks for reporting @WillHick, I will check with the team what's the expected behavior there.
From the code, I see that the expected behavior is to remove all the information inside Location settings except if you fireproofed that domain. Did you try fireproofing the domain you want to keep the location info?
@BennoFlo I may be missing something on your description, but when using withContext execution suspends till the value is returned:
<T> withContext(
    context: CoroutineContext,
    block: suspend CoroutineScope.() -> T
): T 

So, in our case, restarting the app will not happen till all the info has been cleared.",0,0,0,1
1631,"First of all - I am a big fan of DDG

I promote it whenever I can
I use it anywhere possible
This comment is meant to help the DDG team to understand this PR issue. Even tough - we (OS_Community) are very concerned that this explanation is necessary in the first place! We normally do not rise up from our cellars - because we code. But now where the realms of management and C0D3 collide again, and the management does not show any signs of understanding - we have to take action.

This is why I will now explain, (again) what the problem with your answer is and what it indicates.

Hi all, CTO of DuckDuckGo here. I thought it might be helpful if I briefly shared some of our internal thinking around this issue so folks can see how we got here and how we plan to move forward.

Your 'internal thinking' is what has raised this issue in public! It is basically the bare reason for our concerns! Because it shows, that you do not even understand our privacy argument! It is not about the bug, it is your action and the, like @calimeroteknik puts it, ""curios wording"", that makes it appear, like you have not understood our critic at all.
Time of Events

@Tritonio found a curios line of code that sends unnecessary requests to one of your backends
@tagawa said: ""The purpose of the request you observed is to retrieve a website's favicon so that it can be displayed in certain places within the app or on the results page""
https://github.com/duckduckgo/Android/pull/878/files#diff-63ac5c0d645555fe179e72977d9c1728
Then @stefan01 and later we said, please stop this! There is no reason to send data in the first place! A big part of privacy focused software is, to avoid to creating unnecessary data in the first place. It is not necessary! Please do not send our browser history or any unnecessary request, to any server! No matter how ""secure"" this server is. Please load the favicon locally, we love you and we do not like heartbreaks!
In the worst case - security is only a illusion - only the hacker with root access knows, what is really going on and maybe like @Tritonio indicates Microsoft.
DGG show no real understanding and argues in a ""curios way"" - and now you @nilnilnil continue

Bugs can happen! Bad decisions can happen! But arguing with ""trust us, it anonymous"", it ""saves user badwidth"", and its ""the only visible attribute"", on top of that ""we already have a anonymous [...] service""! It is pure poison for trust, because it indicates, you entirely missed the point! Either on purpose or not. Both would be alarming!

The logic behind how we’ve been displaying favicons in our apps is a function of how we operate our private search engine. Since we already have an anonymous favicon service through our search engine, using it has a number of benefits: it avoids more requests to known non-anonymous websites that are visited, it's way faster since it runs server side, saves user bandwidth, and the only externally visible attribute is that the app is connecting to DuckDuckGo.com (as the favicon location is actually encrypted in the path in transit). To our team, utilizing this anonymous service we had made for the search engine seemed like an optimal principled choice across a set of criteria.

Its not that we do not understand your reasoning or the reasoning of @tagawa. The problem is your reasoning, seems to entirely miss our point!
Now you continue - as CTO! This indicates no real insight at all!

We want to be clear that at no point was the actual visited domain otherwise exposed. This favicon service is fully anonymous on our end, and URL parameters (like the favicon domain) are encrypted in transit, just like the search engine (with search queries). This is also why when this issue was raised in the past, we decided to keep the solution as is. At no point was this ignored.

We said, please do not mix the search engine code and your browser code! They should not relate on each other if not necessary (for example if the user actually wants to do a search on DDG).
Arguing ""we already have a anonymous [...] service"" is very hard to understand from a technical point of view. It might make sense for a CFO, but not for nerds or hackers!

However, we understand that there is an alternative method of getting the favicons locally that a lot of folks prefer while still maintaining our privacy standards. We also believe that method is in line with our product vision of ""Privacy, simplified."", considering its a somewhat simpler method than the one we had been using.

Like @calimeroteknik already said: Luckily higher security standards meet your standard! -_-

So, we went ahead today and implemented the change for both Android (#878) and iOS (duckduckgo/iOS#667) that will move this logic onto the client, and we will no longer be using the favicon service in our apps. These changes are currently in the release phase and are rolling out live now.

You only took this action after enormous public pressure, there was no sign of insight or internal intention to resolve this! This is why you have been compared with BigCorp, because they act like this. (Or like pointed out by some people, are even doing a better job than you, handling these kinds of issues)
[LARP MODE ON]
[Loading Game Data...]
You currently have (3) quests!
[(1) Closed Quest] Even under enormous public pressure, do not remove the criticized code, before at least one year has past!
[(1) Open Quest] Understand the whole point, and communicate it in a acceptable way.
[(1) Bonus Quest] Build trust back by transparent actions in the future, which reflect that you understood what we said
[LARP MODE OFF]

We really appreciate the feedback and exchange of ideas on this topic, and on ways to further improve the privacy of our products in general.

You are welcome! I hope this helps!",1,0,1,0
1632,"Hi @cmonfortep,
I just updated the PR's description. Sorry, it took a while.
Thank you!",0,0,0,1
1633,"Looks like there's now some duplicate code left over in NotificationScheduler

it still also tries to cancel unnecessary work
it also defines deprecated work tag list


Heads up that this comment hasn't been addressed",0,0,0,1
1634,Please do that we need it too,0,0,0,1
1635,"This is the stacktrace of the error described above:
android.os.BadParcelableException: 
  at android.os.Parcel.readParcelableCreator (Parcel.java:3059)
  at android.os.Parcel.readParcelable (Parcel.java:2981)
  at android.os.Parcel.readValue (Parcel.java:2883)
  at android.os.Parcel.readArrayMapInternal (Parcel.java:3261)
  at android.os.BaseBundle.initializeFromParcelLocked (BaseBundle.java:292)
  at android.os.BaseBundle.unparcel (BaseBundle.java:236)
  at android.os.BaseBundle.getBoolean (BaseBundle.java:899)
  at android.content.Intent.getBooleanExtra (Intent.java:8415)
  at com.duckduckgo.app.browser.BrowserActivity.launchNewSearchOrQuery (BrowserActivity.kt:191)
  at com.duckduckgo.app.browser.BrowserActivity.access$launchNewSearchOrQuery (BrowserActivity.kt:59)
  at com.duckduckgo.app.browser.BrowserActivity$BrowserStateRenderer.showWebContent (BrowserActivity.kt:403)
  at com.duckduckgo.app.browser.BrowserActivity$BrowserStateRenderer.renderBrowserViewState (BrowserActivity.kt:384)
  at com.duckduckgo.app.browser.BrowserActivity$onCreate$1.onChanged (BrowserActivity.kt:111)
  at com.duckduckgo.app.browser.BrowserActivity$onCreate$1.onChanged (BrowserActivity.kt:59)
  at androidx.lifecycle.LiveData.considerNotify (LiveData.java:131)
  at androidx.lifecycle.LiveData.dispatchingValue (LiveData.java:149)
  at androidx.lifecycle.LiveData.setValue (LiveData.java:307)
  at androidx.lifecycle.MutableLiveData.setValue (MutableLiveData.java:50)
  at com.duckduckgo.app.browser.BrowserViewModel$dataClearingObserver$1.onChanged (BrowserViewModel.kt:103)
  at com.duckduckgo.app.browser.BrowserViewModel$dataClearingObserver$1.onChanged (BrowserViewModel.kt:50)
  at androidx.lifecycle.LiveData.considerNotify (LiveData.java:131)
  at androidx.lifecycle.LiveData.dispatchingValue (LiveData.java:149)
  at androidx.lifecycle.LiveData.setValue (LiveData.java:307)
  at androidx.lifecycle.MutableLiveData.setValue (MutableLiveData.java:50)
  at com.duckduckgo.app.fire.AutomaticDataClearer.clearDataWhenAppInForeground (AutomaticDataClearer.kt:171)
  at com.duckduckgo.app.fire.AutomaticDataClearer$clearDataWhenAppInForeground$1.invokeSuspend (Unknown Source:12)
  at kotlin.coroutines.jvm.internal.BaseContinuationImpl.resumeWith (ContinuationImpl.kt:33)
  at kotlinx.coroutines.UndispatchedCoroutine.afterResume (Builders.common.kt:207)
  at kotlinx.coroutines.AbstractCoroutine.resumeWith (AbstractCoroutine.kt:113)
  at kotlin.coroutines.jvm.internal.BaseContinuationImpl.resumeWith (ContinuationImpl.kt:46)
  at kotlinx.coroutines.DispatchedTask.run (DispatchedTask.kt:56)
  at android.os.Handler.handleCallback (Handler.java:883)
  at android.os.Handler.dispatchMessage (Handler.java:100)
  at android.os.Looper.loop (Looper.java:237)
  at android.app.ActivityThread.main (ActivityThread.java:7948)
  at java.lang.reflect.Method.invoke (Native Method)
  at com.android.internal.os.RuntimeInit$MethodAndArgsCaller.run (RuntimeInit.java:493)
  at com.android.internal.os.ZygoteInit.main (ZygoteInit.java:1075)",0,0,0,1
1636,I guess what I'm really trying to say is your screwing up my elegant transition between my stories and your browser like how it was in duckduckgo search and stories,0,0,0,1
1637,Additional test case to cover under this fix: searches like std::fabs,0,0,0,1
1638,"That sounds right; Google specifically advise against allowing apps to be installed on the SD card when they contain a widget.
See section Applications that should NOT install on external storage from https://developer.android.com/guide/topics/data/install-location
While we don't officially support moving the app to the SD card, some phones will still offer it up as an option, and will likely break the widget in the process. ��
Thanks for the info.",0,0,0,1
1639,"Please add the bookmark import/export function.
And until you do please tell me where the bookmark file is stored, what format it's in, and whether rooting my Android phone is necesssary to access it.",0,0,1,0
1640,"Hello @christophergeiger3.
I did a small demo project of this will look like in our app, but we've agreed that there's no plan in the foreseeable future to support this request. Should this change in the future, we'll update this conversation appropriately.",0,0,0,1
1641,"Hello @CDRussell,
Thank you for your response and suggestions.

Hey, thanks for getting the ball rolling on this.

Not a problem; I enjoy doing these kinds of things, and being able to work on a piece of software that I actually use alongside the developers is, for lack of a better term, “wicked awesome.”

Really, here, it should perform a search just like if you enter foo site:example.com.

Yes!  I did not consider this.

I wonder if instead, what we need is to check if any other apps could handle it inside SpecialUrlDetector.buildIntent function. And if no other app could handle it, treat it like a query.

I had originally thought about doing something like this, but upon more careful consideration I thought the regex method might deliver a more stable user experience.  I’ll illustrate this with a thought-provoking magnification of a semi-real(ish) problem: I don’t like how if I am, for example, on www.SuperImportantWebsite.eu.nl.co.uk and click on a valid intent link for which no specialized handler is available, that the browser would navigate away from the super important page and redirect me to a search engine.  I personally think it’s best in this case to err on the side of staying on the current page, and I feel like the end user should have a somewhat reasonable expectation of this behavior as well [when clicking on certain links – especially in the case of a hypothetical http link that may redirect to an intent link; this would be especially frustrating for the user].  Staying on the page and giving a toast also gives the user a better idea of what’s going on; I feel many users wouldn’t understand that they need to install an app to open this kind of link and would be very confused to see a search query launched.  Perhaps some kind of dialog box asking the user if they would like to launch a search query would alleviate these concerns somewhat, but it would still not be a behavior that I, as a user, would expect.
I propose that we keep the regex (see new commit), but I am all about that hashtag respect and would like to hear your thoughts on this as I trust your judgment over my own and would only want to keep the regex if you agreed it was preferable in light of the concerns I’ve raised.  I do like the idea of trying to launch a search query if no handler is available, but I feel like we might need an entire IntentURIUtilities.kt class with some more complex logic to implement this well.  If you disagree with my thought process, I would be happy to implement the packageManager fix you suggested and test it for you.  The concerns I raised about it aren’t really as bad as my paradoxical illustrative rant made them out to be, and I do understand that to some extent the problems I referenced will always exist in some capacity.  I just feel like the regex would be a slightly safer option for the time being.
I may have over-complicated things in the new commit, but I thought it was more interesting to implement it the way I did as opposed to hard-coding the “site” string into the regex, and it’s nice to have a separate blacklist string to make future additions/subtractions/testing simpler.  The string is generated via a ""dummy"" ArrayList whose sole purpose is to help generate the blacklist string with a predictable format in an abstract manner.  I’m really not sure if this is the best idea, however, and would like to hear your input on this.
Thank you for taking the time to read this, sir!
Edit: I had some issues committing, namely with the build.gradle file; I was under the impression that if I did not stage the updated file it would not be committed but I guess I was mistaken (or I'm doing something else wrong maybe).  I'm not sure if this is an issue and I figured I should stop trying to fix it for now before I mess it up even worse than I already did. I figured out what I did wrong, and I apologize for my carelessness.
Edit: Added some test cases; I've never done anything like this before but they seemed pretty hard to mess up, and I thought they made a lot of sense here.",1,0,1,0
1642,@CDRussell totally missed your tidy feedback! Sorry about that. I'll remove those in my next PR.,0,0,0,1
1643,Any updates. I like this feature too.,0,0,0,1
1644,"Thanks @WillHick This is an intended change, not a bug.",0,0,0,1
1645,Closing this. This was done in #1056,0,0,0,1
1646,Great work! Thanks for fixing this issue,0,0,0,1
1647,"#342
These are two of the news sites, but they all use facebook comment boards as a plugin.
However, it will be hidden by the APP, so the whitelist method is needed to strengthen the assistance,
But if you can solve this kind of problem with other parties, it's acceptable.
http://n.yam.com/Article/20180829560607
https://tw.news.appledaily.com/international/realtime/20180830/1420550/
thank you!",0,0,0,1
1648,"I tested this as well and I don't see any differences at my end. If anything, Firefox and Google Chrome were slower. I think the speed test is affected by multiple parameters and DuckDuckGo Android app is specifically not causing anything, at least at my end.",0,0,0,1
1649,"This issue still persists, we don't have time to look at it right now but will leave it open in case someone in the community has time.",0,0,0,1
1650,"Does this answer your question @ghost? If not, please provide more details so I can help.",0,0,0,1
1651,"This seems to work on 5.16.0 based on quick test, I changed my primary phone from the problematic OnePlus 3 as the replacement Nokia 1 doesn't have circuit/battery problem and has VoLTE/VoWiFi.",0,0,0,1
1652,@thecliguy it's a good suggestion and we are tempted to make the change but still discussing the pros and cons internally as it can be abused by sites and many users find the new tab launch unexpected. I'll update this issue again once we have made a decision.,1,0,0,0
1653,If you've already done the work then feel free but it will likely languish here. We'll be better placed to accept contributions once this app has progressed past the prototype phase. Stay with us!,0,0,0,1
1654,We don't have any surveys running right now but I tested this with some dummy data and can confirm that the progress bar wasn't displayed on API 21 and is fixed by this change as per the gif.,0,0,0,1
1655,"Here's my issue: DDG shows status that a file is downloaded but I cannot find the downloaded file. Is that a separate issue/bug?  That is my showstopper, I presumed that issue: ""lost downloaded file, having checked expected locations"" was at the core of the ""specify location for download"" request.  If losing the downloaded file (or if it didn't actually download) is a separate issue/bug that's where I should be focused. My presumption, right or wrong, was invalid, I apologise for that.
To clarify: I read below:
@Jomme5 to address your question, files will be stored in different directories depending on their type:
For images: ""Pictures"" standard directory.
For the rest: ""Download"" standard directory.
If this describes current behavior of DDG (with exception of filetypes as specified) that clarifies the problem, since I'm not able to find any downloaded files, and I be should address as a new or supported known bug. Please clarify since ""will be"" is ambiguous in context, and the original issue as stated read like the one I'm having: missing/lost files downloaded in web session (using separate app to look in expected folders and system wide within date parameters).",1,0,0,0
1656,"Thanks @Usiel, I will take a look this week.",0,0,0,1
1657,"I don't know why all the fuss... You all know that if you are using his app, you already ""trust"" that his search service is respecting your privacy, right? C'mon, they are being transparent, as usual.

@scabros  - Please checkout the reply above: #527 (comment) This is not about using their search service, we all know search provider know exactly what you are searching for. But this particular issue is about using the browser, it's when user directly visit the website from browser address bar or reference link.",1,0,0,0
1658,"@zenithar89, we do officially maintain and support this app. We have a request with F-Droid to update their listing and would love to keep that in sync with our releases page here. We'll keep working with them to do that.",0,0,0,1
1659,"Something seems off in the UI @marcosholgado. The padding between elements seems bigger that the one we use in similar screens:
Ideally we'd have the same padding in all the screens that have the same look and feel. Location and Fireproof sites follow this pattern.

Nice catch! Should be good now!",1,0,0,0
1660,"@aitorvs I've checked for this issue on 5.90.0 and I see these:

still the file names are not as expected




original file
path
named file




File.py
uploads/***/
no name


File.c
uploads/***/
uploads.cpp


File.js
uploads/***/
uploads.js


File.txt
static/***/
static.txt


FilewithnoExt or binary
static/***/
no name


File.tar.gz
static/***/
static.gz




when tried to open a downloaded pdf. it says the pdf is corrupted
complete file name disappears sometimes in the download popup


When I inspected the download url, I noticed that naming file is url based on but not Filename and file extension.
ex:  if the file text.js is in https://www.example.com/uploads/djfkrkgksiciie488edkgkk3kfkdkskgkfjkwkfkdksk/text.js, then ddg takes the uploads name which is at the beginning and  .js  which is at the end to name it. So that's where the error comes from I think. If I'm wrong please correct me.",1,0,0,0
1661,"@Usiel besides the overscroll indicators, I've found something that would love to have fixed. Some sites have already implemented their own version of Pull to Refresh (if you navigate to twitter.com from our app in Google Play and pull to refresh you'll see their own version) and we'd like that our implementation does not override the one from the site.
A few ideas on how to overcome this:

Detect if a site has pull to refresh implemented
Map the host url of a few sites that have it implemented to the current url and use a flag in the BrowserViewState that indicates if PTR should be enabled or not.

What do you think?",0,0,0,1
1662,"Thanks. We don't have plans to move away from webview as it currently fits our needs and the cost is pretty high. We frequently audit our browser to detect any possible privacy implications. If you have detected any possible security issue, reach us via hackerone, it will go through our privacy expert team (see https://github.com/duckduckgo/Android/blob/develop/CONTRIBUTING.md#report-an-issue).
Btw, I really appreciate you responded back to us. Feel free to respond even if the issue was closed, that only means no action is required from our side, but if that changes we can always reopen the issue :)",1,0,0,0
1663,"I just switched to Brave due to this, but I set DDG as my search engine
…
On Fri, Jan 15, 2021, 9:48 AM David ***@***.***> wrote:
 I would also like the import/export bookmarks feature on duckduckgo mobile
 browser. (y)

 —
 You are receiving this because you commented.
 Reply to this email directly, view it on GitHub
 <#209 (comment)>,
 or unsubscribe
 <https://github.com/notifications/unsubscribe-auth/ABTAXOMTDEQYGMTSGAYQT33S2BIVTANCNFSM4ETHY3LQ>
 .",0,0,1,0
1664,Thanks for requesting this feature. This is still on our radar and we are now tracking it under #350 and will publish any further updates in there.,0,0,0,1
1665,"I just downloaded 5.56.0
I do not understand why this wasn't in patchnotes on github...",0,0,0,1
1666,"Any progress ?
This feature is essential for some users.
Thank you.",0,0,0,1
1667,"Thanks for submitting the @dapacheco, I'll review it next week.",0,0,0,1
1668,This was fixed in #481. Thanks for reporting it!,0,0,0,1
1669,"Isn't showing ""site is major tracker network"" for Facebook - could be because it was redirected to the mobile site?",0,0,0,1
1670,"No problem @wseemann.

""We welcome pull requests aimed at fixing bugs and security issues. We have also labeled tasks you can help with as help wanted.""

TLDR; we expect only to get PRs from open issues that have been triaged by us. Our goal is to avoid people working on contributions that may not be finally merged due to incompatibilities with our roadmap or team setup. In this concrete case, the related issue was not triaged (see label ""needs triage"").
The other PR you mentioned was 100% fine, the related issue had the label ""hacktoberfest"", meaning that we accept any external contribution for Hacktoberfest.
P.S: if something was not clear enough in our contribution guidelines, please share it with us so I can improve them. Thanks!!",0,0,0,1
1671,"Hi, thanks for the request. I'm not sure we'd want to remove it to be honest. I know it might feel redundant to see it every time, but I figure for some people they will appreciate the confirmation that the data is gone. ��
I'll raise it with the team and see what the thinking is, though.",0,0,0,1
1672,"Hi @yakkomajuri, as you correctly saw, we don't currently support Brazilian Portuguese.
You can check the full list of supported languages here: https://github.com/duckduckgo/Android/blob/develop/TRANSLATIONS.md
We would love to support as many languages as possible, but at the same time, we need to keep a manageable size of translations.
You did great even not being familiar with our dev tools. Following our translation guidelines, I'm very sorry to discard this contribution.",0,1,0,0
1673,When you tap the overflow menu the logo on the background seems to adjust size.,0,0,0,1
1674,"@cmonfortep, i still see this in the logs, suggesting we should be calling that function?
#916 (comment)",0,0,0,1
1675,"Okay, so you don't actually need to be scrolling up much for this to happen. I've had it happen earlier where I was near the top of the page (youtube video), scrolled up just a little bit to reach the top of the page, and it just instantly refreshed the page.",0,0,0,1
1676,is there anything that needs translate n2 Spanish,0,1,0,0
1677,"Thanks for sharing with us that report. We have a project in our backlog that should improve our fingerprinting protection (https://app.asana.com/0/1163321984198618/1199130622356231/f). Actually, some work is already coming to our iOS app duckduckgo/iOS#795
Closing this issue as we have clear next steps. Thanks.",1,0,0,0
1678,"Thanks for PR, we're still in the early prototyping phase of the app so I have added a separate readme file to communicate that. It's great to see such community enthusiasm for this project, we'll hopefully be in a position to accept contributions later this year.",0,0,0,1
1679,"@cmonfortep it seems that JetBrains will save the day, after all: https://youtrack.jetbrains.com/issue/IDEA-261387#focus=Comments-27-4675742.0-0 ��",0,0,0,1
1680,"Why would you not just write all of this in ticket #527 ?

Ideally please comment: ""Pull request merged at upstream"", and close the comments section. Too much c**cer already there.",0,0,0,1
1681,"Sneaking in one quick code analysis issue I just noticed:

Still approved, merge when you're ready.",0,0,0,1
1682,"Does ""Site Privacy Protection"" on the Privacy Dashboard have anything to do with the trackers blocked on that same page?

Yes, that switch enables or disables our privacy protection in the site you are visiting, and that includes our tracker blocking.
You are right, we could update somehow the UI to make more clear what's happening. Currently, we only change icon background color (the above ""Enhanced from X to Y"") from green to grey, but I can see why that's not clear enough. About changing the number of trackers blocked when you change the switch, we need to reload the site to know that number, that's why you could see the real number if you go back to the browser and check the privacy dashboard again. But good call.
I'm going to take your feedback and share it internally. Yet, I'm not sure if we will apply changes to current screen in the short term. The reason is that we know that it needs to be improved and there are some proposals to change it from scratch and build a new one. But who knows! maybe we end up finding some time to introduce some quick changes to the current screen.
Thanks for sharing not only those ideas but also the things that you would expect to see in there.",1,0,0,0
1683,"Hey, thanks for letting us know! Are you referring to the app in the Play Store? This one is still unreleased.",0,0,0,1
1684,"It looks like an issue with the dot in the end of url - not the address
itself.
…
--
Piotr Wittchen,
http://wittchen.io

pon., 19 sie 2019, 16:38 użytkownik torerobo <notifications@github.com>
napisał:
 Location RU GP
 screen
 [image: IMG_20190819_173433_378]
 <https://user-images.githubusercontent.com/35532898/63274144-f529e000-c2a7-11e9-9d25-9bbb584a6dc3.jpg>

 link open
 [image: IMG_20190819_173436_774]
 <https://user-images.githubusercontent.com/35532898/63274172-01ae3880-c2a8-11e9-9451-c56e9332e67c.jpg>

 —
 You are receiving this because you commented.
 Reply to this email directly, view it on GitHub
 <#562?email_source=notifications&email_token=AAFJYF222YJH7ZI6KZI6XJDQFKV5TA5CNFSM4IMW2XLKYY3PNVWWK3TUL52HS4DFVREXG43VMVBW63LNMVXHJKTDN5WW2ZLOORPWSZGOD4TE7QY#issuecomment-522604483>,
 or mute the thread
 <https://github.com/notifications/unsubscribe-auth/AAFJYF3NI6UW2WO6ORFR5CDQFKV5TANCNFSM4IMW2XLA>
 .",0,0,0,1
1685,"Since this was merged, would it be possible to modify #209 and mark it as Resolved rather than Closed? That issue has more watchers than this PR and the fact that the issue has been addressed is not visible on the main page; instead it's buried in the discussion where things were moved. I'm just after spending a bunch of time looking for a workaround to this issue, since I didn't click through to the discussion until just a bit ago to find this.
Regardless, I'm so glad this feature is now available!
@oldphones68 I'm running 5.86.2 (58602) on Android 5.1 and I'm seeing the option to import/export as of checking just now.",0,0,0,1
1686,"Issue 1. Install the certficate
URL: http://test.yoram.me/download/ddg.p12
Password: duckduckgo
Response:
HTTP/1.1 200 OK
Content-Type: application/x-pkcs12
Video explaining the problem: https://user-images.githubusercontent.com/26814402/104548307-32c79f80-5639-11eb-95be-72c882eca39a.mp4
Issue 2. Accessing sites with Client Certificate
When I go to a site requiring a client certificate, it fails under DDG but works under Chrome
Video explaining the problem: https://user-images.githubusercontent.com/26814402/104549175-fb59f280-563a-11eb-8ac9-370f132ea1c3.mp4
_All videos are in H.265 - Under Windows you may need a codec and plugin under existing browser (you may only hear the sound otherwise). You can also download and use VLC _",1,0,0,0
1687,"Thanks for all the feedback @runboy93. My thoughts below:

DNT is almost never honoured by websites. That said, this will hopefully change in the future and ensuring we have the DNT header would be a nice addition to our product. Do you mind creating a specific issue for this suggestion?
Duplicate of #429
We block third party cookies by default. This fits with our product being a privacy browser and we see no reason to make the option configurable.
We want to provide privacy to users rather than blanket ad blocking. We will however consider adding an ad blocking feature if enough users request it. Regarding phishing, we take that very seriously, if you have any specific examples that we are vulnerable to, please submit details to our hacker one program https://hackerone.com/duckduckgo.
I'm not really sure what you mean by hidden settings. We also don't collect user information, see https://help.duckduckgo.com/privacy/atb/ for more information.

If you have more feedback please log it as individual issues rather than together in one task. Individual items are easier to track, mark as duplicates and garner more likes/community support/discussion from other users with the same suggestion. Thanks again for sharing your feedback!",1,0,0,0
1688,Thanks for submitting this and for all the brainstorming and exploration. This is the top reference in our internal task.,0,0,0,1
1689,"We need to periodically download data in order to keep users safe. This data includes updates to tracker lists and https upgrades.
In order to ensure that our download jobs continue to happen even after the user restarts their device, we need to include this permission.
Without this permission, our scheduled job to update the lists would stop after the device was powered off.
More info:
https://developer.android.com/reference/android/app/job/JobInfo.Builder.html?#setPersisted%28boolean%29",1,0,0,0
1690,"Hi
I tried again with duckduckgo.com/feedback
This time I have had to set up an account with hackerone.
There doesn't seem a way to submit a ""bug"" report.
I have had to submit it as a ""vulnerability"" report.
That's weird.
Thanks for your help",1,0,0,0
1691,Great suggestion @S2606 and thanks for the PR @abhaymaniyar. We're still in the early prototyping phase for this app so I have added a specific readme to communicate this.,0,0,0,1
1692,@subsymbolic  this is good to go!,0,0,0,1
1693,@marcosholgado  I've removed the changes to the Dialogs and it's now good for re-review. Addressed the comments you had too. Thanks for the review!,0,0,0,1
1694,"Thanks @subin-chella I've just merged the PR, it will be included in our next release. ��",0,0,0,1
1695,"Is this still a draft @aitorvs ?

shoot I forgot, now it's ready",0,0,0,1
1696,"Thanks. As I said we will work on a new design for that new tab screen, so expect some new exciting changes on that screen at some point ��",0,0,0,1
1697,"Phased rollout on Android is already underway, iOS to follow.",0,0,0,1
1698,"@malmstein Updated to 5.81.0.
But faced this problem today morning
I have no fireproof sites, but this issue happened again.



@oldphones68 5.81.0 went out before this PR was merged, this fix will be available in the next release. Thanks for letting us know though!",0,0,0,1
1699,"Thanks, @bonninf. AS @gursewakk we are private by default, and using the Fire button will remove all stored data by websites.
However, I understand what you mean by being able to burn a specific session or concrete tabs. We explored that and we were a bit restricted by how WebView works. There are many elements that are shared between all tabs, or stored in the file system.
We know users like to be able to clear any trace but at the same time, there's info they don't want to lose. We are trying to introduce new features and improve current ones to make the fire button more flexible for our users. To give you an example: you can manually fireproof a site (see options when you click the 3 dots button) to avoid losing your data in there. We still remove tabs when clearing all data, but if you logged in on a fireproof site, you should not be logged out.
Hope that one, and other features coming will be helpful for you :)",1,0,1,0
1700,"Closing this as it doesn't work as intended. Thanks for submitting this @vargbeaumont, feel free to resubmit when you had addressed my earlier comments.",0,0,0,1
1701,Updated permalink to above tutorial: https://glow.li/technology/2015/11/06/run-an-ssh-server-on-your-android-with-termux/,0,0,0,1
1702,"You only fixed half of the OP. Fn+Left/Right were expected to be Home/End respectively.
Though I am not sure if it's really our problem to fix anyway. While the modifications might sound sensible, I don't know if they are universal enough that it's fine to hard code them in the app...",0,0,0,1
1703,"Thanks a million @TheDiamondYT1  .. Glad I asked first.  Oh well, looks like I have to settle for the much lesser (sic) TerminalIDE, for now.",0,0,0,1
1704,"What is output of stty -a command running as root ?

speed 38400 baud; rows 77; columns 106; line = 0;
intr = ^C; quit = ^\; erase = ^?; kill = ^U; eof = ^D; eol = <undef>; eol2 = <undef>; swtch = <undef>;
start = ^Q; stop = ^S; susp = ^Z; rprnt = ^R; werase = ^W; lnext = ^V; discard = ^O; min = 1; time = 0;
-parenb -parodd -cmspar cs8 -hupcl -cstopb cread -clocal -crtscts
-ignbrk -brkint -ignpar -parmrk -inpck -istrip -inlcr -igncr icrnl ixon -ixoff -iuclc -ixany -imaxbel
-iutf8
opost -olcuc -ocrnl onlcr -onocr -onlret -ofill -ofdel nl0 cr0 tab0 bs0 vt0 ff0
isig icanon iexten echo echoe echok -echonl -noflsh -xcase -tostop -echoprt echoctl echoke -flusho -extproc```",0,0,0,1
1705,This does indeed looks like a bug in busybox - I have now reported it upstream at https://bugs.busybox.net/show_bug.cgi?id=9106.,1,0,0,0
1706,@abbazs which arch are you on? This error doesn't seem to occur on arm or aarch64.,0,0,0,1
1707,"The only options available are for viewing, AFAIK: termux-open  and on Android 7, I can open some termux files from the Downloads app. No modifications allowed that I have found so far... I tried to use this to keep some files app-private, but found them in Downloads. :P I haven't been able to edit them yet, but haven't tried very powerful apps.",1,0,0,0
1708,"So the termux application can only open 8 windows. Can not open more than
is not you

V√†o 1:29 Th 4, 12 thg 12 2018 Leonid Plyushch <notifications@github.com ƒë√£
vi·∫øt:
‚Ä¶
 how to open more than 8 of numbers in termux.
 who can help me with that?

 Use package tmux or screen. There no point in having many ""real"" terminal
 windows.

 ‚Äî
 You are receiving this because you commented.
 Reply to this email directly, view it on GitHub
 <#231 (comment)>,
 or mute the thread
 <https://github.com/notifications/unsubscribe-auth/AqTNH-IT9uOphEAHmHYnbDNWPci1tOi2ks5u3_lugaJpZM4La1sM>
 .",0,1,0,0
1709,@Grimler91 @cswl Magisk 18.X (18.1 or 18.2) has added back 64-bit binaries.,0,0,0,1
1710,"How to use htop as root? Termux doesnt even find it

You can run htop as root using the 'tsu' utlity.
$ pkg install tsu
Then to run, drop to root shell, set your TERM envvar, then you can run it as before.
$ tsu
$ export TERM=xterm-256color
$ htop
Still experiencing this on Lineage 15.1 on both Lenovo Tab 3 plus and Nexus 6. Going from the info here, the workaround above is going to be the only way to resolve on most devices.",1,0,0,0
1711,"Did something else change with this? Looking at the commit it doesn't look like it, but it behaves somewhat differently now: If I copy something into the clipboard, Emacs does not appear to update its kill ring. I.e. using keyboard commands to paste pastes whatever Emacs had in its kill ring instead before I copied it from wherever else. If I use long press -> paste, it gets pasted and the contents of the kill ring is updated, i.e. Emacs yank commands start pasting the new paste.
I'm pretty sure it worked before, though whether it's a change in Termux or the fact that my tablet got updated to Nougat, I cannot quite say.",1,0,0,0
1712,"I have this very similar idea and I've implemented something like this using Web technology, though it is only for Bash at the moment.
You may take a look here at:
https://github.com/wcchoi/swell.sh
Take a look at the section Termux support setting on how to run on Termux.
Basically you run a Python script in Termux that opens a HTTP server, and connect to it using Chrome to use the Web terminal UI.
It's a bit limited right now, but I would like to hear what you think about it if you play with it.",0,0,0,1
1713,"What I am looking for is to start SSHD by sending an intent

Variants of what could be done for this:


Termux:Intents plugin. It may implement APIs for opening Termux session with executed arbitrary command and/or executing arbitrary command by third party application without opening Termux session and somehow returning output of this command.


A functionality mentioned above will be integrated into Termux and it will be possible to enable/disable it via checkbox in settings.


These arbitrary intents/broadcasts should be disabled by default.

And imagine the possibilities of 3rd Party Plugins! :O

And how these plugins will interact with Termux ? They won't be able to read/write files under $PREFIX or $HOME anyway. To share user id between applications, the same signature is required.",0,0,0,1
1714,"i want embedded termux in my app...

Even if you embed Termux into your app, you will have to recompile all needed packages (in your case python and it's deps) because of changed prefix which is /data/data/{app package}/files/usr/...

@xeffyr how can I achieve this?
Do I have to recompile on my embedded version of termux? thanks for replying",0,0,0,1
1715,I created apyaload but when I try to copy it to discard I cannot find that payload .I used cp  /sdcard,0,0,0,1
1716,"@notorand-it Termux doesn't have settings menu. It use a 'Context Menu' instead.
Even if you tap a such 'menu button', the context menu will be shown anyway because of this (snippet of TermuxActivity.java):
    /** Hook system menu to show context menu instead. */
    public boolean onCreateOptionsMenu(Menu menu) {
        mTerminalView.showContextMenu();
        return false;
    }
To open a context menu, just do a long tap somewhere on screen and you will see something like this:

If you tap button 'more...':",0,0,0,1
1717,"That fixed it. Thanks for the help @Neo-Oli
I have created authorized hosts file with ssh keys. However ssh is failing is it is not able to find keys.
adb shell 'echo $HOME'
/

130|athene:/ # ls -la .ssh
total 4
drwx------  2 root root   0 2017-07-05 16:14 .
drwxr-xr-x 22 root root   0 2017-07-05 14:36 ..
-rw-r--r--  1 root root 395 2017-07-05 16:14 authorized_keys

athene:/ # logcat -s 'syslog:*'                                                                                                                      
07-05 16:35:56.426 29837 29837 I syslog  : sshd - Server listening on :: port 22.
07-05 16:35:56.427 29837 29837 I syslog  : sshd - Server listening on 0.0.0.0 port 22.
07-05 16:36:02.759 29850 29850 I syslog  : /data/data/com.termux/files/usr/bin/sshd - Connection closed by authenticating user root 192.168.1.11 port 36404

ssh root@192.168.1.16 -v

debug1: Authentications that can continue: publickey,keyboard-interactive
debug1: Trying private key: /home/chillaranand/.ssh/id_dsa
debug1: Trying private key: /home/chillaranand/.ssh/id_ecdsa
debug1: Trying private key: /home/chillaranand/.ssh/id_ed25519
debug1: Next authentication method: keyboard-interactive
debug1: Authentications that can continue: publickey,keyboard-interactive
debug1: No more authentication methods to try.
Permission denied (publickey,keyboard-interactive).",0,0,0,1
1718,"@Emex4gman as mentioned above CTRL d I'm relatively sure does not work in some places like screen because it's a transmitted terminal thing, and e.g. might close the screen session instead (which is not the same as closing the local terminal)",1,0,0,0
1719,Closing for the same reason as termux/termux-packages#1788,0,0,0,1
1720,@raphj The buttons are locked (tested at Android 7). Which Android version are you using?,0,0,0,1
1721,"I am on Android 5 and I can write to /storage/usbdisk without getting a ""permission denied"" error. Can you write to the usbdisk with other apps?",0,0,0,1
1722,Any time I am in github in termux tell me to lusername and password,0,0,0,1
1723,"I haven't installed an sdcard (internal or external) in my Android 5.1 device, so I don't have experience with this problem, yet, but
$ termux-setup-storage help
says it sets up ""$HOME/.storage"". I don't know if it affects ""/storage"". I have ""$HOME/storage"" without running it manually, but maybe it or something similar was run automatically on install?",0,0,0,1
1724,"@Quasic Yes, it worked for me. Both on Android 6 and on 7. Sometimes I had to toggle software keyboard. Like I wrote, it had some quirks. :) But for me, it was still well worth it. I don't like wasted pixels, especially on the small screens.
@fornwall Yes, I am using HW keyboard, either bluetooth one, or USB one through USB adapter. Thanks to this great app I do not see reason to buy notebook anymore, since I live mostly in shell anyway.",1,0,0,0
1725,"Does the command
svn checkout http://svn.apache.org/repos/asf/spamassassin/trunk spamassassin

work for you?
Which arch are you running (output of running uname -m) and which android version?",0,0,0,1
1726,"Actually if the session is aware of whether all attached processes have gone already (which seems to be the case, judging by the strking through of the session index), perhaps we can even make short-press on such session as exit.",0,0,0,1
1727,I found the answer here: https://wiki.termux.com/wiki/Terminal_Settings,0,0,0,1
1728,"@fornwall I think that I have an idea of what might be going on in the code. in ""TerminalRenderer.java"" there is an object ""mTextPaint"" which to my understanding  reders the text on the screen. I think that the method ""setTextDirection"" should be set to 'anyRtl' (=2):
mTextPaint.setTextDirection(2)  or to disable rtl completely in case this doesn't work set the value to 'ltr'.
for reference:
https://developer.android.com/reference/android/view/View.html#attr_android:textDirection
https://developer.android.com/reference/android/view/View.html#setTextDirection(int)",0,0,0,1
1729,"That will let people install packages that they download locally and continue working like before if they're rooted.

Use dpkg. apt isn't right thing for local *.deb installation.

Actually it is, and dpkg is the tool you shouldn't use, since it doesn't handle dependencies. It'll just break your packages if you install in the wrong order.",0,0,0,1
1730,"Install the required package for building lxml:
apt install libxslt-dev

Does it work now?",0,0,0,1
1731,"And if you can't cd into Termux's directories, then you greatly messed with SELinux labels. Use /system/bin/restorecon -r to fix them (as root !).

This should be added to the wiki
restorecon",0,0,0,1
1732,"@Neo-Oli Sorry, I forgot I had mentioned the issue here too. I actually wrote that entry in the FAQ (#335)",0,0,0,1
1733,"from building and running software on a device as a safety measure against polymorphic or metamorphic malware

The goal of these changes is to work towards enforcing w^x across the board to improve app security. You're misunderstanding the reasoning behind it and what it provides. It's not there to crack down on what malicious apps can do but rather to protect apps from exploitation and to make post-exploitation more difficult. Disallowing data from being executed is part of the basics of security. They really should have done this from the start and then come up with a way for apps like Termux to obtain permission to deviate from it, but Android started out with a wild west, anything goes approach and has had to make painful changes over time instead.
The end goal would be to forbid generating and running native code in memory (execmem), via tmpfs / ashmem or via storage (app_data_file execute). It remains to be seen how quickly they'll be able to work towards that, especially since ART has a JIT compiler.
There's not going to be anything blocking building and running code on a device but you need to be aware that the vehicle for that is an apk, i.e. bundle the libraries / executables into an apk and run them from there. You can use shared uid apks where there's a central one with the base code and then others providing more libraries / executables. These changes aren't going to prevent this, only doing it without going through an apk, and it's still quite a while before they'll come close to completing this, especially with blockers like the ART JIT.",1,0,0,0
1734,"Damn, rmeq is your own script? I'm sorry :'D",0,0,0,1
1735,I can see this temptation already. Someone adds rm -rf $PREFIX noob to long press help in our app or similar.,0,0,0,1
1736,"DNS Resolver is 8.8.8.8
CLI I am Installing  - https://github.com/gotify/cli
Worked on Ubuntu system but not in Termux",0,0,0,1
1737,"$ apt --version
apt 1.0.10.2 for arm compiled on Aug 25 2015 17:40:58",0,0,0,1
1738,"termux-exec takes care of this. Install with pkg install termux-exec, see the sources for more information.",0,0,0,1
1739,"https://github.com/WebAssembly/wasi-sdk/blob/master/README.md#notable-limitations
""Emscripten & WASI & POSIX""
emscripten-core/emscripten#9479
https://github.com/emscripten-core/emscripten/blob/master/docs/upgrading-bundled-libs.Markdown",0,0,0,1
1740,"I think symlinks are more error-prone than just copying (that's what AFAIK mercurial does in Windows), so I added:
[...]
import shutil
[...]
oslink = shutil.copy2
[...]

And it works like a charm!",0,0,0,1
1741,"One more thing to mention Google is planning to deny any type of exec, read here: https://issuetracker.google.com/issues/128554619

Relying on exec() may be problematic in future Android versions.

The steps they took:

Deny downloaded code execution using policy
Now denying execution from /data/data/[app]
Next step would probably be denying any exec, removing Runtime.exec / ProcessBuilder, ...

So any solution implemented here will probably not work next year or even earlier. Essentially they will kill apps like Termux, server apps, ... unless you build everything using jni / ndk.",0,0,0,1
1742,"It's possible to create the symlink to storage manually:
$ ln -s /storage/emulated/0 storage",0,0,0,1
1743,"Do you have network problems?

For unknown reason, IPv6 downloads are really slow on some devices and Termux may bootstrap 10 minutes or more. I had similar issue when IPv6 was enabled in my network, but affected only ARM device.",1,0,0,0
1744,"Same problem here. My device is Oneplus5T, with Oreo 8.0 + Magisk 15.3.",0,0,0,1
1745,"but shouldn't termux-exec overcome that problem?
i did
termux-fix-shebang getip
and the script get as:
#!/data/data/com.termux/files/usr/bin/bash

ifconfig | awk '/inet addr/{print substr($2,6)}'

but doing ./getip gives me the same error...",0,0,0,1
1746,"Thanks. This happens intermittently.
Is there anything wrong with the .gpg file?
‚Ä¶
On Tue, 1 Oct 2019, 06:03 Leonid Plyushch, ***@***.***> wrote:
 403 Forbidden ==> termux/termux-packages#4358
 <termux/termux-packages#4358>

 ‚Äî
 You are receiving this because you commented.
 Reply to this email directly, view it on GitHub
 <#1057?email_source=notifications&email_token=AF4R3PKVVPKGH7XSYZJVQF3QMKLGHA5CNFSM4G44ZWTKYY3PNVWWK3TUL52HS4DFVREXG43VMVBW63LNMVXHJKTDN5WW2ZLOORPWSZGOD77QOTQ#issuecomment-536807246>,
 or mute the thread
 <https://github.com/notifications/unsubscribe-auth/AF4R3PKDGTBJQY6GGVTCLCTQMKLGHANCNFSM4G44ZWTA>
 .",0,0,0,1
1747,"Re torsocks, just gave it a go and I believe it's not working because of - termux/termux-packages#2711
I meant connecting the Termux app to Orbot via the localhost proxy; but if I understand you correctly, this is not possible because the processes that termux will spawn will not be using that connection?
Sorry I don't understand how it works under the hood so maybe a dumb question..",0,0,0,1
1748,Same problem here. Please fix @st42,0,0,0,1
1749,"It is configurable now, so this issue can be closed. Seems like it isn't documented yet though.
You can configure it by setting extra-keys in ~/.termux/termux.properties. For the old keys, set this:
extra-keys = [[""ESC"", ""/"", ""-"", ""HOME"", ""UP"", ""END"", ""PGUP""], [""TAB"", ""CTRL"", ""ALT"", ""LEFT"", ""DOWN"", ""RIGHT"", ""PGDN""]]",0,0,0,1
1750,"Why not fork() Termux and then load proot as a shared library, this way even if the app library folder becomes noexec, it should still work? (Unless fork() is blocked.)",0,0,0,1
1751,"Hello! I was going to open a new issue, when I saw this one.
So, the shortcut CTRL^H always sends to terminal to print a backspace. But it is a bit problematic in this situation: https://savannah.gnu.org/bugs/index.php?56994#comment3
I don't know if this bug affects other programs.
Please tell if I need to open a new issue.",1,0,0,0
1752,"Used by terminal-based programs to catch mouse positions.
echo -ne ""\e[?1000h"" # to enable Send Mouse X & Y on button press and release
echo -ne ""\e[?9h"" # to enable Send MIT Mouse Row & Column on Button Press",0,0,0,1
1753,"The same here that Termux runs quite well for several days, then suddenly quits. Android 7.1.",1,0,0,0
1754,Pinch zooming. Just like in web browser.,0,0,0,1
1755,Can we please keep this conversation on topic? To prevent locks like this one #1072 (comment),0,0,0,1
1756,"Can we get exectuable permission in /data/local/tmp?

@iCodeShit No, apps can't write to /data/local/tmp it is usable only by ADB or rooted shell. Becoming a root-only app is not a way that @termux will choose for now.
Even if it is possible to put files here by regular app, that won't be a proper solution to the problem since this is still W^X violation.
We already have chosen in-APK packaging as the most correct solution and some work already done in https://github.com/termux/termux-app/tree/android-10 - it works, but needs some UX-related fixes. Other solutions posted here are either non-viable (like proot), inadequate (like convert everything to WASM) or just unproven ideas from people who do not really understand this issue.",1,0,0,0
1757,"The suggested packages are packages suggested by people to be included in the termux packages and are not available yet. If you want to know what packages are available you can run apt list, and if you need more information about a package you can run apt show <package>.",0,0,0,1
1758,"Hey Guys, any updates on build-essentials?",0,0,0,1
1759,"I can long press and highlight text but, I can't seem to figure out how to copy it. CTRL+C doesn't work, long pressing again after highlighting doesn't seem to do anything. I'm specifically on a chromebook (Samsung Chromebook Pro) and trying this both with the touch screen (doesn't register any presses in Termux) and using the touche pad (registers the long press).
I would merely like to be able to copy and paste from a Termux screen into a webpage.",1,0,0,0
1760,"Closing as off-topic (and lack of information). Feodora or wine isn't termux packages.
Wine has been discussed before, I think the problem was either missing kernel features or lack of support for arm, which might explain your issues. Search for the relevant issues in the termux repos.",0,0,0,1
1761,"$ hashcat -b
hashcat (v4.0.0) starting in benchmark mode...
Benchmarking uses hand-optimized kernel code by default.
You can use it in your cracking session by setting the -O option.
Note: Using optimized kernel code limits the maximum supported password length.
To disable the optimized kernel code in benchmark mode, use the -w option.
clGetPlatformIDs(): CL_INVALID_VALUE
Started: Wed Apr 25 19:03:46 2018
Stopped: Wed Apr 25 19:03:46 2018",0,0,0,1
1762,"Here is what I get in the logs:
05-18 11:34:57.626 10415 31380 W PackageParser: Unknown element under <manifest>: meta-data at /data/user/0/org.fdroid.fdroid/cache/apks/f-droid.org--1/com.termux_49.apk Binary XML file line #26
05-18 11:34:57.638  2092  4495 I ActivityManager: START u0 {act=org.fdroid.fdroid.installer.DefaultInstaller.action.INSTALL_PACKAGE dat=file:///data/user/0/org.fdroid.fdroid/files/install--601978291.apk cmp=org.fdroid.fdroid/.installer.DefaultInstallerActivity (has extras)} from uid 10092 on display 0
05-18 11:34:57.638  2092  4495 W ActivityManager: startActivity called from non-Activity context; forcing Intent.FLAG_ACTIVITY_NEW_TASK for: Intent { act=org.fdroid.fdroid.installer.DefaultInstaller.action.INSTALL_PACKAGE dat=file:///data/user/0/org.fdroid.fdroid/files/install--601978291.apk cmp=org.fdroid.fdroid/.installer.DefaultInstallerActivity (has extras) }
05-18 11:34:57.658  2092  6288 I ActivityManager: START u0 {act=android.intent.action.INSTALL_PACKAGE dat=file:///data/user/0/org.fdroid.fdroid/files/install--601978291.apk cmp=com.android.packageinstaller/.PackageInstallerActivity (has extras)} from uid 10092 on display 0
05-18 11:34:57.678 30737 30737 W PackageParser: Unknown element under <manifest>: meta-data at /data/user/0/org.fdroid.fdroid/files/install--601978291.apk Binary XML file line #26
05-18 11:34:57.764  2092  2127 I ActivityManager: Displayed com.android.packageinstaller/.PackageInstallerActivity: +98ms (total +116ms)
05-18 11:34:59.322  2092  4213 I ActivityManager: START u0 {dat=file:///data/user/0/org.fdroid.fdroid/files/install--601978291.apk flg=0x2000000 cmp=com.android.packageinstaller/.InstallAppProgress (has extras)} from uid 10061 on display 0
05-18 11:34:59.361 30737 30737 W InstallAppProgress: Replacing package:com.termux
05-18 11:34:59.386 30778 30789 E NativeLibraryHelper: Failed to load assets verifier: 0
05-18 11:34:59.398 28042 28042 I Finsky  : [1] com.google.android.vending.verifier.PackageVerificationReceiver.onReceive(12): Verification requested, id = 7
05-18 11:34:59.407 28042 28151 W PackageParser: Unknown element under <manifest>: meta-data at /data/user/0/org.fdroid.fdroid/files/install--601978291.apk Binary XML file line #26
05-18 11:34:59.419  2092  2127 I ActivityManager: Displayed com.android.packageinstaller/.InstallAppProgress: +87ms
05-18 11:34:59.491 28042 28151 I Finsky  : [3102] com.google.android.finsky.services.ForegroundCoordinator.a(11): Task 7 requested foreground
05-18 11:34:59.492 28042 28151 I Finsky  : [3102] com.google.android.finsky.services.ForegroundCoordinator.a(34): Not entering foreground
05-18 11:34:59.675 28042 28042 I Finsky  : [1] com.google.android.vending.verifier.az.a_(7): Verification id=7 response=0
05-18 11:34:59.700 28042 28042 I Finsky  : [1] com.google.android.vending.verifier.bk.c(91): Verifying id=7, result=1
05-18 11:34:59.703 28042 28042 I Finsky  : [1] com.google.android.vending.verifier.bk.c(102): Verification complete: id=7, package_name=com.termux
05-18 11:34:59.705 30778 30788 D DefContainer: Copying /data/user/0/org.fdroid.fdroid/files/install--601978291.apk to base.apk
05-18 11:34:59.712  2092  2132 E NativeLibraryHelper: Failed to load assets verifier: 0
05-18 11:34:59.713  2092  2132 D NativeLibraryHelper: Library 'libtermux.so' is not page-aligned - will not be able to open it directly from apk.
05-18 11:34:59.713  2092  2132 W NativeHelper: Failure copying native libraries [errorCode=-2]
05-18 11:34:59.714  2092  2132 I art     : Starting a blocking GC Explicit
05-18 11:34:59.790  2092  2132 I art     : Explicit concurrent mark sweep GC freed 54903(3MB) AllocSpace objects, 18(472KB) LOS objects, 33% free, 20MB/30MB, paused 879us total 73.530ms
05-18 11:34:59.875 10415 10415 E AppDetails: install aborted with errorMessage: L'installation a √©chou√© pour une raison inconnue",0,0,0,1
1763,"nslookup does also use the custom resolv.conf. (I only tested it with this utility)
However when some tools do it differently this is much more confusing. There should be a consistent behaviour, otherwise this complicates debugging and such things.
So either should all Termux programs honour the users resolv.conf or they should not.
My initial request is still valid through: Apps honouring the custom resolv.conf should be able to use the built-in Android dns server. At least thee should be a consistent behaviour.",0,0,0,1
1764,"libtermux-exec.so is 64bit, it is loaded through LD_PRELOAD.
Unset LD_PRELOAD before running your binary and it will succeed.",0,0,0,1
1765,"You can force extractNativeLibs=true in an Android App Bundle, by placing android.bundle.enableUncompressedNativeLibs=false into gradle.properties.",0,0,0,1
1766,"I haven't tried Nano, but in emacs the syntax color formatting can get glitchy on long lines once in a while, so yeah those issues may also be caused by the same thing.
Unfortunately, I'm not sure how to further debug.",1,0,0,0
1767,"I've run into this issue also, and I'd love to know if there is  a solution. npm install fails on shared storage, restricting node development to private storage. This forecloses the possibility of using an external application to make edits. Although I did notice that Termux implements the Storage Access Framework, there aren't any good editor apps that implement this feature. My device is rooted, and there are some editors that allow root mode, however this still causes problems as saving files in root mode changes ownership to root, causing permissions issues when executing node as the Termux user. The Termux Sudo solution posted in another thread also fails for commands like sudo npm start and sudo supervisor app.js.
It would be great to hear if anyone has a good node workflow on Android that doesn't involve using a nix editor like vim or emacs.",1,0,0,0
1768,"does the file ok?
probably you are on /sdcard/ path",0,0,0,1
1769,"Okay, I'll try both of them later. Maybe by tomorrow JST.",0,0,0,1
1770,@xrat Android 5+ or Chrome OS,0,0,0,1
1771,Yes! Please have a look at image below.,0,0,0,1
1772,"In termux,
mkdir -p /data/data/com.termux/files/usr/var/cache/apt/archives/partial
apt-get autoclean
This works :)",0,0,0,1
1773,"Well it took more than 3 years but it's finally a thing! ÔøΩÔøΩ ÔøΩÔøΩ ÔøΩÔøΩ
Fixed via PR #1028.",0,0,0,1
1774,"Well, is it possible to use proot to intercept any calls to /proc, and translate to our own implemented faked /proc?",0,0,0,1
1775,"@xeffyr how putting packages in APKs will solve problems with the traffic? And again, ok, I'm fine with that. Until I have an option to run my own compiled applications. Without performance killing proot, I have a root for that.
And again, I would better like to not see Termux on G***** Play than having stupid restrictions.",1,0,0,0
1776,"It is nearly impossible to detect where program prompts a password. Reason - it is same stdin, the only difference here is password usually not echoed. Should be possible to track ""no echo"" terminal state, but most likely will produce false positives in certain cases.

This can be implemented with an environment variable?

Environment variable useless. Child processes can't modify variables of parent.",0,0,0,1
1777,"(three years later...)
Now sudo and su do work in Termux after I let Magisk grant root access to Termux, but I use it sparsely.
However, it would be nice (and secure !) that these commands (su, tsu, sudo) to run as root have a password.
The only way to work around this is granting root access each time you really need 'run as root' from Termux.",1,0,0,0
1778,"If you have twrp installed then you could try wiping cache from there as well.
We can't do anything about this. A logcat would tell us what the problem is, but it's probably not caused by termux-app 0.66",0,0,0,1
1779,"You know about this problem already..

Then why to post a duplicate ?
Related issues: termux/termux-api#52 and termux/termux-api#124.",0,0,0,1
1780,"Great that it works!
Thanks for you bug report. I thought I fixed this in #873 (so that busybox's wget would suffice) but apparently not.",0,0,0,1
1781,"Tried termux-url-opener with following content command ""$1"" && exit
It is temporary solution  and close termux automatically after finish.",0,0,0,1
1782,"SDK 29 is going to be enforced on Google Play and at some point on OS level. There also no guarantee that SELinux restriction won't be enforced for all SDK's in future Android OS versions.
Keeping Termux on SDK 28 means that we dropping support for future OS versions or at least can't provide it on same level. Making Termux as F-Droid only app shouldn't be a problem. But dropping new Android versions isn't our choice for now.",0,0,0,1
1783,"A better solution might be one which only displays nonzero error codes:


But I still want the full removal. Its just so much cleaner for oneshot scripts.

@cgarz I am just curious why you want nonzero exit codes hidden also.",0,0,0,1
1784,"You can do any mental gymnastics you want here but it does not forbid downloading and running third party code, only modifying already installed APK. And yes later they updated policy with malicious behavior, that denied third party code download / execution.

It's not possible for an app to modify the installed APK at a technical level. The policy used to state that apps couldn't modify, replace or update the code (extending it counts as updating it too, as bringing in the new code is an update). Apps obviously can't touch the APK itself, since the OS doesn't permit them to do that. Their policies are not listing out things that are implemented by the OS sandbox and permission model, because you're forbidden from exploiting it in general.
I think it's ridiculous for you to make these disingenuous misrepresentations of the policies and then claim that I'm the one doing mental gymnastics. It would be completely fair to disagree with the policy and argue that the drawbacks of the limitations it imposes are not worth the security advantages that it provides. That's not a debate about the facts but rather the value of allowing apps in the Play Store to do whatever they want vs. them policing it. Part of them being able to police it is being able to review and analyze the code used by apps, which they can't do if the code is dynamically downloaded from outside the Play Store. Separately from that, having non-read-only code is a security issue in general, and the system packaging system provides substantial security by not allowing apps to write to their code, including native executables and libraries it has extracted. When installing apps with apt on a system like Debian, the same thing is true, and in general very few apps will install code to your home directory because it's a bad practice with security issues. Disabling in-memory and on-disk code generation to improve security is an extremely common practice on traditional Linux distributions too. Even web developers without systems programming knowledge are taught to make their server side code read-only for the web / application server user, so a file write vulnerability is not arbitrary code execution. It's part of security 101.
I certainly agree that the policy is unfortunate for use cases like Termux and that it will be painful to adapt it to an approach like apk-based packages. I do think an approach like that is viable and it wouldn't make using it substantially worse unless you need to compile / download and run native code for development. It won't impact development in scripting languages like Python, other than installing libraries with native code, which could be packaged by Termux via apks in the same way. It does definitely throw a wrench into native code development workflows, since you would need a system for generating an apk packaging up your code. I don't think that's completely awful though, and it would be neat to be able to generate a standalone apk out of the code not depending on Termux, which is definitely feasible. It could package Termux into the generated apk with the user code.

Yea that is the main point. Road to hell is paved with good intentions - earlier call recorders, now termux, servers, ... . For those who came to Android because it was platform that would allow doing advanced stuff those changes are big evil

Call recording is still often provided by the base OS along with screen recording capturing audio. It's also worth noting that only the native telephony layer calls are impacted at all. An app like WhatsApp or Signal is fully allowed to provide call recording for their own calling implementation if they choose. There are regulations on the legacy telephone infrastructure for call recording, and they are expected by the authorities in some regions to prevent it or at least to add a notice that the call is being recorded. I suggest avoiding telephony layer text and voice calls in the first place because they aren't secure and in practice many people / organizations are able to listen in on them if they choose.
Apps like Termux are still allowed and possible. The part that's disallowed is the internal apt-based package management, but it was also disallowed since at least 2012 anyway. The SELinux policies just hadn't advanced to the point that they made the assumption apps didn't violate the policy to implement a mitigation.

Of course bad because it is taking freedom due to security. In my dictionary it is never good. Of course it would be possible to implement properly by letting user choose he wants app executing external code or not - simply add a permission and issue is resolved (same goes to other breaking changes that users are still unhappy about - like SAF, call recorders, ...).

That model doesn't work, even for experienced power users and developers. Apps are in a position to coerce users into accepting permissions. They choose not to implement fallbacks. For example, an app could respond to being denied the Contacts permission by using the API for having the user pick contacts to provide to the app which requires no permission. Are you aware of any app doing that? The same goes for storage access and camera access. They could ask for what they want and then fall back to a working implementation without a bulk data access permission. However, they don't, as they know users have to say yes to get done what they want to get done. The alternative is removing an app, which is often not even an option unless you want to lose your job, make your friends upset, etc. A better way of doing it is having the user in control of exactly what is granted, like picking which contacts (or groups of contacts) an app is provided with, or which subset of the storage is provided (SAF), etc. Android has had the better way of doing things in many areas for a long time, such as SAF being introduced in 4.4. It's no good if it's not what the ecosystem uses, even as a fallback.
I'm not sure why people would be unhappy about the storage changes, since those only put users in control and they can still grant apps access to everything. Look at Termux itself for a good implementation of part of SAF. It has a storage provider exposing the internal storage to the file manager. You can move files / directories in and out of Termux without trusting it to access anything else. The other part of the picture is apps requesting access to external files / directories outside of their own scope, which is something Termux could do, although I don't think it's worth implementing. The existing implementation is already solid.

Yea you sure - who are those people who want that?, maybe same people that wanted SAF forced on them or denied call recording (only read angry comments about those).

I certainly care about the privacy and security of my device. I've always been incredibly unhappy with the way that external (as in shared between apps) storage worked. The storage changes as fantastic from my perspective and don't eliminate any capabilities. Termux won't have an issue with that. It can choose to provide more SAF-based functionality or not, since the existing functionality is already fine.

No there are not - you can`t be sure any of those will be allowed in future as it seems to have become unpredictable. One rule change and Google will deny any apps that include emulator or packing binary code in lib dir, only loading .so file with jni.

It's not at all unpredictable. There was no change in policy beyond more aggressive wording and considering apps violating it to be malicious. You'd probably argue that their new wording allows apps to add and run new code dynamically outside a sandbox because they specifically state 'downloaded' but the intent of the policy is as clear as it has always been. Trying to find loopholes in the wording doesn't work with these things. It's not code or a technical implementation of rules like SELinux policy. It works like a code of law, where it is interpreted by humans and intent of the creators of the law is what matters. You have the option to avoid it by avoiding the Play Store, in which case you're only restricted by the OS implementation, but",1,0,1,0
1785,Locked temporarily to hopefully discourage off-topic discussions,0,0,0,1
1786,"i am running huawei nexus 6p running android 7.0, seems 7.1.1 is available, will update now.
btw, i compiled this on ubuntu amd64 as follows:
GOARCH=arm64 go build test.go

then from termux i scp'd test binary over and ran as ./test",0,0,0,1
1787,It also happens when I try any type of command like apt update pkg install,0,0,0,1
1788,"Closing as I can't understand what is requested/reported here.

Next time please use ""Google Translate"" (or similar) to translate the text to english.",0,0,0,1
1789,"is my problem too.
i want to create symlink myproject to default-site Apache.
for editing with application Our code editor not editor from termux, ex: micro, nano.",0,0,0,1
1790,Hi this is happening on my mobile as well .... samsung galaxy a7,0,0,0,1
1791,Try running tsu or the /sbin/su and see if that gives another behaviour.,0,0,0,1
1792,"pls, i remove ""termux-exec"" it started giving /data/data/com.termux/files/usr/bin/pkg: 28: /data/data/com.termux/files/usr/bin/pkg: apt: not found error
please help me.
i'm looking forward to hearing from you.
Thank you....",0,0,0,1
1793,Aren't we supposed to include permissions in AndroidManifest.xml ?,0,0,0,1
1794,@nmnm112233 set https_proxy=http://localhost:1080¬†(not https) in cmd and it will be work!,0,0,0,1
1795,"Could you link to where you read that?
Termux can't provide a su binary in a package, it's impossible with androids security model.",1,0,0,0
1796,"Where can I find this restorecon-package?
pkg search restorecon doesn't return anything, nor does $ restorecon.
EDIT: restorecon is a package installed on android itself. You will need to use adb shell instead of termux itself.",0,0,0,1
1797,"Ah.. I've found a way to fix it without rebooting.  If i switch off my bluetooth keyboard while Termux is open in portrait mode, the onscreen keyboard will appear, and then when I switch back on my keyboard, Termux will resize and start using the full screen again.
So it's possible the issue is related to resizing for the onscreen keyboard.",1,0,0,0
1798,To toggle TalkBack (in two steps) I use the app https://play.google.com/store/apps/details?id=com.antziola.settingsshortcuts and then the volumeUp+volumeDown shortcut. I would be interested in how to make it one step though...,0,1,0,0
1799,"@fornwall
Ah, good point!  My bad for not testing that in isolation.
The script containing those lines is called from inotifyd.
So:
inotifyd ~/someScript ~/notes",0,0,0,1
1800,"I have same issue. I try to access the url by chrome and it return ""Method Not Allowed"".
error info as follow:
[P9824 14:30:02.020 client.go:310 W] RPC failed transiently. Will retry in 1s
{""error"":""failed to send request: Post https://chrome-infra-packages.appspot.co
m/prpc/cipd.Repository/ResolveVersion: dial tcp 75.126.2.43:443: connectex: A co
nnection attempt failed because the connected party did not properly respond aft
er a period of time, or established connection failed because connected host has
failed to respond."", ""host"":""chrome-infra-packages.appspot.com"", ""method"":""Reso
lveVersion"", ""service"":""cipd.Repository"", ""sleepTime"":""1s""}
[P9824 14:30:24.044 client.go:310 W] RPC failed transiently. Will retry in 2s
{""error"":""failed to send request: Post https://chrome-infra-packages.appspot.co
m/prpc/cipd.Repository/ResolveVersion: dial tcp 75.126.2.43:443: connectex: A co
nnection attempt failed because the connected party did not properly respond aft
er a period of time, or established connection failed because connected host has
failed to respond."", ""host"":""chrome-infra-packages.appspot.com"", ""method"":""Reso
lveVersion"", ""service"":""cipd.Repository"", ""sleepTime"":""2s""}",1,0,0,0
1801,"While you're waiting for someone to implement SNI-support in FBReader you can do the same as I did to get my OPDS Catalog app (Nextcloud and Owncloud versions exist) working with FBReader and other non-SNI apps: run an extra virtual server on a different port for your OPDS catalog. Set the web root for that server to (in your case) COPS's root, give the server its own certificate pointing at just that server (eg. opds.example.org) and configure FBReader to use that address (eg https://opds.example.org:8443/). While not ideal, it does allow you to use your server in the here and now which always beats waiting...",0,0,0,1
1802,"I have the same problem with proguard.
Please help!",0,0,0,1
1803,"Hi,
The exception you sent is an internal Eclipse problem; we do not use Eclipse in our development, sorry.
Regards,
-- Nikolay
On 16 Nov 2011, at 01:41, larrymail2011 wrote:

Hello Friends,
I am the error ""The application fbreaderj stopped unexpectedly."". The following has more details.
Could someone kindly let me what is causing the problem?
Thanks
Larry
Error
Tue Nov 15 11:24:26 EST 2011
No command output when running: 'am start -n org.geometerplus.zlibrary.ui.android/org.geometerplus.android.fbreader.FBReader -a android.intent.action.MAIN -c android.intent.category.LAUNCHER' on device emulator-5554
com.android.ddmlib.ShellCommandUnresponsiveException
at com.android.ddmlib.AdbHelper.executeRemoteCommand(AdbHelper.java:408)
at com.android.ddmlib.Device.executeShellCommand(Device.java:311)
at com.android.ide.eclipse.adt.internal.launch.ActivityLaunchAction.doLaunchAction(ActivityLaunchAction.java:74)
at com.android.ide.eclipse.adt.internal.launch.AndroidLaunchController.launchApp(AndroidLaunchController.java:1148)
at com.android.ide.eclipse.adt.internal.launch.AndroidLaunchController.clientChanged(AndroidLaunchController.java:1498)
at com.android.ddmlib.AndroidDebugBridge.clientChanged(AndroidDebugBridge.java:871)
at com.android.ddmlib.Device.update(Device.java:436)
at com.android.ddmlib.Client.update(Client.java:836)
at com.android.ddmlib.HandleAppName.handleAPNM(HandleAppName.java:90)
at com.android.ddmlib.HandleAppName.handleChunk(HandleAppName.java:64)
at com.android.ddmlib.MonitorThread.callHandler(MonitorThread.java:414)
at com.android.ddmlib.MonitorThread.processClientActivity(MonitorThread.java:322)
at com.android.ddmlib.MonitorThread.run(MonitorThread.java:263)

Reply to this email directly or view it on GitHub:
#17",0,0,0,1
1804,"For Android Studio, I found this: https://github.com/liquiddandruff/FBReaderJ/blob/android_studio/README.md  (pointed from: http://www.goldyliang.net/blog/how-to-build-fbreaderj-android/)",0,0,0,1
1805,yes. this was reported to me by somebody and I confirmed it except I was using cm10,0,0,0,1
1806,"You're welcome.
You can spell my name as it is inside Minihelp.ca.fb2 header comments. No web page to link as of now.",0,0,0,1
1807,"Thanks! As for build file changes, I'll merge them into the main branch. (Yes, that's a good idea to avoid python usage.) I just want to check the code before merging and I cannot do this at 2am. :)
As for cygwin instruction, what do you think about adding it into our wiki? (Here, at github.) You can create a separate page in ""developer"" section and put a link to your document (and a short description) onto this page.
Regards,
-- Nikolay",0,0,0,1
1808,"Well but somewhere in the sourcecode of FBReaderJ the system language should be checked and after the certain language file(s) should be loaded. Where (in what package) is this ""decision code"" located?",0,0,0,1
1809,"Looks interesting. I will finish with Bookshelf plugin soon, then will read this carefully.",0,0,0,1
1810,"Can't request to pull into new branches, so I left it at master.",0,0,0,1
1811,"hi
i dont have any Experience to compiling this source who can give me a tutorial and detailed ?
tanks.",0,0,0,1
1812,"Hi Dmitriy, thanks for reply.
I tried to built FBReaderJ in Android Studio, I did the modify the path for SDK and for NDK in local.properties and also modify the project.pro but I got the error like Gradle is not synchronized with the FBReaderJ project so please give step wise procedure to built FBReaderJ in Android Studio . . .",0,0,0,1
1813,"Hi,
First of all, who are you? :) Do you develop GPL code based on FBReader?
Regards,
-- Nikolay",0,0,0,1
1814,I've added missing files into repository. Thanks for the report!,0,0,0,1
1815,"–ê–≥–∞, –≤—Å—ë –ø—Ä–∞–≤–¥–∞, –∏ —É–∂–µ –Ω–µ—Å–∫–æ–ª—å–∫–æ –≤–µ—Ä—Å–∏–π –∫–∞–∫. –ü–æ–ø—Ä–∞–≤–∏–ª–∏, –≤ 1.4.2 –Ω–µ –±—É–¥–µ—Ç –ø—Ä–æ–±–ª–µ–º—ã.
On 26 Mar 2012, at 20:52, Nikolay Pultsin wrote:

–°–º–æ—Ç—Ä–∏–º, —Å–ø–∞—Å–∏–±–æ!
On 26 Mar 2012, at 18:41, Dmitrij wrote:

–ü—Ä–∏ –ø–µ—Ä–≤–æ–º –∑–∞–ø—É—Å–∫–µ –ø–ª–∞–≥–∏–Ω—ã –Ω–∞ –º–µ—Å—Ç–µ http://dl.dropbox.com/u/11362313/tmp/fb1.png
–ï—Å–ª–∏ ""–∑–∞–∫—Ä—ã—Ç—å"" –ø—Ä–æ–≥—Ä–∞–º–º—É –∫–Ω–æ–ø–∫–æ–π ""–ù–∞–∑–∞–¥"" –∏ –∑–∞–Ω–æ–≤–æ –æ—Ç–∫—Ä—ã—Ç—å - –ø–ª–∞–≥–∏–Ω—ã –∏—Å—á–µ–∑–∞—é—Ç http://dl.dropbox.com/u/11362313/tmp/fb2.png
–í—ã–ª–µ—á–∏–≤–∞–µ—Ç—Å—è –æ—Å—Ç–∞–Ω–æ–≤–∫–æ–π –ø—Ä–æ–≥—Ä–∞–º–º—ã —á–µ—Ä–µ–∑ –ù–∞—Å—Ç—Ä–æ–π–∫–∏-–£–ø—Ä–∞–≤–ª–µ–Ω–∏–µ –ø—Ä–∏–ª–æ–∂–µ–Ω–∏—è–º–∏.
–ü—Ä–æ–≤–µ—Ä–∏–ª –Ω–∞ —ç–º—É–ª—è—Ç–æ—Ä–µ 4.0.3 –∏ —Ä–µ–∞–ª—å–Ω–æ–º 2.3.5
http://dl.dropbox.com/u/11362313/tmp/fb3.jpg
http://dl.dropbox.com/u/11362313/tmp/fb4.jpg

Reply to this email directly or view it on GitHub:
#41",0,0,0,1
1816,"Android (or at least Android as instructed by FBReader) doesn't render JPG correctly. I made a simple pattern, saved it at the highest quality to a JPG file and used it as the background for FBReader. The PNG file is the pattern cut from the screenshot. There are 5 blurred areas for 40 pixels, i.e. blurred areas repeat every 8 pixels. Both Kindle Fire HD 7 with FireOS and Samsung Galaxy S4 with CyanogenMod 11 exhibit the same blurring, but it's probably easier to see on Kindle Fire. Perhaps FBReader should use PNG. PNG patterns don't bleed.",1,0,0,0
1817,"Is there a way for me to tell which files it is crashing on?
On Jun 22, 2015 10:55, ""Nikolay Pultsin"" notifications@github.com wrote:

looks like it crashes on some files and stops scanning. we need to have
these files for testing
‚Äî
Reply to this email directly or view it on GitHub
#333 (comment).",0,0,0,1
1818,"Oh, I closed it with no merge. My mistake, sorry...",0,0,0,1
1819,"you have to run ant native (ok, Eclipse should have own way to build native libraries)",0,0,0,1
1820,"I see. But what is ""search button""? ""Search"" item in the menu?",0,0,0,1
1821,"AFAIK, the PDF-plugin is non-free (closed-source).",0,0,0,1
1822,"We plan to implement bookmarks synchronisation soon. (Via FBReader Book Network.) The main problem is, of course, conflict resolving. How to detect if some bookmark is deleted or not added on the device yet?",0,0,0,1
1823,"Was this ever merged properly? Are there recent instructions on how to compile this project in Android Studio. So far I am using this project:
https://github.com/jaychou2012/FBReaderJ-Android-Studio
However it doesn't look to be in sync with this repository.
Thanks",0,0,0,1
1824,"Yes, some optimisation are (or were) not fully correctly, so proguard is now disabled in our releases.

On 11 Nov 2014, at 17:56, el-sh notifications@github.com wrote:
As you know and provided proguard.cfg, to use its abilities in shrinking and optimizing.
Is there any problem?
‚Äî
Reply to this email directly or view it on GitHub #187 (comment).",0,0,0,1
1825,"datetime.utcnow().isoformat() prints out something like 2012-07-30T21:01:07.239314, and FBReaderJ shows empty catalog, where feed or some entry has updated value in this format.",0,0,0,1
1826,I solve this problem. Change value for DEFAULT_PACKAGE in FBReaderIntents class,0,0,0,1
1827,Thanks! Could you please check assets/resources/zlibrary/fr.xml too? (Just several language names.),0,0,0,1
1828,"Oh! I know what's up! My software version is 1.3.1 and my model is the
BNRV500. I have the glowlight nook but its functioning as a simple touch.
Except for those strings. I'll test to see if it works if I change them in
my system device.prop
On Feb 27, 2015 6:53 AM, ""James Gissendaner"" jamestgissendanerjr@gmail.com
wrote:

No I don't see that option.
On Feb 27, 2015 5:44 AM, ""Nikolay Pultsin"" notifications@github.com
wrote:

Hmm, it works fine on my old NST. May be this means it does not detect
your Nook as Nook. Please check: in Settings dialog, is there 'E-Ink screen
settings' (4th item fro top)?
‚Äî
Reply to this email directly or view it on GitHub
#58 (comment).",0,0,0,1
1829,"Btw, there is one more file to translate now: https://github.com/geometer/FBReaderJ/blob/master/assets/data/premium/en.html",0,0,0,1
1830,"Hi,
Answered in the group.
Could you please send me a sample epub with relative paths containing '../'? I made some cosmetical changes in your code and I want to test this code now. (geometer-at-fbreader-dot-org).
Regards,
-- Nikolay",0,0,0,1
1831,"Yes, exporting bookmarks would be great.",0,0,0,1
1832,"Hi Dmitriy,
sorry for late reply. I am trying to customize the behavior of FBReaderJ, so for that I need to build fbreaderJ.

I was trying to built fbreaderJ in Android studio but its not working.
So I added the FbreadeJ source in eclipse-Mars but I got following errors while 'ant release':

Buildfile: /home/nrcfoss/Downloads/fbreader-android/FBReaderJ/obsolete/j2me/build.xml
  [taskdef] Could not load definitions from resource antenna.properties. It could not be found.
prepare:

BUILD FAILED
/home/nrcfoss/Downloads/fbreader-android/FBReaderJ/obsolete/j2me/build.xml:31: Warning: Could not find file /media/android/Projects/FBReaderJ/platform/j2me/FBReaderJ.jad to copy.


I also try to built 'ant release' using terminal but I got following errors:

BUILD FAILED
/media/android/Android/Sdk/tools/ant/build.xml:597: The following error occurred while executing this line:
/media/android/Android/Sdk/tools/ant/build.xml:649: The following error occurred while executing this line:
/media/android/Android/Sdk/tools/ant/build.xml:694: null returned: 1



Please give your suggestion for building FbreaderJ on Linux Platform.",0,0,0,1
1833,Such irony: the issue theme and issue number.,0,0,0,1
1834,"This is fixed now in fbreader 1.6.4. My principle concern is to make sure that the F-droid.org build is working as it should be. In relation to this, it appears that FbReader 1.6.4 is marked as incompatible on my CM7.2 (Android 2.3.7) phone, even though the maxsdk is 10. FBReader 1.6.1 is compatible. Are we building a wrong branch perhaps?",0,1,0,0
1835,I just read https://github.com/geometer/FBReaderJ/commits/master.atom on feedly.com.,0,0,0,1
1836,"Ok, I have entered issue #373 for that.",0,0,0,1
1837,"Hi
try this
http://sourceforge.net/projects/arabicreader/
it's built on top of FBreaderJ and it support arabic books",0,1,0,0
1838,"Agreed, I had this problem too before I just decided to export everything into a single directory. It would definitely be better if sub-directories are also scanned.",0,0,0,1
1839,"Favorites –∫–æ–Ω–µ—á–Ω–æ –ø–æ–¥—Ö–æ–¥–∏—Ç, –Ω–æ –∫–∞–∫ –∏ –ø—Ä–µ–¥–ª–æ–∂–∏–ª, –Ω—É–∂–Ω–∞ –±—É–¥–µ—Ç –≤–æ–∑–º–æ–∂–Ω–æ—Å—Ç—å –¥–æ–±–∞–≤–ª—è—Ç—å –≤ —Å–ø–∏—Å–æ–∫ –∫–Ω–∏–≥–∏ –∫–æ—Ç–æ—Ä—ã–µ –µ—â—ë –Ω–µ –∑–∞–≥—Ä—É–∂–µ–Ω—ã.",0,0,0,1
1840,–ê —Å–º—ã—Å–ª –∏–º–µ—Ç—å –≤ —Å–ø–∏—Å–∫–µ –Ω–µ–∑–∞–≥—Ä—É–∂–µ–Ω–Ω—ã–µ –∫–Ω–∏–≥–∏? –ú–µ—Å—Ç-—Ç–æ –æ–Ω–∏ –º–∞–ª–æ –∑–∞–Ω–∏–º–∞—é—Ç.,0,0,0,1
1841,"–Ø —Å–¥–µ–ª–∞–ª —á—Ç–æ–±—ã –±—ã–ª–∞ –≤–æ–∑–º–æ–∂–Ω–æ—Å—å –º–µ–Ω—è—Ç—å —Ä–∞–∑–º–µ—Ä –æ–∫–Ω–∞ —Å–æ —Å–ª–æ–≤–∞—Ä–µ–º. –ü–æ—Å–ª–µ –ø–æ—Å–ª–µ–¥–Ω–∏—Ö –æ–±–Ω–æ–≤–ª–µ–Ω–∏–π –æ–Ω–æ —Å—Ç–∞–ª–æ –º–µ–Ω—å—à–µ –∏ –ø–æ–ª—å–∑–æ–≤–∞—Ç—å—Å—è –∏–º —Å—Ç–∞–ª–æ –Ω–µ —Ç–∞–∫ —É–¥–æ–±–Ω–æ. –ü–æ —É–º–æ–ª—á–∞–Ω–∏—é –æ—Å—Ç–∞–≤–∏–ª —Ç–æ—Ç –∂–µ —Ä–∞–∑–º–µ—Ä.
–£ –º–µ–Ω—è –Ω–µ –ø–æ–ª—É—á–∏–ª–æ—Å—å –≤—ã–±—Ä–∞—Ç—å –∫–∞–∫–∏–µ –∫–æ–º–º–∏—Ç—ã —Ö–æ—á—É –æ—Ç–ø—Ä–∞–≤–∏—Ç—å –≤ pull-request. –ò –ø–æ—ç—Ç–æ–º—É –æ—Ñ–æ—Ä–º–∏–ª –µ–≥–æ —Ç–∞–∫. –ï—Å–ª–∏ —á—Ç–æ-—Ç–æ –Ω–µ —Ç–∞–∫, –Ω–∞–ø–∏—à–∏—Ç–µ, –ø–æ–ø—Ä–æ–±—É—é –ø–æ–ø—Ä–∞–≤–∏—Ç—å.",0,0,0,1
1842,"I still have to look into that. Good free Dutch books in different genres are not easy to find. Gutenberg has enough Dutch books, but they are in old (pre WWII) Dutch spelling and style. Not that easy to read.",0,1,0,0
1843,"I have downloaded the FBReader from http://www.fbreader.org/FBReaderJ. However, when i am going to do an ant build it is showing the following error:
som@som-laptop:/media/6C888C98888C6286/Dev/Android/Examples/FBReaderJ-sources-1.3.7$ ant package
Buildfile: build.xml
BUILD FAILED
Target ""package"" does not exist in the project ""FBReaderJ"".
Total time: 0 seconds
please help me out.
thank you for your time...",0,0,0,1
1844,Thanks; sorry for the long delay,0,0,0,1
1845,"Reading the guideline (http://www.idpf.org/accessibility/guidelines/content/xhtml/notes.php),
I think we should have more flexibility.
The current EPUB parser: Everything is in the main view.
My patch: Tags with id and epub:type=""footnote"" attributes are accessible only in the footnote view (and thus via popup).
Ideal: <aside> (even with no id attribute) is translated to a star linked to its contents, which is stored only in the footnote-view. And every tag with epub:type=""footnote"" (or ""rearnote"") attibute is accessible both in the main and the footnote view.
I find it difficult to store the contents into both main and footnote simultaneously. Gave up my ideal.",0,0,0,1
1846,"Hi,
No, no special branch. That would be nice to have the file + the screenshot to fix this.
Regards,
-- Nikolay
On 27 Nov 2012, at 20:47, Aplicatii Romanesti wrote:

Hi Nikolay,
I have some people with issues on Xperia.
They complain that they see ""Chinese characters"" instead of the normal
ones, only in Xperia.
It seems the issue is not there on FBReader, so I guess someone fixed it.
Do you recall where was the issue? Or do you have a different branch for
Xperia?
Thanks!
2012/1/16 Nikolay Pultsin <
reply@reply.github.com

Hi Mary,
I've sent a reply to your other address. ;)
Regards,
-- Nikolay
On 16 Jan 2012, at 07:55, Aplicatii Romanesti wrote:

Hi Nikolay,
As I said in my other email (from maryhit@gmail.com), if you find it
useful
maybe you can put the steps in the github's Wiki and in the HowToBuild
file
(inside the project).
Very important are 3 things out of the full list:

Fix project properties once imported in Eclipse
Add the jmdns in the library list
Configure the right source directories in Eclipse (by default it's the
root path).

Regards,
Mary
2012/1/15 Nikolay Pultsin <
reply@reply.github.com

Thanks! Tweeted in @FBReader.
Regards,
-- Nikolay
On 15 Jan 2012, at 16:11, Aplicatii Romanesti wrote:

After spending many days/nights on forums, I have found the way to
build
it.
Follow these steps to build it:

http://howtobuildfbreaderj.blogspot.com/#!/2012/01/how-to-build-fbreaderj-fbreader-on.html


Reply to this email directly or view it on GitHub:
#22 (comment)


Reply to this email directly or view it on GitHub:
#22 (comment)


Doamne ajuta!
aplicatii.romanesti: http://ortodox.maryhit.com/

Reply to this email directly or view it on GitHub:
#22 (comment)


Reply to this email directly or view it on GitHub:
#22 (comment)
‚Äî
Reply to this email directly or view it on GitHub.",1,0,0,0
1847,"Anyway it's important to build a version. Even without pdf support
as F-Droid currently got FBReader to archive",0,0,0,1
1848,"Yes! That's my idea. This is the book!
2015-03-18 19:00 GMT+08:00 Steven Huang notifications@github.com:

Do you mean that the page number is not right when there is one image
in the book? Can you share your book? We need some more information.
‚Äî
Reply to this email directly or view it on GitHub
#308 (comment).",0,0,0,1
1849,"As this repo is now obsolete I just created new repo with actual i18n files: https://github.com/geometer/fbreader-module-resources
I added your update there; would be nice if you could review new additions in Portuguese. All new strings marked with 'toBeTranslated' attribute.
There is also one more (small) pt.xml file in src/main/assets/resources/zlibrary/ -- not sure if it should be amended or updated for Brazilian version.",0,1,0,0
1850,"The same for ""fb2"" format. FBReaderJ does not indent or render {cite} tags distinguished from an ordinary paragraph in any other way.
Please fix it!",0,0,0,1
1851,"This is still an issue.  On a new tablet running Android 6.01 Marshmallow, FBReaderJ cannot load books from an external card, let alone write to it.  Attempting to select /storage/extsd as a place to look for books returns a Permission Denied error.  This makes FBReader unusable on that platform.",1,0,1,0
1852,"Hi all,
I am new to Android and FbreaderJ, I am trying to build run FBReaderJ from Source that given on  FBReaderJ repository, but its working fine, I tried to add source from VCS->CheckOUtFromGit->Git in Android studio but its added file but its not build and run.
So I tried from command prompt that 'git clone http://FBReaderJ-path' so its added all files, but its not built successfully.
So please give proper way to Built FBReaderJ in Android Studio on Linux Platform. I got following errors while building in Android studio:
Error:(10, 33) error: package android.support.v4.widget does not exist
Error:(28, 53) error: cannot find symbol cla

/home/nrcfoss/AndroidStudioProjects/FBReaderJ/library/src/main/java/com/mobeta/android/dslv/DragSortCursorAdapter.java
Error:(10, 33) error: package android.support.v4.widget does not exist
Error:(28, 53) error: cannot find symbol class CursorAdapter
Error:(56, 5) error: method does not override or implement a method from a supertype
Error:(58, 22) error: cannot find symbol variable super
Error:(68, 5) error: method does not override or implement a method from a supertype
Error:(70, 9) error: cannot find symbol variable super
Error:(79, 9) error: cannot find symbol method notifyDataSetChanged()
Error:(87, 5) error: method does not override or implement a method from a supertype
Error:(89, 16) error: cannot find symbol variable super
Error:(92, 5) error: method does not override or implement a method from a supertype
Error:(94, 16) error: cannot find symbol variable super
Error:(97, 5) error: method does not override or implement a method from a supertype
Error:(99, 16) error: cannot find symbol variable super
Error:(102, 5) error: method does not override or implement a method from a supertype
Error:(104, 16) error: cannot find symbol variable super
Error:(131, 13) error: cannot find symbol method notifyDataSetChanged()
Error:(157, 9) error: cannot find symbol method notifyDataSetChanged()
Error:(187, 5) error: method does not override or implement a method from a supertype
Error:(189, 16) error: cannot find symbol variable super
/home/nrcfoss/AndroidStudioProjects/FBReaderJ/library/src/main/java/com/mobeta/android/dslv/ResourceDragSortCursorAdapter.java
Error:(106, 5) error: method does not override or implement a method from a supertype
Error:(111, 5) error: method does not override or implement a method from a supertype
/home/nrcfoss/AndroidStudioProjects/FBReaderJ/library/src/main/java/com/mobeta/android/dslv/SimpleDragSortCursorAdapter.java
Error:(138, 5) error: method does not override or implement a method from a supertype
Error:(311, 5) error: method does not override or implement a method from a supertype
Error:(319, 21) error: cannot find symbol method convertToString(Cursor)
Error:Execution failed for task ':library:compileReleaseJavaWithJavac'.
> Compilation failed; see the compiler error output for details.",0,0,0,1
1853,"This issue is fixed as in version 1.8.1 for HTC Legend Android 2.3.7
Thank you.",0,0,0,1
1854,"Already has search intents,
<!-- @author Dominik K√∂ppl                         Added two different intents to catch simple and advanced queries from other external applications. --> <intent-filter> <action android:name=""android.intent.action.PROCESS_TEXT"" /> <category android:name=""android.intent.category.DEFAULT"" /> <data android:mimeType=""text/plain"" /> </intent-filter> <intent-filter> <action android:name=""android.intent.action.SEND"" /> <category android:name=""android.intent.category.DEFAULT"" /> <data android:mimeType=""text/plain"" /> </intent-filter> <intent-filter> <action android:name=""android.intent.action.SEARCH"" /> <category android:name=""android.intent.category.DEFAULT"" /> </intent-filter> <intent-filter> <action android:name=""com.hughes.action.ACTION_SEARCH_DICT"" />",0,0,0,1
1855,"I installed the latest FBReader Premium release from Google Play.  It says it ""* Fixed library scanning issues for large book collections""
Unfortunately, it doesn't fix the problem here.  I am still seeing the symptoms reported above.
If there is any information I can provide to help debug this, tell me what it it and how to provide it.
If there is an inherent limit on library size, tell me what it is so I can stay within it.
At a guess, your code is fine, but you are using third-party libraries and one of them is choking trying to iterate over all books in the library.  (There are quite a few thousand books on the external card, so I'm not surprised.)
I hate to say this, but I'm about to switch eBook viewers.  FBReader is currently just not usable on my device, and eBook viewer is the main reason I use the device.",1,0,1,0
1856,"https://github.com/liquiddandruff/FBReaderJ/releases
You'd still need to uninstall since I've signed these myself, but I will be (manually) posting updated APK builds once in a while if I'm free.",0,0,0,1
1857,I think this can be marked as resolved.,0,0,0,1
1858,now in matm branch in the main repository,0,0,0,1
1859,"Also, for what it's worth, there is a standard for hyperlinking into epub document: epubcfi (from there: http://www.idpf.org/epub/linking/cfi/epub-cfi.html ).
Reading position and bookmarks could be saved in this format to a remote (personal) server (via a GET/POST requests).",0,0,0,1
1860,+1 :-)  I really would love to see this feature to get rid of these annoying repeated questions for the password.,0,0,1,0
1861,I have been looking into the intents available for this application to perhaps make this work using Tasker. Is the android.fbreader.action.API intent documented anywhere?,0,0,0,1
1862,"Hi,
Take a look at: http://developer.android.com/reference/android/os/StrictMode.html
it may help you in your research, it report long task that run on UI thread.
Yours,
Ahmed",0,0,0,1
1863,Could you please attach sample file that includes such image?,0,0,0,1
1864,"Thanks! All merged. Please use new repo https://github.com/geometer/fbreader-module-resources next time, it contains actual version of resources. (All your changes are already there.)",0,0,0,1
1865,@geometer Please include this! It'll make this very good dictionary available for fbreader.,0,0,0,1
1866,"Yes, this is known problem, the metadata in the local db is stored by path, not by hash. Additionally it cannot take ""same"" bookmark for two different books. This will be fixed in next major update. (We do not want to make such big change in 2.6.* series as it is finally quite stable.)
As a workaround, delete all local data. You will lost the settings, but all synchronisable data will be loaded successfully.",0,0,0,1
1867,"I think you can checkout latest sources and build every 24 hours. ;) And even automatically. This not requires our efforts. :)

On 4 Dec 2014, at 20:58, gerroon notifications@github.com wrote:
Hi
Is it possible to provide nightlies? I would be much interested in testing edge versions.
thanks
‚Äî
Reply to this email directly or view it on GitHub #263.",0,0,0,1
1868,@sinhpn92 Were you able to build on Studio ?,0,0,0,1
1869,Thank you once more. I would like to mention your contribution on our site page: http://fbreader.org/content/documentation/i18n/android. Please let me know how to write your name and what page you want to link there (if any).,0,0,0,1
1870,"No, it does not compile. I've found the ""culprit"" - it's because I've got the JDK 7 on my laptop and in Java 7 this code is no longer valid. You can check it on-line here:
http://www.innovation.ch/java/java_compile.html
BTW I would never have guessed that this code is valid in Java 6 and Java 5...",0,0,0,1
1871,"This is implemented in Bookshelf plugin, 1.2 beta. User can create and manage ""custom shelves"". In plans: save order of books on these custom shelves, synchronise via cloud.",0,0,0,1
1872,"Good idea eevleevs. I would like this too.
I propose the same 3 entries (library, network library, previous book) to be added in the back key/back key longpress screens such that when selected, instead of opening the cancel menu, they will immediately take the user to their chosen screen.
Since we're here, I think the default long press behaviour should be changed slightly. In my opinion, the handling of long press keypresses should not be handled in onKeyUp, but continually in onKeyPress. The former would require the user to lift his finger up after an ambiguous amount of time, and the latter would activate the long press action reliably and automatically. It is more fluid and easier to use--in the first case, if the user lifts his finger up even a bit too early, the back key action would be inadvertently activated.
Additionally, I feel that all instances of ""Cancel menu"" should be renamed to maybe the ""Back button menu"", as I feel that is a more appropriate name for what it actually is.",0,0,1,0
1873,"Ok, I'll try to understand your comments tomorrow. :) Anyway please test the build I sent. I do not really expect it will work, but... :)",0,0,0,1
1874,"If you are an end-user OR device manufacturer, that's possible. FBReader reads user-defined keymap.xml from

embedded FBReader resources
/system/usr/share/FBReader/keymap.xml
the books directory (first book directory, if you defined several)

(It reads all existing files from the list, in the order I listed them, latest definition for the key would be used.)
keymap.xml format should be clear from https://github.com/geometer/FBReaderJ/blob/f2f11431981d2938ec7e4b55876c07ca30a50c91/assets/default/keymap.xml
I have no idea how to add options for non-standard keys to FBReader preferences with no confusions for most users. In principle, that might be possible to write 'extra settings' plugin for FBReader that would be device-specific.",0,0,0,1
1875,"Microtypography is most useful/beautiful with justified text and serif fonts. I guess there may be cases where we don't want that or where we might want to disable it altogether. For example my code probably should be disabled for sections in monospaced fonts (like code), if that is possible.
Also, maybe it would be useful to add a preference for this and change the implementation in ZLTextBaseStyle, as it is done with alignment and so on, but I didn't tried to mess with the preferences system.",0,0,0,1
1876,As per your suggestion I moved the Nook specific key-bindings to a specific xml file. I just realized that the Nook Color tables may have the same manufacturer and device strings in the build.prop file so I need to figure out their information to allow them to use the default keymaps.,0,0,0,1
1877,Support for moving to gradle. It will be much more convenient for continurous development in gradle and android studio.,0,0,0,1
1878,"Hi,
Thank you. Please send it to geometer@fbreader.org.",0,0,0,1
1879,before accepting please double-check encoding is fine and xml formatting for human errors.,0,0,0,1
1880,Can you please send me the log? I can add additional debug printings if the log will be not informative enough.,0,0,0,1
1881,"Now it's fixed, isn't it?
Maybe fixed with 3124079 or 336821c",0,0,0,1
1882,"I'd like to close this issue because it is mostly implemented.
If you want more, you'd open another issue.",0,0,0,1
1883,"I also had an email discussion with Nikolay, and he said they were aware of the problem but hadn't been able to fix it.  It was either very difficult or they were missing something simple and stupid.  (My bet was the latter.) I queried a chap at Google in the Android development group about the permissions changes in recent versions and what apps had to do to get read/write permissions on external cards.  He sent me this:
the storage expert says:
--BEGIN QUOTE--
Apps can use this API to ask the user to gain access to an entire
directory tree on the device, such as an attached USB drive:
https://developer.android.com/reference/android/content/Intent.html#ACTION_OPEN_DOCUMENT_TREE
If they have a bunch of existing java.io.File-style code, they can do
a pretty much drop-in replacement using this support library API:
https://developer.android.com/reference/androidx/documentfile/provider/DocumentFile
Specifically, take the tree-style Uri granted from the first API above
and pass it in here:
https://developer.android.com/reference/androidx/documentfile/provider/DocumentFile.html#fromTreeUri(android.content.Context,%20android.net.Uri)
--END QUOTE--
I passed that to Nikolay.  I await a new version using that sort of code.  (But it's moot at the moment because the 10"" tablet that was the problem child failed and requires replacement.)  FBReader still works fine on my other devices.",0,0,0,1
1884,"I find by going to File Tree & scrolling up & down a few times, that it acts like a forced refresh, if you don't do that, newly added books don't appear to show anywhere in Library. I don't need to open the book in FBReader for it to be seen. It does suggest the Rescan option doesn't do anything. (It would be nice if every time you opened up Library it did an auto rescan/refresh so  anything new would just automagically show up.
I'm not clear what the default behaviour is supposed to be currently, but moving forward, autorefresh seems best. I have a library of 160+ books and they're all  fairly small file sizes, I wouldn't think it would be a huge performance hit for an auto refresh.",1,0,0,0
1885,"Hi
Well sure that would work if everyone knew how to do that. This way all the packages are signed (android) by you which means that no need to frequently install uninstall stuff we can just install your packages.
Anyway not a biggie it was just a recommendation. For example Koreader provides dailies, and they get much frequent reports as a result.",0,0,0,1
1886,"Thanks. I found this string is missing during doing Japanese screenshots. Added it from an alternative translation.
Btw, there is a number of new strings below. ;) Not sure set is complete for 2.1, but it is close to be complete.",0,1,0,0
1887,"Here's what the WIP layout looks like currently. The statistics calculations are separate from the view calculations, so complete layout changes in the future should be simple. I have tested this extensively through the following situations and things appear to be working normally.

first install cases
upgrade cases
0 books in library
general usage

Implementation details

when a book is detected and determined to be new, a BookStatistics is created and assigned to that book with System.currentTimeMillis to mark date added (in addBook(), where FireBookEvent(BookEvent.Added, book) is called)
database upgrade

BookStatistics table is created, all books currently in Books are inserted into the new table with System.currentTimeMillis to mark date added.


onResume marks the start of a session, onPause marks the end of a session, difference is used to calculate the total time spent on the current book

session date and duration is logged as a CSV pair in the book's statistics
session history size currently has a max length of 350 characters

is serialized with the book (length will be lowered should it impact performance too much)




every page flip increments a number in the current book's statistics
every page flip saves the current book's statistics to the database (uses mySaverThread like savePosition())

To do

override the onClick() of each statistic to show relevant information
graph?
clean up (remove logs, deduplicate code)
use resource files
invalidate view to update statistics when current book is modified (eg when books are removed from favorites/deleted)
test layout on other dpi devices (tested on Nexus 5)

Bugs

Not sure if I just started noticing or what, but flipping a page forward/backward sometimes doesn't update the current page number, or it changes the displayed total amount of pages in a book (weird)

probably has something to do with the saving of an out of date book



Binary

https://github.com/liquiddandruff/FBReaderJ/releases/tag/nightly3_release2.21",0,0,0,1
1888,"Wow, Dutch intro! Thank you very much! Any ideas about where to take (and how to choose) 5 free books in Dutch?",0,1,0,0
1889,"What's wrong with this pull request? Why isn't this feature merged into the mainline?
I have been using a patched version of FBReaderJ and definitely won't go back to the official version until this is merged.",0,0,0,1
1890,"I would like to second this request, with a slightly different usage scenario: I want to track the number of pages I read per day, in a third party application",0,0,1,0
1891,"I give you my permission to use my patches in your non-GPL projects, too.

Thank you! I will use your code in 0.99.4 (it will be released today or tomorrow).
I made some changes in dictionary code. In particular, SlovoEd is not visible in Dictionary option list if it is not installed on the device.
I did this because not all users want to use English<->German dictionaries. E.g., I prefer English<->Russian & German<->Russian. ;) I think that is good idea to list only 'universal dictionaries'. In the other hand, if you already use a specific dictionary it would be in the list.

Just a note about the DRM code: Security by obscurity has been proven to be a bad concept, so a good DRM solution should hold strong even if sourcecode is available.

That's not so clear for publishers. :)",1,1,1,0
1892,You can open pull request on github or alternatively send me the files to geometer-at-fbreader-dot-org,0,0,0,1
1893,It is already possible - check out this answer!,0,0,0,1
1894,"Sorry, I‚Äôm not sure I understand the question. FBReader uses system language by default, alternatively you can select your preferred language in Settings->Appearance section.
On 11 Nov 2013, at 18:12, Sebastian notifications@github.com wrote:

@geometer we like to write some tests for android. We prefere to use the android testing framework. It seems as you use not the common way to support multi languages. Can you tell us where the decision is made in FBReaderJ to use the device's language?
‚Äî
Reply to this email directly or view it on GitHub.",0,1,0,0
1895,"The code is still not in master, but is included into our today's NST release: http://fbreader.org/content/fbreader-nook-simple-touch . It is also in 'nook' branch in the main repo.",0,0,0,1
1896,"For real book reading effect, the page must not scroll IMO.",0,0,1,0
1897,"Okay, I just tried <hr> with padding and set to visibility:hidden and it doesn't work either.
Is there any reasonable way to get a blank line in FBReader which is not with padding on the previous paragraph (since that again might be ignored by other readers)?",1,0,0,0
1898,"Hi Haakon,
AFAIK, it is supported. At least it works for feedbooks catalog. Ok, I did not tested it last few months but I'm sure it was working some times ago.
Do you have an example of catalog with authorisation that does not work in FBReader?",0,0,0,1
1899,"Because nobody is going to correct all typos for you, really nobody. What I suggest is make it possible to correct them oneself -- and after correcting the file you can send it to the Project Gutenberg.",0,0,0,1
1900,I would love to see this as well. Stats are always so awesome to look at.,0,0,0,1
1901,"The progress indicator doesn't disappear when I rotate the device.

Good catch @daniloercoli , fixed with 8db163b.",1,0,0,0
1902,"I'll make sure to add a comment to getChangePayload. ;)

That sounds great!  I was on the same place as Oguz, not knowing about it so, it looks like a comment in code will make that clear for future selves and others reading the code :)",0,0,0,1
1903,"I'd prefer doing this when the Activity is opened rather than only on startups, for the reasons given above. It's also what we're doing in the Editor...

Makes sense. Is there any way the sanitization code can be shared between the editor and media browser? Each of them will have a list of media that needs to be sanitized so perhaps a single routine which accepts a media list and sanitizes it would work.
I also think it makes sense to add a method to FluxC with returns all UPLOADING media, just to simplify things when used from the media browser.",0,0,1,0
1904,Here is the demo on my nexus 7 - https://cloudup.com/cclQVGCHbKi,0,0,0,1
1905,"This issue has been marked as stale and will be automatically closed.  This happened because:

  It has been inactive for the past year.
  It isn't in a project or a milestone.
  It hasn‚Äôt been labeled `[Pri] Blocker`, `[Pri] High`, or `good first issue`.

However, discussion is still welcome! If the issue is still valid,  please leave a comment with a brief explanation so the issue can be reopened.",0,0,0,1
1906,Closing due to conflict. I'll create a new branch for the PR.,0,0,0,1
1907,"Suggestion DB reset

This is not needed at all. I noticed we're removing old suggestions when we add new ones here and here",0,0,0,1
1908,"@daniloercoli what did you mean by:

Keep track of the ""exit screen"" of the app",0,0,0,1
1909,"Just for clarification, you're suggesting skipping the underline style and tappable text in order to go with a quick fix?

Correct, as this seems an issue at this stage. Let's change the text and review if we get more or less issues with it.
Let's keep our Happiness Engineers in the loop so we can mark clearly the moment the change go live and we can measure it.",0,0,0,1
1910,Updated to keep the format bar disabled when the device is rotated and the title field is selected.,0,0,0,1
1911,I've tried to reproduce this issue using the test steps and it's not happening any more so I'm closing it.,0,0,0,1
1912,"Material guidelines for supporting bi-directionality. It has some interesting information regarding icon and interactive UI element mirroring.
cc @mattmiklic, this may be of interest ÔøΩÔøΩ",0,0,0,1
1913,"After I tap ""Learn More"" I see a dialog that's only a little taller than the process bar it contains

Oops! It's supposed to tightly enclose the progress indicator until the page loads. I had the window re-sizing done a little early. Fixed in f840230",1,0,0,0
1914,@rachelmcr Pretty much the only thing I have done is to re-open the post and select Preview. I have commented on #8964 and attached a gif of it. Let me know if I am missing something! (again ÔøΩÔøΩ ),0,0,0,1
1915,I'm merging this PR into a feature branch since I don't want to mix Maxime's and mine changes. I'll create a new PR for the remaining issues.,0,0,0,1
1916,"I could have sworn that there were two columns on my phone in landscape mode. Has that been changed?

@tonyr59h the breakpoint is dependent on DP, so it is dependent on the phone you have.",0,0,0,1
1917,"I updated the list background in 2fa5d9c.  See the screenshots below for illustration.

We can address the card view and tablet layouts in #8700.",0,0,0,1
1918,"@SylvesterWilmott Updated the screenshots!
@malinajirka I think I addressed all of your comments :) Ready for another round!",0,0,0,1
1919,"Ohh, :head-bang: I haven't realized this wordpress-mobile/WordPress-FluxC-Android#1008 isn't implemented yet. It'll definitely solve some of the issues.",0,0,0,1
1920,"@tonyr59h I've updated the Snackbar in 080ed25, but I am really not sure if my wording is any good. I've opted for Post saved locally only. Consider updating it. because consider saving it didn't seem to make sense. Maybe we should change the button to ""Update"", I am really not sure.
@mattmiklic Maybe you can help us with the copy for this button label and the Snackbar text?",0,0,0,1
1921,Could not reproduce after an alpha-36 to alpha-37 migration.,0,0,0,1
1922,"Not sure if it's a bug introduced in this PR (I guess it's not), but when I start uploading a picture, and then turn the connection off, the progress bar uploading indicator is stuck at the current position, and nothing is shown to the user.
I can wait forever, but the ""Media uploading"" failed event doesn't seem to be thrown from FluxC, and the UI in the Editor screen is not updated.
cc @aforcier",1,0,0,0
1923,Fixed those typos. Seems that I can't type yesterday in the right way :),0,0,0,1
1924,I assigned myself but we're about to head out to dinner so I likely won't start till tomorrow. If anyone else wants to take it for a quicker review feel free.,0,0,0,1
1925,"Unfortunately, I don't think the post state is saved in the history.  Calypso and the API endpoint don't contain that information.  Neither the author display name nor username are included either at the moment, but we may be able to add that to the API endpoint and include it in a subsequent pull request.",0,0,0,1
1926,"This was requested in a three star app review:

Also please add the ability to change the author of the article/post. Right now there is no possibility to manage it.",0,0,1,0
1927,Closing issue and migrating to new repo.,0,0,0,1
1928,Looks good UI-wise! Thanks @0nko !,0,0,0,1
1929,"check whether the notification map is empty

62587da",0,0,0,1
1930,"Unfortunately, it's not. I must have overlooked this issue. It's on my list now.",0,0,0,1
1931,Noting for reference that this also matches with 5c68beb0f8b88c29631c1f6e-fabric and 5ab2254b8cb3c2fa638fbb25-fabric.,0,0,0,1
1932,"@mattmiklic @tonyr59h  Sync makes a lot of sense here as the term, how about we changed the buttons to ""Sync"" and change the message to Post saved locally only. Consider syncing it to be consistent with the other messages?
If we are comfortable with that, I can make the change and we can merge, otherwise let's ping someone from editorial.",0,0,0,1
1933,Let's at least catch this exception and show a proper error message to the user about the risk?,0,0,0,1
1934,"Found an issue with Jetpack sites:

Log into .com account with a Jetpack site
Log into that Jetpack site as self-hosted
The post list will have two entries for the Jetpack site
Attempt to visit, e.g., settings (other parts of the app will cause this as well, and eventually opening the app will crash within a few seconds)

Crash:
Caused by: android.database.sqlite.SQLiteConstraintException: UNIQUE constraint failed: SiteModel.SITE_ID, SiteModel.URL (code 2067)
    at android.database.sqlite.SQLiteConnection.nativeExecuteForChangedRowCount(Native Method)
    at android.database.sqlite.SQLiteConnection.executeForChangedRowCount(SQLiteConnection.java:732)
    at android.database.sqlite.SQLiteSession.executeForChangedRowCount(SQLiteSession.java:754)
    at android.database.sqlite.SQLiteStatement.executeUpdateDelete(SQLiteStatement.java:64)
    at android.database.sqlite.SQLiteDatabase.updateWithOnConflict(SQLiteDatabase.java:1576)
    at android.database.sqlite.SQLiteDatabase.update(SQLiteDatabase.java:1522)
    at com.yarolegovich.wellsql.UpdateQuery.execute(UpdateQuery.java:79)
    at org.wordpress.android.fluxc.persistence.SiteSqlUtils.insertOrUpdateSite(SiteSqlUtils.java:87)
    at org.wordpress.android.fluxc.store.SiteStore.updateSite(SiteStore.java:566)
    at org.wordpress.android.fluxc.store.SiteStore.onAction(SiteStore.java:502)
    at java.lang.reflect.Method.invoke(Native Method)
    at org.greenrobot.eventbus.EventBus.invokeSubscriber(EventBus.java:485)
    at org.greenrobot.eventbus.EventBus.invokeSubscriber(EventBus.java:479)¬†
    at org.greenrobot.eventbus.AsyncPoster.run(AsyncPoster.java:46)¬†
    at java.util.concurrent.ThreadPoolExecutor.runWorker(ThreadPoolExecutor.java:1113)¬†
    at java.util.concurrent.ThreadPoolExecutor$Worker.run(ThreadPoolExecutor.java:588)¬†
    at java.lang.Thread.run(Thread.java:818)¬†

This is relevant to wordpress-mobile/WordPress-FluxC-Android#58. I'll just add a note there, I don't think we need to fix this in this PR.",1,0,0,0
1935,Closing this PR so we don't add 3 commits for a single line change. The issue is fixed in #9036.,0,0,0,1
1936,"This came up again in 288332-h, the user sent screenshots this time but I also asked the user to double check their app version and requested logs. I'll update once I hear back from the user.",0,0,0,1
1937,"This looks good, thanks @theck13
I noticed the alignment needs some adjustment verticals screen to match this PR @malinajirka",0,0,0,1
1938,"I've just tried to enter IP addresses of 5+ self-hosted sites and none of them worked. The app always displays ""The site at this address is not a WordPress site. For us to ..."".
Tbh I think the error message is actually correct. The server apparently responded with ""Invalid_response"" error message, instead of ""invalid_credentials"". As a result, we show user friendly ""Error while adding site"" message and error code/message to help us debug the issue ""Error code: Invalid response"". We can't tell the user the credentials were invalid since we don't know it.
@designsimply All in all I I'd suggest closing this issue with ""works as expected"". We'd be ideally showing only number error codes instead of ""INVALID_RESPONSE"" but this improvement is more of a project than groundskeeping task.",1,0,0,0
1939,https://code.google.com/p/android/issues/detail?id=176252 - proposed workaround by a Googler is to move drawables to -v4 (like in 91bae6f),0,0,0,1
1940,Please merge this (or cherry pick commits) in release/3.9.,0,0,0,1
1941,@0nko Do you mind following up on this PR when you get a chance? Thanks!,0,0,0,1
1942,"Code looks good! I was testing though and found an inconsistency when sending the app to the background as advised here:

Feel free to background the app and resume it. Notice the statusbar notification appearing, updating or disappearing.


the icon in the notification is not showing
the notification was showing the progress in all its stages, so I assumed things were going well, and finally got the ""Site created!"" notification (which stays there, should we remove it as soon as we bring the app back to the foreground?)



going back to the app it says ""Sorry, failed to  properly create your site :("", which makes sense as I was trying to create the same site (taken from debug params)",1,0,0,0
1943,"This message feels ambiguous -- continue with the current process? Or go back to the login screen?

I'm guessing you're referring to the ""The Google account 'heckofatest@gmail.com' matches an existing account on WordPress.com. Continue with login."" message when the user is taken from the signup flow to the login flow, right?  The user is automatically taken to the login flow when this message is shown.  We wanted to add something to inform the user they are no longer in the signup flow to minimize confusion.  Do you know how we can express that better?
What do you think about the ""Google took too long to respond. You may need to wait until you have a better connection."" message shown when a timeout error occurs while trying to login or signup with Google?  See the screenshot below for illustration.",1,0,0,0
1944,"The signup form also allows you to enter punctuation, which isn't accepted. It would be good to either prevent punctuation from being entered in the username/site address fields or use a similar fix (either autocorrecting or suggesting an acceptable username/site address).",1,0,0,0
1945,"A one-time tooltip seems more reasonable than an all-the-time solution

Agreed, I'd be fine with a one-time hint, conceptually similar to the way we've called out new features in the editor and stats before.
I'd also be fine with, as a later iteration, testing whether adding a permanently-visible icon would have a significant impact on the number of users finding the feature.",1,0,0,0
1946,"I still think this would be pretty cool to do, because it puts the user in the context of the reader, but can still perform comment moderation actions. I believe I had a branch working with the basics of this, but it was over a year ago so it probably no longer applies.
That said though, my team is no longer focusing on this so we can probably just close this unless someone from Hogwarts is willing to give it a go.",0,0,0,1
1947,"I hadn't enabled the monitor module in Jetpack on my site, but the UI was available in the mobile app. The module was ON.
In Calypso there were no trace of it under Security tab.  I have to enable the module on the site. Should we check if the module is enabled before showing it on the mobile UI?",0,0,0,1
1948,"There is one usecase I'm wondering about with the GlobalScope and that's when you want to do a fire&forget kind of operation that you don't want to tie to the activity lifecycle. Do you think it would make sense to introduce something like ApplicationScope? I use GlobalScope in cases like that (and I believe it is still valid) but maybe there is a better way -

I agree, that GlobalScope is valid for such usecases. I'm not sure if it's necessary to introduce an Application scope as GlobalScope is technically an Application scope, right?

Say you want to perform some action, leave the current screen and then show the result in a snackbar on after the action completes. You can't use the viewModelScope so you're stuck with GlobalScope. But that's an overkill and if the action get stuck you'll leak a coroutine. A way to solve this would be if you could supply a coroutine scope from the calling ViewModel to one being called.

It really depends on the usage and architecture of your activities/fragments. If the screens share the same activity, you can still tie VM's lifecycle to the activity and share the scope between the fragments. I don't think there is anything else we could tie it to but Fragment/Activity/Application/Service, right?
As for the SnackBar scenario, if you want to show the snackbar no-matter the screen,  I think it's a valid use-case for an EventBus. Wdyt?

For example saving a post when leaving the editor is something we don't want to tie to the ViewModel lifecycle but I think it's perfectly fine for it to happen a bit later (when the system is ready).

Yeah, I think saving a post would ideally be handled by a Service. Service can be easily automatically restored when it's killed. On the other hand saving something into db should be very quick and using a Service for such case seems like an overkill. Moreover, we'd need to send the data in a bundle and we might exceed the max size. I think using GlobalScope with withTimeout is good enough for these types of scenarios. Wdyt?",0,0,1,0
1949,"Yeah, I noticed Monitor's settings being different as well. I think we could likely revise them to show the master toggle to enable the feature, then a clickable card (for calypso) to take the user over to /me/notifications to manage the notifications.
I imagine it was done this way so that you didn't have to leave wp-admin to enable the same settings on the remote site side of things though.
Is it alright to leave it as-is for now while we figure this out?",0,0,0,1
1950,The user in 271478-h would like to be able to upload audio files via the app too.,0,0,1,0
1951,"Where are you seeing the light blue font for Follow/Following within the app?

Using an emulator, on master branch. Video: https://cloudup.com/ccjLsyWHTMR
The text changing color also happens in version 4.2 of the app, but with the old icon.",1,0,0,0
1952,"Doesn't bother me that much, but maybe you can add some CSS to center them horizontally?",0,0,0,1
1953,"Thank's for the feedback! The issue you described is actually intended behaviour :) Idea is, when you tap Blog posts in landscape you are interacting with the Blog posts content, so when you come back from Stats in portrait the Blog posts would be visible because it was the content you were interacting before. In contrary, If you swiped to reader tab while having the Blog posts opened in landscape, then go portrait while in reader tab and swiped back, you would see MySite menu, because swiping to other tab indicates that you are not ""interacting"" with Blog posts anymore (it will still be there waiting for you in landscape mode). Makes more sense when all the screens in MySite support dual pane.
I understand your concerns about dual-pane, and they are totally on point. This feature could always be revisited later, when priorities will change. So feel free to close this PR for now :)",0,0,0,1
1954,"I fixed the most obvious things returned by runing the inspector.
Checked the ""unused declarations"", and ""unused methods parameters"", but I think is better to not remove them for now.
Also checked other things reported by the tool, but nothing really important to fix.",0,0,0,1
1955,"A couple super tiny things:


Are we using an em-dash there on the title? It looks a little short (en-dash) but maybe my eyes are playing tricks on me ÔøΩÔøΩ


It might be my imagination but is the empty state slightly off-center vertically? ÔøΩÔøΩ


Other than that this looks good! We will be doing a full audit of empty states soon, so we'll defer any major style / illustration changes until then. Beyond that,  !",0,0,0,1
1956,"Layout Direction
Force right-to-left layout direction.
Run app.
Notice layout displays correctly.

I've kept the device in EN and forced RTL.
My Site screen does seem to have problems with the section labels/dividers",1,0,0,0
1957,"Dropped the isDebugBuild check
Fixed the issue where the old editor would be displayed until you visited the settings activity

Ready for another look @maxme, @bummytime!",0,0,0,1
1958,"@oguzkocer I've updated this PR with develop and addressed the remaining issues. However, I didn't address your comment about getting the day names from the OS. Although there is a way to do that, the problem is that the user can change the language in the app so we can't rely on the OS.",0,1,0,0
1959,"Just to re-confirm my thoughts -> my plan was to implement it as Chris described in the comment above.
I guess we can simply keep the ""Local changes"" label -> truth is that not all the changes are synced with the server as we remote-auto-save just ""title,content,excerpt"".
I thought it'd be a nice improvement but maybe having more labels makes the flow even more confusing. Tbh I'm not sure.",0,0,0,1
1960,"@daniloercoli just finished up with switching to PreferenceFragment, I think it's ready for a merge and release.",0,0,0,1
1961,"Quick note about how things are handled on the Android side that might add to the confusion of a user. We use the local status of the comment to decide whether to trash or delete it and if the status has been changed in another client, this can behave a little weird. I haven't looked into it in detail but here is what happened to me:

Trash a comment in app
Go to calypso and restore it
Don't refresh the client and delete the comment
It'll look like the comment is deleted and will show up after waiting a while (I am not sure if it happens every time)

This is exactly what the user described in one of their comments and it's completely unrelated to the original issue.",1,0,0,0
1962,"@nbradbury I've committed a few more things, but am leaving now for the weekend and haven't had much time to test. Have another look if you'd like, or it can wait until Monday ;)",0,0,0,1
1963,"The suggestions can be ""duplicated"" by adding whitespace to the end.
So android, android_, android__, and android___ are all separate entries (where _ is a space). String.trim() is your friend ÔøΩÔøΩ",0,0,0,1
1964,"@nbradbury
I noticed some bugs after submitting the pull request. That's why i closed it.
But now it is ready. You can review it and notify me about further issues you found in code.",0,0,0,1
1965,Note: appears to be happening only for Android 7 and below.,0,1,0,0
1966,"Lint (lintVanillaRelease) was complaining about a line of code removed in this commit. It doesn't show any warning for the targetSdkVersion specified in the build.gradle.

Huh. When I undo that change I get the warning, but it points to the same one I get in the build.gradle file. I guess they've conflated the two. Anyway, makes sense ÔøΩÔøΩ",0,0,0,1
1967,"This looks good except for NotificationDetailsActivity which sets the title from the notification here. I suspect there's little we can do to change this, so",0,0,0,1
1968,"If you feel the design isn't cutting it, then we should leave it as-is until we can accomplish what you believe is best.

My impression is that since we're not able to achieve a desirable visual result within the limitations of how the current design works, that probably means we should spend a little time thinking the design through. So I think it would make sense to leave the current design in place for the time being, and try to get the designer working on the Reader to collaborate on an Android-specific design. We might be able to come up with something that does a better job of surfacing the Reader navigation altogether as a result.",1,0,0,0
1969,Something seems to make the app restart when in background. Could be due to helpshift integration.,1,0,0,0
1970,I'm unable to reproduce the issue when performing those steps on develop.  Do you have any other details that may help me cause it consistently?,0,0,0,1
1971,"This behavior is different compared to previously saved drafts.

Exactly, it shows Immediately only for drafts that have not been saved yet. The reasoning behind it is the following route applies: it's a draft that has not even been saved yet, thus making it effectively ""Immediately"" as soon as you publish it.
It's also described in this PR #9466 (see test case D) so it would keep the same functionality as before.
We can remove the Immediately label completely so it's easier to not misinterpret or make it too ambiguous. To be fair, this was brought up by @daniloercoli here and @oguzkocer while testing/reviewing the PR before, but I explained that was the case as it was working before so, we decided to leave the functionality as is and only bring up the discussion with a designer about what's best to do in that case later.
Now it seems to be a good time to discuss, I can surely bring the  Immediately label down and let the user see the date with no special handling, which seems like the common sense expectation @daniloercoli, @oguzkocer, @designsimply and others had (and to be honest, probably mine as well, just that I tried to keep things ""as they were"" from a developer perspective).
Can we summon a designer to see if we need to ditch that special Immediately label altogether?
Adding the Needs Design solution label ÔøΩÔøΩ",0,0,1,0
1972,"Yeah, we actually added the site_id value on the server side in Simperium to fix the issue without updating the client. Once the fix is out there for a while we will probably remove the site_id field again.",0,0,0,1
1973,"90-day impact: ~4 per day
Users affected in the last 90 days: 182
Limited to: Android 7.0 & 7.1.1
https://sentry.io/share/issue/7e0a041d217948c1b954eb9df175e8b9/",0,0,0,1
1974,"@daniloercoli I don't think we need to distinguish these 2 cases, and I would prefer to not do that ;)",0,0,0,1
1975,"@hypest The FluxC PR is merged, so we can update the hash in this one :)",0,0,0,1
1976,"Ahh, I didn't know about app:iconTint.  I tried android:iconTint originally and saw the ""Attribute iconTint is only used in API level 26 or higher"" message so I thought it wasn't possible.  Thanks for the tip!  I added the attribute in 60fcae4 and removed the unused resource in 6a216ce.",0,0,0,1
1977,"I'm going to go ahead to close this, as it's resolved in Gutenberg and the classic editor is set to be removed. Feel welcome to re-open with any further thoughts!",0,0,0,1
1978,"Changing the arrow icon turned out to be even easier than I thought - I didn't need use a 9patch, as I set the background for the Spinner to be transparent and then added a drawableRight to the filter_spinner_item layout ÔøΩÔøΩ
I noticed the Spinner width changes as you pick different options, but I think this is normal behavior (either we wrap_content as it is right now,  or we set it to full width occupying the whole layout width, which is not intended). If we want to give it a fixed width in dp so no matter which option is selected ithe Spinner remains the same width, please suggest what the value for that should be @mattmiklic .
Posting a couple screenshots here (the same is applied in the Comments section)",0,0,0,1
1979,"So do these strings have the wrong characters?
https://github.com/wordpress-mobile/WordPress-Android/blob/master/res/values-zh-rTW/strings.xml",0,0,0,1
1980,"Just adding a quick note here that I've left the domain screen without a maxWidth property since we'll add it to the activity. If we end up not implementing this, we'll need to add a constraint to the domains screen.",0,0,0,1
1981,"This PR seems OK with me. Maybe @roundhill want to take a look at it?
@nbradbury  - Outside the scope of this PR, but seems that updatePost - https://github.com/wordpress-mobile/WordPress-Android/pull/2916/files#diff-6d5bfddd648980948c4da14c26785616R1094 is called 4/5 times when you edit a post and hit the Upload button. Weird..no?",0,0,0,1
1982,"Seems to happen when I select UNDO, trash it again quickly, and select UNDO again.

This was caused by using a single variable to determine whether a post was trashed. Fixed in 65a0208 by using a list of trashed posts instead.",1,0,0,0
1983,"We must include that fix #3455 in WordPressMediaUtils.loadNetworkImage

Well spotted, fixed in 887bf66.",0,0,0,1
1984,"The changes to the page look great! That's a nice improvement.

Is it possible to immediately show the dialog at its full size, with the progress bar centered in it?

I think this would be a good idea. I thought the box around the loading animation looked a little funny too, but thought it might be an Android pattern I just wasn't familiar with.",0,0,0,1
1985,"I'm seeing an empty ""WordPress.com Updates"" section now.

Do you see this everytime? I haven't reproduced it yet, but I'm guessing it's a race condition.",1,0,0,0
1986,"I was tempted to try and show the empty view or do some caching but decided against it since there is a significant amount of changes coming from the master-auto-upload branch which will be merged soon.

Agreed. I'll open another issue to track improvement (for reference #10403)",0,0,0,1
1987,"extra space here

Fixed in 2051395

it seems it could all be handled by this latter one and get a list of one item

Makes sense - changed in 05cc747

Is there a possibility mListener is null here?

It shouldn't be possible for the listener to be null, but I agree it's worth checking for. Addressed in 1c38691",0,0,0,1
1988,"@nbradbury: Thanks for giving this a look. While I don't share the same concerns that you do, I certainly understand where you're coming from.
In thinking about this a bit more, and really getting a feel for more traditional flows on the platform, what do you think about something like this?
1. Settings screen
The shift here would be to move the export option out of the delete flow and place it in the advanced section of the main settings screen.

2. Export bottom sheet
If the user choses to export content, the available options can be presented using a bottom sheet.

3. Delete site dialog
This is the major shift, but potentially a worthwhile one, as it focuses much more on the exact task at hand. If the user choses the delete site option, they are presented with a dialog that mentions exactly that.
It still warns them of the content removal and still requires an input to confirm however. The input however might be better utilized as the account password since it is more traditional to be required for a flow such as this.",0,0,0,1
1989,"@tonyr59h thanks for this. I think this is a tricky feature ;)
Easy fixes:

+1 for having the wp_ preferences key in strings.xml but we must mark them translatable=""false""
Selected language should be saved and restored when the app start (not sure this is so easy, I've read some bad things about this a long time ago).
We should filter availableLocales and keep only languages we have translations for. Or only list languages we have translations for, see bullet point below.

The tricky point:

I don't know if it's possible, but one idea behind #2309 was to be able to select languages unsupported by Android (Gaelic for instance).",0,1,0,0
1990,"Ok so here‚Äôs my feedback @oguzkocer , please let me know if you find that I seem to be misunderstanding something so I can re-review :)
General

I‚Äôve tested develop first, then installed your branch, and confirmed the database upgrade is working fine ÔøΩÔøΩ
I‚Äôve seen the list of followers don‚Äôt have any actions on long press, but then if I tap on each follower (except for myself) then I can remove them. I think the UX would benefit from having a way to delete right away, and also having a way to mark several items and delete them all, like the way it‚Äôs done in the Comments section of the app.
(see screenshot)


UPDATE as discussed on Slack, I understand you have considered this and decided it was not necessary atm. I'll take that as an answer, just wanted to leave it here.
Code
I made a few comments here and there in the code, and also wanted to note this:

Good call on having the listeners set with setOnPersonSelectedListener both when the activity is created and again onCreate(saved instance) as having the activity be a listener of something that happens within the Fragment is always a painpoint
(https://github.com/wordpress-mobile/WordPress-Android/blob/feature/4142-people-list-dropdown/WordPress/src/main/java/org/wordpress/android/ui/people/PeopleManagementActivity.java#L132)
I wonder pull-to-refresh has been taken out? If you load the data from the server and then save to the DB, then only show on the screen whatever comes from the DB, my guess would be you‚Äôll always have a consistent state. Was there any other problem we could deal with?

_UPDATE_ having talked on Slack, here's why I still think it's good to have a pull to refresh and at the same time should be easy to implement: If you load the data from the server and then save to the DB consistently, then only show on the screen whatever comes from the DB, you‚Äôll always have a consistent state. No need to sync, just use the DB as a buffer and to cover edge cases when we‚Äôre offline but still want to show the list to the user. As a matter of fact, if the user wanted to do anything with it (like, removing or adding a new follower), they will inevitably need a connection, so no need to worry about syncing but rather just taking whatever comes from the server and pushing it to the DB, clearing the former contents each time.
Now, having said all that, I agree the followers section content shouldn‚Äôt change that much, so refreshing the screen might not be used often, but still having a pull to refresh on all lists is something I as a user would intuitively expect if I‚Äôm used to do that on almost every other list in the app. Plus, the burden of implementing it in the simplified way (not syncing, but rather just stepping over the DB each time) is really small.",0,0,1,0
1991,"@malinajirka @oguzkocer I've resolved most of the issues. There are a few that I haven't tackled yet or need a decision. I've listed these below in this comment so they are easy to find.

I haven't yet dug into FragmentStatePager or worked out what the best option is
Related to the first point I haven't changed how we update the post lists, whether replacing the adapters, replacing the fragments, or triggering updates in the fragments
The icon/avatar loading hasn't been changed as I would like some guidance on what the best course of action would be
I haven't implemented the single view state for the activity. There are quite a few thing that could trigger the change in state. I know how I would do that for RX but not sure of the best way to do it for LiveData.
Although I have removed my added use of SiteModel in the activity I haven't touched the usage that was already there. If you would like me to tackle that in this issue I can, but might be worth doing it in a different issue.

I think I have hit all the other raised issues, if I have missed anything let me know.
BTW, I haven't resolved any of the raised comments as I my experience is that the person that raised the comment should resolve the issue after confirming they are happy with the change. Hopefully that lines up with how you folks handle them.",0,0,0,1
1992,The offline scenario was addressed in a separate PR #8936. I added a check for connectivity and the menu dots should not be disappearing at all.,0,0,0,1
1993,"Love the changes! This is going to make a lot of folks happy when it ships, it's one of the most brought up features on the Play Store reviews.
After 20 minutes of trying to break it I only found one issue. Changing the featured image via Image settings doesn't take, though I'm still treated to an upload icon and a notification that the post was updated.",0,0,0,1
1994,"Also, what are the differences in Image Quality? (low, medium, high, very high, maximum...are all of these options necessary?) Same question for Video Quality.

Image quality labels low, medium, high, very high, maximum  is a way to summarize  the compression parameters passed to the video encoder.  Not sure if all of these options are necessary or not, maybe keep 3 or 4 only?",0,0,0,1
1995,"Only big thing I saw was that there is some jarring when the content loads as you swipe between posts. Seems to only happen on certain posts, though. You see a blank content area until the view pager finishes the page transition. If you swipe back to the previous post and then swipe to return, you'll see the blank content again.
I recorded a video: https://cloudup.com/cCt1_iv1iNj",1,0,0,0
1996,"Looking at Calypso use case for this icon, you're right we should probably make it smaller, not sure about the offset.",0,0,0,1
1997,"Jeez, gradle PermGen space error again. Got it working after a fresh checkout, what a pain.
Will obfuscating names effect this workaround?",0,0,0,1
1998,"This probably has something to do with workaround for wordpress-mobile/AztecEditor-Android#572
At least the disappearing character =\",0,0,0,1
1999,Don't forget to add the new events to the spreadsheet ÔøΩÔøΩ,0,0,0,1
2000,This is working as expected and similar behavior occurs with the current visual editor.  This issue should be kept open and revisited once the feature/fluxc-integration branch is merged.,0,0,0,1
2001,"Something that might help debug these problems: http://www.yoctopuce.com/EN/products/usb-electrical-sensors/yocto-amp
You can insert that between your computer and the battery to read current power usage, though it's quite an investment in time to get everything setup and working.
I recall Chris saying something about how because it's a service it simply uses more battery. Might not be something we can address at all.",1,0,0,0
2002,"Cool :) Just working on a couple of those bugs now...
On 20/12/13 20:33, Chris Lacy wrote:

The animation as the Bubble comes down looks great. Nice work :)
‚Äî
Reply to this email directly or view it on GitHub
#28 (comment).",0,0,0,1
2003,"wow so much cleaner ÔøΩÔøΩ
Side note, we should do a lot of dog fooding just in case for this release, some riskier stuff landing.",0,0,0,1
2004,"Ah, my mistake - didn't read it properly. Cheers.",0,0,0,1
2005,"Most phones do not have a launcher that rotates: the Nexus 6P using the Google Now Launcher, for example, does not rotate on the homescreen. Floating windows on top of the launcher can force the homescreen to rotate; see the Eyes-Free project's Set orientation app for an implementation of that",1,0,0,0
2006,Tested WSJ and it seems to be working now. Likely a problem with the website code.,0,0,0,1
2007,"Yep - doubled the speed of the animation, and made the bubble only animate on y-axis.
Feel free to tweak that code if you want to adjust the speed.
I'll close the ticket for now, until we can get a repro on that assert.",0,0,0,1
2008,"I'm seeing the same, Android N Build NPD56N, Brave version 1.9.52
I'm willing to test out dev builds if that helps.",0,0,0,1
2009,"Does seem to work for me. Looking back through the logs, it seems like this code was removed. Was there another file to be committed as part of this changeset perhaps?",0,0,0,1
2010,"Fixed it
dc6fdc8
The fix will be available on next release.
Thanks @swarnava for posting that!",0,0,0,1
2011,"I like this change, I think it's a big improvement personally.",0,0,0,1
2012,"Fennec F-droid (Forbidden in F-droid but archive repo)
IceCatMobile (F-droid)
Pale Moon",0,0,0,1
2013,"This is looking really nice. The only problem I've noticed so far is that dragging down from the expanded view will cause problems with the animation if you have multiple bubbles open.
I'm still looking at this.",1,0,0,0
2014,"Still investigating this one. Appears the draw() itself is not called, therefore the animation is never started. Trying to dig into the SDK code to find out why.",1,0,0,0
2015,"I've seen that when running on a Samsung device, or when running on a
device with an older version of Android to what the app is building against.
But if you're using 4.4 on your Nexus 7, I don't think I've seen that.
This whole thing is very strange. It's only when items are removed when
BubbleFlowView is hidden that the mess occurs. I littered it with
invalidate() calls but it still cocked up.
On Feb 4, 2014 8:10 PM, ""glennw"" notifications@github.com wrote:

I'm trying to step into the SDK code to debug it. But every time I've
tried to step into the SDK code, it's clearly using the wrong source or
something - it's clearly on the wrong lines etc. Is this anything you've
ever run into before? As far as I can tell it's stepping into the source
for sdk-19 and that's what we're building against.

Reply to this email directly or view it on GitHubhttps://github.com//issues/284#issuecomment-34045730
.",0,1,0,0
2016,I've seen issues about this a lot in support. Interesting thought that it could be w/ tap path and not default browser.,0,0,0,1
2017,Please make sure you're using 5.10.1 of Node.,0,0,0,1
2018,"This is mostly done. However, I'll assign it to you if that's OK to finish up / check over the last couple of bits, as I don't have a device with active Play store account. The remaining work is:
(1) In Util.showTamperPrompt() I wasn't sure the best way to get the Play Store icon to use here.
(2) In Config.openAppStore(), I think this works as you've mentioned above, but needs to be checked over.
PS: Config.STORE_PRO_URL currently points to the action launcher URL, which I'm assuming is deliberate, until LinkBubble has an entry created?",0,0,0,1
2019,Just need to know the package names of these browsers - I've asked the user for the playstore listing link. Chrome and Dolphin should be there.,0,0,0,1
2020,"Likely another report, https://linkbubble.zendesk.com/agent/tickets/302
""My bug is ... Bubble will not disappear. Just floats in the background""

seems to think it's related to quickly pressing Back with multiple bubbles open

I wonder if the back button refactoring that we're about to ship could fix this.",1,0,0,0
2021,"It was published to the store already, it should be live by tomorrow.",0,0,0,1
2022,"Android  v4.2.2
Device: Walton Primo D4
Spec:
RAM: 256MB
ROM: 512MB
Processor:  Dual-core 1 GHz (MediaTek)
Kernel Version: 3.4.5",0,0,0,1
2023,Happy enough with this now to close this monster ticket.,0,0,0,1
2024,No longer an issue for me with latest version 1.5 code.,0,0,0,1
2025,I've added all of these. You might want to tweak how the display of the recent link UI is done though (in terms of the format and where the time is displayed etc).,0,0,0,1
2026,"link type not supported if you try to type in a search term, but the input says enter a search term or address.",1,0,0,0
2027,"Thank you. You are right.
Corrected it here
0a5a455",0,0,0,1
2028,"OK, I can repro this and can see the root cause. Shouldn't be too tricky to solve. #404 appears to be an exact duplicate of #403 - was that meant to have a different bug in it, or is it just a mistake to enter it twice?",0,0,0,1
2029,"No worries - probably needs a bit of tweaking for margins etc still :)
On 03/02/14 21:27, Chris Lacy wrote:

Looks great, thanks for that :)
‚Äî
Reply to this email directly or view it on GitHub
#4 (comment).",0,0,0,1
2030,This issue was moved to brave/browser-android-tabs#47,0,0,0,1
2031,"possibly related to 301, 302, etc redirect codes at the top level? Also possibly check https-everywhere redirected top level pages like apple.com.",0,0,0,1
2032,"If Reading Mode and Hide Bubbles on scroll is enabled, then hiding bubbles DOES NOT work and as a result, the bottom of the page is not able to scroll up and is cut off.
If we want Reading Mode to work so that we can view the full page without the bottom being cut off, we need to disable Hide Bubbles on scroll.
It is November and this bug has still not been fixed.",1,0,0,0
2033,No longer an issue with the new state changes.,0,0,0,1
2034,"I haven't managed to reproduce the issue yet, but hopefully the change I committed will do the job. Let me know if you see the crash again after getting this change.",0,0,0,1
2035,"Verified just now with a breakpoint in doFrame that we didn't regress the continuous loop calls. We haven't.   Only thing I can think of is maybe there is some strange state he got into which caused the doFrame loop to keep being called.  Either that or he has his phone on to not sleep and because we're the foreground app maybe we get blamed?
Could also be something else but most probably he had some strange state that caused him to get in a doFrame loop.   Playing around with it here I couldn't find a way to get in that state though.",1,0,0,0
2036,"I made a change to call setVisibility to GONE when the alpha is 0. This should mean it doesn't take up any room for layout purposes. I've also confirmed in DDMS that those views now have a visibility status of GONE, however they still show up in the Show layout bounds debug option - am I missing something obvious?",0,0,0,1
2037,"Actually, even the above isn't a problem. FlingTracker.obtain() just has a single static instance that it always returns, so not sure how this crash could occur :(",1,0,0,0
2038,"Is that going to correctly handle the original reason we avoided the goBack() method, so that redirects don't get stuck in the internal undo stack?",0,0,0,1
2039,"With 83ee3fe I've added some code which should be enough to reliably add/remove the items from the Window around the screen locks.
@glennw, the checks themselves work fine for me, but you'll need to flesh out setCanDisplay().",0,0,0,1
2040,"One thing I found is that if you enter a url of a page that doesn't exist, then it doesn't show in the history entry but it will always show in the autocomplete suggestions. Please don't list such a case.
For example brianbondy.cim loaded will give page not found.
Then you can't get rid of it from the auto suggest list.  It should never appear in that case.",1,0,0,0
2041,Chrome suffers from the same issue. Ignoring for now.,0,0,0,1
2042,"Indeed, nothing worse than a black box where you can't see what is
happening inside!
On 13/02/14 19:41, Chris Lacy wrote:

I guess we can be thankful we can do that. The thought of this was
unthinkable in the console days!
On Feb 13, 2014 7:39 PM, ""glennw"" notifications@github.com wrote:

It's possible - just debugging through the SDK source code at the
moment.
On 13/02/14 19:38, Chris Lacy wrote:

One other thought: have you considered attempting to reproduce the
issue
when the view is rendered via an Activity rather than Service? I
wonder
if
it's a Service only issue. I could definitely see that.
On Feb 13, 2014 7:33 PM, ""Chris Lacy"" gdaychris@gmail.com wrote:

Is it worth a stackoverflow post?
On Feb 13, 2014 7:31 PM, ""glennw"" notifications@github.com wrote:

I'll keep looking into it for a bit. I've dug deep enough now that
hopefully it will become evident soon-ish :)
On 13/02/14 19:27, Chris Lacy wrote:

OK. At the end of the day, it's not a show stopper. We can
ship with
it and
look at later if need be.
Perhaps it might even be worth making a bare bones shell app and
opening it
up to the community to see if anyone else can come up with a fix
for it
(after launch).
On Feb 13, 2014 7:23 PM, ""glennw"" notifications@github.com
wrote:

Even if I constantly run the update and invalidate() on all the
progress
indicators every frame this issue is still occurring. Still
looking
into it.

Reply to this email directly or view it on
GitHub<




#263 (comment)




.


Reply to this email directly or view it on GitHub
<



#263 (comment)



.


Reply to this email directly or view it on
GitHub<



https://github.com/chrislacy/LinkBubble/issues/263#issuecomment-34961475>



.



Reply to this email directly or view it on GitHub
<

https://github.com/chrislacy/LinkBubble/issues/263#issuecomment-34961933>.

Reply to this email directly or view it on
GitHubhttps://github.com//issues/263#issuecomment-34962005
.

‚Äî
Reply to this email directly or view it on GitHub
#263 (comment).",0,0,0,1
2043,"Likely the same issue as #423. Markup may differ though, so leaving both open.",0,0,0,1
2044,"Cool, I'll make the change tonight. We can always restore it if we run into any issues.",0,0,0,1
2045,"I think this is because the theme color sometimes doesn't get reset.
STR:
Visit brianbondy.com (turns blue from a theme-color meta tag)
Visit google.com
Expected result: The blue disappears
Actual results: The blue stays",1,0,0,0
2046,I could do that for sure. @bbondy what do you think about that?,0,0,0,1
2047,Closing as this is no longer necessary given it will be handled by the new BubblePager.,0,0,0,1
2048,Yes please create a support ticket after logging into getlocalization.com.  If you have trouble let me know and I can do it.,0,0,0,1
2049,"Going to try using this which is based on w3c recommendation for contrast:
https://24ways.org/2010/calculating-color-contrast/",0,0,0,1
2050,"Sorry my last comment was for laptop, I thought this was posted under laptop :)... deleted.",0,0,0,1
2051,"Well I fixed this one, but noticed an even worse crash when you long press to select text, then off focus - immediate crash. I think trying to get copy/paste working might address that.",1,0,0,0
2052,Yep - should have a basic bounce effect now.,0,0,0,1
2053,"Hi @sameer-coder,
Have you ran that command inside the project folder?
npm install
It should copy files from node_modules folder to jni folder inside the project.
Any issues, let us know.
Thanks for trying our project.",0,0,0,1
2054,"One more potential option:
http://developer.android.com/reference/android/view/View.html#bringToFront%28%29
On Feb 17, 2014 9:35 PM, ""Chris Lacy"" gdaychris@gmail.com wrote:

Another suggestion: what about changing so that
mContent.addView(centerView); is called in the onDetachedFromWindow callback?
On Mon, Feb 17, 2014 at 9:31 PM, Chris Lacy gdaychris@gmail.com wrote:

Hmm OK. There's no way to force the add/remove() to happen synchronously
is there?
On Mon, Feb 17, 2014 at 9:28 PM, glennw notifications@github.com wrote:

There's two pieces of code that read:
mContent.removeView(...);
mContent.addView(...);
It's clear what the intent is, but they are the cause of the tabview not
animating. What happens is that in some situations the onDetachedFromWindow
callback occurs after the onAttachedToWindow callback. At this point it all
gets broken, even if I try to restart the animation in the
detachedFromWindow callback.
As a test, I thought I would just comment those lines out. It does
seemingly fix the animation stopping, but the anims go crazy (almost like
there is two anims fighting over one tabview). I wasn't sure why this was -
does that make sense to you?

Reply to this email directly or view it on GitHubhttps://github.com//issues/263#issuecomment-35248786
.",0,0,0,1
2055,"Haven't seen it today as yet, but I've not used the app much today as I've
been busy elsewhere. I'll definitely keep a close eye on it over the
weekend and let you know.
On Feb 28, 2014 4:56 PM, ""glennw"" notifications@github.com wrote:

Did you notice if this was working / the bug occurring today at all?

Reply to this email directly or view it on GitHubhttps://github.com//issues/331#issuecomment-36326375
.",0,0,0,1
2056,"Hmmm, still haven't been able to repro this on either an N7 or emulator. Will keep trying with some different types of links.",0,0,0,1
2057,"These links seemed to work now, possibly an update to the webview or the link shortener service may have fixed this?",0,0,0,1
2058,"do you think we should do a release tomorrow morning?

Sounds good to me. I'll be testing with these patches tonight.",0,0,0,1
2059,Added extra parameters to control tractor beam region. May need some tweaking.,0,0,0,1
2060,Someone mentioned it in a review:,0,0,0,1
2061,"Use emoji reactions at the top. Every time you reply with +1, everyone gets a pointless notification.",0,0,0,1
2062,"All good, I've caused more than my fair share lately :)
On 22/01/14 20:50, Chris Lacy wrote:

Change works well, thanks. Sorry about causing this one!
‚Äî
Reply to this email directly or view it on GitHub
#186 (comment).",0,0,0,1
2063,"I've reproduced it another 5 times now, and in every case the two conditions I mentioned above are true (invalid cache flag set, and the view showing the problem is the last in the view hierarchy).
At this point I suspect it's a bug in the SDK and that we need to call invalidate(). In particular, the source code for setScaleX() calls invalidate with a flag that doesn't invalidate the drawing cache (although it's presumably meant to be cleared through some other code path in that method).
I'll take a look at the favicon animation issue with the invalidate() call and see what I can find.",0,0,0,1
2064,I think we should also be checking to ensure MainController.get() and intent are not null.,0,0,0,1
2065,"Some initial work was done here: #475
This should be fairly nice now, hard to know without actively dogfooding on the train. Will try to dogfood and collect user feedback once this ships.",0,0,0,1
2066,any steps to reproduce or page which can reproduce? Thanks.,0,0,0,1
2067,"Closing this for now, assuming fixed. Please reopen if you notice it again.",0,0,0,1
2068,Agree but at least people won't get stuck with these open notifications when they accidentally click for now.  I did it once without knowing the side swipe.  I only figured out the side swipe after I read the code.  Maybe because I'm not a pro at android.,1,0,0,0
2069,"Yeah I think don't worry about the additional URL bubbles for this task at
this point. That will be handled by the BubblePager once that comes online.
On Jan 13, 2014 5:16 AM, ""glennw"" notifications@github.com wrote:

In these cases, how do you think the animation / transition should work
for the rest of the expanded bubbles?
As soon as the flick occurs and it's determined that we will exit expanded
mode, we could start animating the other bubbles - I guess that would make
most sense? Do you think the other bubble should animate extra fast and try
to ""catch up"" to the flicked bubble, or just animate at normal speed?
Maybe this will be quite different with the changes you're making for
cover flow anyway?
‚Äî
Reply to this email directly or view it on GitHubhttps://github.com//issues/76#issuecomment-32130861
.",1,0,0,0
2070,Another possible thing is maybe the webview has some script in the background that runs continuously.  Like for example if twitter is left open.  Maybe we can pause the webviews or something after they are loaded and if not expanded.,0,0,0,1
2071,Moved to Chromium https://github.com/brave/chromium/issues/12  So closing this issue here.,0,0,0,1
2072,waiting a bit is fine with me.,0,0,0,1
2073,This doesn't seem to be occurring for me. I get a single redirect and then it loads (the progress indicator stops as expected). Maybe they fixed some problem at the server end?,0,0,0,1
2074,"Two more links to try
https://www.postbus.de/Fahrplanauskunft-live/
https://www.paps-test.de/de/survey/s3
I could reproduce an issue on Android 4.4",0,0,0,1
2075,"sounds good, I guess we'll see over time if there was a reason it was removed ;)",0,0,0,1
2076,A big +1 to that. I wouldn't mind updating my main mobile browser with F-Droid.,0,0,0,1
2077,"If calling invalidate() is necessary that's fine. I just wanted to find out
a bit more as to why this was happening.
I'll look at the Favicon animation issue as I fix #263. Might as well give
it back to me. Thanks for looking into it.
On Feb 2, 2014 6:20 AM, ""glennw"" notifications@github.com wrote:

I've reproduced it another 5 times now, and in every case the two
conditions I mentioned above are true (invalid cache flag set, and the view
showing the problem is the last in the view hierarchy).
At this point I suspect it's a bug in the SDK and that we need to call
invalidate(). In particular, the source code for setScaleX() calls
invalidate with a flag that doesn't invalidate the drawing cache (although
it's presumably meant to be cleared through some other code path in that
method).
I'll take a look at the favicon animation issue with the invalidate() call
and see what I can find.

Reply to this email directly or view it on GitHubhttps://github.com//issues/184#issuecomment-33882331
.",1,0,0,0
2078,Yep. It works fine for me.,0,0,0,1
2079,Looks all good to me. Thanks for that.,0,0,0,1
2080,"Initial version is now in place, closing.",0,0,0,1
2081,"Sounds good, let's do that. Thanks.",0,0,0,1
2082,"Another reported issue: https://linkbubble.zendesk.com/agent/tickets/222

My bug is ... I opened http://forum.xda-developers.com/android/apps-games/netease-music-unofficial-english-t3116629/post60928327#post60928327
And another bubble opened as in the screenshot but displayed the same page, as if only one bubble was open for two pages. When I closed and opened another page, the blank bubble reappeared...
Then it got stuck as an overlay, and tapping it did nothing!",1,0,0,0
2083,"Added a basic implementation for this. Will probably need some tweaking.
One thing that I've noticed is that the y position of the top bubble targets is probably too high on some devices (e.g. try it on an N4). The position of them means that as soon as you drag a bubble from the expanded view, they snap straight away. Any thoughts on a good way to handle this? One option might be to clamp the y-pos of the top bubble targets to be always below the expanded position, but this would then mean they're not an equal y-distance with the delete target...",1,0,0,0
2084,"I'm trying to step into the SDK code to debug it. But every time I've tried to step into the SDK code, it's clearly using the wrong source or something - it's clearly on the wrong lines etc. Is this anything you've ever run into before? As far as I can tell it's stepping into the source for sdk-19 and that's what we're building against.",0,0,0,1
2085,"I think it will be really awesome to have the choice, as the facebook messenger app, having bubbles and / or the navigator when we open a new link, no?",0,0,1,0
2086,I just confirmed this but in the opposite direction. When I am scrolling slowly back up is when the URL bar and bubbles start appearing. @Nemisor Can you confirm that your device is different?,1,0,0,0
2087,The code achieves this a slightly different way than mentioned above (because it has to take account of the portion of the bounce effect on the bubble) but it should have the same effect. See if this change feels any better.,0,0,0,1
2088,Been testing this and it looks like everything is working well for me. Nice job! ÔøΩÔøΩ,0,0,0,1
2089,"Verified that Link Bubble works for me on the developer 2 preview of Android M. I don't think we should spend more time here until we get a better STR, or have a stable Android M release date.",0,0,0,1
2090,"@huuhaa it seems this is a known problem; we have an issue which you can subscribe to for more information ÔøΩÔøΩ
#853",0,0,0,1
2091,"This refers to the two dots that used to spin around the bubble. Those were removed, so this is no longer an issue. There is some benefit to a status update when no connection, but we'll track that separately.",0,0,0,1
2092,"Yep, it seems to all be working for me - is it not working correctly?
On 20/12/13 19:54, Chris Lacy wrote:

Did you see the note on this one about you fixing up the Open in Bubble
functionality?
On Dec 20, 2013 7:52 PM, ""glennw"" notifications@github.com wrote:

Closed #28 #28.
‚Äî
Reply to this email directly or view it on
GitHubhttps://github.com//issues/28
.

‚Äî
Reply to this email directly or view it on GitHub
#28 (comment).",0,0,0,1
2093,Also they appear fine in Chrome for android,0,0,0,1
2094,"Based on twitter screenshots, I think this is the Select default app or pick_default_app string. This is likely going to be in one of these locations:
https://github.com/brave/link-bubble/blob/master/Application/LinkBubble/src/main/java/com/linkbubble/MainController.java#L749
https://github.com/brave/link-bubble/blob/master/Application/LinkBubble/src/main/java/com/linkbubble/ui/ContentView.java#L546",0,0,0,1
2095,"Awesome, I'm out and about ATM but I'm really looking forward to checking
this out.
Other question: is there a technical reason a limit of 3 bubbles is in
place? I'd like to try putting some UI at the top such that the current
Bubble is always in the top middle, and you can swipe between the other
links via a cover flow type UI system.
This could technically mean an infinite number of links could be handled at
any one time. If we did this, I think we'll have to manage it such that
only 5 or so ContentView instances exist at one time, and we trigger an off
screen instance to preload the next one on demand. Any issues you see with
that?
On Dec 21, 2013 7:31 PM, ""glennw"" notifications@github.com wrote:

I like this change, I think it's a big improvement personally.
‚Äî
Reply to this email directly or view it on GitHubhttps://github.com//issues/60#issuecomment-31059993
.",1,0,1,0
2096,"Instead of having the browser support bookmarks, can't we offer support for one or more cloud bookmarking services?
I suggest that because browser bookmarks are so difficult to sync with my other devices [and other browsers]. And the features needed will bloat the browser: adding, listing, editing, searching. Better that Brave focus on being a neat browser, and let other services handle other features. (Do one thing and do it well)
I'm thinking of services like Delicious or Google Bookmarks or saved.io or others. (I personally don't know which is best.)",0,0,1,0
2097,"@KevinGrandon now using the entire easylist instead of a small subset, also using the c++ bloom filter / rabin-karp checkups.  Please review the last couple commits.",0,0,0,1
2098,Do you have that behaviour only with your home screen? I've checked it again on home screen also with Google Launcher and it always shows me recent apps. Maybe it is specific to your device and Android version? I tried on 6.0.1 and 5.0. What device and Android version do you have?,0,1,0,0
2099,Ya it doesn't seem ideal but better than the current state until we find a better fix,0,0,0,1
2100,"I noticed that too earlier when fixing the intermittent reading mode issue, one of the reasons is for example not all of the info is avail until the page is loaded for reading mode, but for other things you want the script executed earlier. I think we can split up the scripts into those cases though and optimize this a lot or rather just do a single injection with event listeners.

Yeah, I think adding some onload listeners where needed would be better than injecting multiple times. I'll go ahead and take that work.

1.5ms doesn't seem bad if you want to land.

Yeah, I think we are good to land here, and make improvements in follow-ups. Going to run through and do a complete tests and will start on improvements.",0,0,1,0
2101,"No, and nobody knows when it will be. This is what I got when I asked him on twitter: https://twitter.com/clawfrank/status/499906725039075328",0,0,0,1
2102,"I believe if you already distribute the game through Google Play, don't see why it could not use the Google Play Services in this particular case. For those who don't use Google Play to install, I think is valid not have the Services as dependency.
And there is the issue of licensing.",0,1,0,0
2103,"Personally I'd rather stick with @watabou -s original work, presuming it will be in form of ""open development""...",0,0,0,1
2104,"It was never my intention to integrate the translation into Pixel Dungeon, but rather publishing it as a separate application. I already started with the translation in my project german-pixel-dungeon.
As already arranged with Evan Debenham, I also plan to translate Shattered Pixel Dungeon when I am ready with translating Pixel Dungeon.
I will be glad about anybody helping me, Because I am still going to school for 1 1/2 years and I just started to study IT at the university, I have not so much time to work on the translation. But I'd like to finish it within the next months.
Furthermore, I will be glad about someone corrects my translation.
Ich habe eigentlich nie vorgehabt, die √úbersetzung in Pixel Dungeon zu integrieren sondern wollte es als eigenst√§ndige App ver√∂ffentlichen. Mit der √úbersetzung habe ich bereits in meinem Projekt german-pixel-dungeon angefangen.
Und wie schon mit Evan Debenham abgesprochen, habe ich vor auch Shattered Pixel Dungeon zu √ºbersetzen, wenn ich mit der √úbersetzung von Pixel Dungeon fertig bin.
Ich w√§re froh, wenn mir jemand helfen k√∂nnte, weil ich noch 1 1/2 Jahre in die Schule gehe und nebenbei ein Informatikstudium an der Universit√§t angefangen habe und ich deshalb nicht so viel Zeit habe an der √úbersetzung zu arbeiten. Ich w√ºrde damit aber gerne in den n√§chsten Monaten fertig werden. Au√üerdem w√§re ich froh, wenn jemand meine √úbersetzung korrigieren k√∂nnte.",0,1,0,0
2105,"Yup, you are right! I must not have seen it, I tested again and sure enough it appeared. Thanks for the correction.",0,0,0,1
2106,"The scroll holder is only for items inheriting the Scroll class, while ScrollOfWipeOut inherits directly from Item (most probably to make it always identified, and have it's own Icon, as other scrolls get a random name/icon)",0,0,0,1
2107,"@clemp6r I agree completely, sharing ideas is a great thing and I'm not disparaging that. My comment was more geared towards this bubbling theme that @watabou ""is never here"" and instead of people constantly pointing this out, they should consider providing feedback or code to assist in the endeavor.
After re-reading my post, it does appear that I was not stating that clearly and that I was more against people asking for things in general, this was not my intention.",0,0,0,1
2108,This is part of the dungeon design.  Look for a room on the floor above with a pit to jump into.,0,0,0,1
2109,"Unfortunately, most means of obtaining root access on a device wipe that device, which would defeat the purpose.",0,0,0,1
2110,I get this all the time with the friendly ghost.,0,0,0,1
2111,"Gaaaaay...that's cool. May be, Can It be a Zombie Mode Game? :D",0,0,0,1
2112,"compile with the android sdk bundle works perfect

Could you be more specific ? what steps are you taking to build with no error ? I didn't manage to do just that.
From what I understand, this looks like a mere casting error:

class Item implements Bundlable
bundle.getCollection() returns a Collection<Bundlable>
You want to get a Collection<Item> from your Collection<Bundlable>

A cast as Collection<? extends Item> won't cut it: Item extends (well, implements) Bundlable, not the other way around.",0,0,0,1
2113,"Thanks for your response! I¬¥m working on it right now, I hope everything goes well. I¬¥ll tell you soon when it¬¥s finished.",0,0,0,1
2114,"Yes, you're right. Although it doesn't seem logical that knowledge is limited to worn items. Closing the issue because it's not a bug, but a design decision.",0,0,0,1
2115,"+1 for this, it would really made the PC version more playable",0,0,0,1
2116,"@PerfectSlayer - As far as I'm aware, all of the Google libraries (e.g. Maps, Play Services, and probably Play Games) are prorprietary. This means that they are incompatible with the GPL, and hence require an exception in the license of pixel dungeon (https://www.gnu.org/licenses/gpl-faq.html#GPLIncompatibleLibs).
@vndmtrx rightly points out that it is possible to have two versions with different dependencies. The best way to do this is likely through ""build recipies"" - one with Google services and one without. The second best option is for F-Droid to patch out the dependency before building - however this sometimes causes breakage as there is not many developers able to test and maintain such a patch.",0,1,0,0
2117,"I could help you with the German translation if ein sprachliches problem pops up.
The problem is that @watabou  rarely checks on the code, nor does he integrate push requests into the public code, but it is always worth a try.",0,1,0,0
2118,I'm working on an personal andrdoid game from scratch to train myself before posting more here. The Android way for translation is nice but @watabou didn't follow this and we will to extract all text strings from the code to permit an easy translation.,0,1,0,0
2119,"Forgot to note: I'm using OpenJDK 1.7.0_65, which afaik is the latest version.",0,0,0,1
2120,Anything happening? Mods and desktop version were released so...,0,0,0,1
2121,"This didn't seem like an issue at all but more a question about how to
change the name of a class.
Daniel Tousignant-Brodeur
On Mon, Oct 20, 2014 at 2:39 PM, Jo√£o G. Packer notifications@github.com
wrote:

If you found a solution, you should explain it here or reference the
commit that solved this.
‚Äî
Reply to this email directly or view it on GitHub
#15 (comment)
.",0,0,0,1
2122,"Agreed; I currently have the music turned off for this reason, but I'd rather have it on and just softer.",0,0,1,0
2123,"So, was this added to the source code in this repository?",0,0,0,1
2124,"New translation for FrenchÔøΩÔøΩÔøΩÔøΩ is now avaliable...
EnjoyÔøΩÔøΩ",0,1,0,0
2125,"I agree, it should be changed to L(floor number) in the right hand corner",0,0,0,1
2126,"I think this is a feature, not a bug. (At least read about it in pixeldungeon.wikia.com/wiki/ )",0,0,0,1
2127,I agree. I am mostly talking about the spacing.,0,0,0,1
2128,i agree with @yoyoHoneyS1ngh  and @schuylernathaniel,0,0,0,1
2129,"ok, i just thought it might be easier to add items through there, will use java though",0,0,0,1
2130,"Ah ok, do you know if it gives the user a notification that this happened?",0,0,0,1
2131,compile with the android sdk bundle works perfect .... ant/maven will fail other wise,0,0,0,1
2132,I once got into a back-and-forth loop between two of my mirror images.,0,0,0,1
2133,Would be happy to see a PR with your comments / improvements!,0,0,0,1
2134,he has released 1.7.2a on the play store so you need to update ÔøΩÔøΩ,0,0,0,1
2135,"@tavocello
As I said earlier, these Latin characters (with accents) are not treated in the game, and for this reason I opened this thread asking for @watabou provide the font used in the game to generate the characters you need.
I did rodriformiga/PD-classes@1835853 correction, so the game ran without errors, when creating these characters in the strings.xml file. So, you can usually do translation, the characters, everything is working when available.",0,1,0,0
2136,"Google Play Games integration is now there to sync the badges between devices, and that's great. Thank you very much @watabou.
How about integrating them to the metagame thing, with achievements and account XP on the Google play account?
I also don't know what it takes to activate the discovery in the Play Games app, searching for 'pixel dungeon' there doesn't return anything relevant.
I don't know what that would mean regarding F-Droid though...",0,0,0,1
2137,"Definitely, some way to compete with friends for score would improve the replayability. Google play already provides the framework, and we already have integration with it for saving the achievements. Just go one step forward.",0,0,0,1
2138,"This one is free if you compile it from source:
https://github.com/aseprite/aseprite/",0,0,0,1
2139,"By notification you mean a log entry, right?",0,0,0,1
2140,"That would've ruined the whole point of this Rougelike game. If you want to save, you either have to use a data backup program (like Titanium Backup) or use another implementation of Pixel Dungeon (like Soft Pixel dungeon or as  @gabea1 said, Remixed Pixel Dungeon). Note that that's consider cheating because what differentiates Rougelike games from other games is permanent death.",1,0,0,0
2141,Is it possible that he posted the code so that others might make the attempt to add features to the game instead of just asking?,0,0,0,1
2142,"its not in the source, its a market only thing, removed when source is released",0,0,0,1
2143,"Solved in 5d366cb, where the second quickslot option is saved in the Global preferences ;)",0,0,0,1
2144,"A notification would be nice, since it's only a possibility of occurring.",0,0,0,1
2145,Can't seem to find any trace of this in the source? How does this work @watabou?,0,0,0,1
2146,@ajira86 Exactly right. I'll be happy to help with your game to gain some experience myself ÔøΩÔøΩ,0,0,0,1
2147,"@watabou : I started with this idea to translate (commit https://github.com/ajira86/pixel-dungeon/commit/7ce7c588f0f632b18f19d1d965f64527140ddcdc) but don't know if it is the best way to start by translating the Scene objects (tried four sentences in TitleScene that work). But when I tried with StartScene, strings are null :/ (still working on)",0,1,0,0
2148,"I can take a look at it, I'm pretty good with Java. What is bundle.getCollection(ITEM) returning?",0,0,0,1
2149,I've made a new pull request for 1.7.5a and am closing this one,0,0,0,1
2150,@tavocello It seems the guy from issue #10 is being more successful in internationalizing the game,0,0,0,1
2151,The game will usually give you Potion of Invisibility to get past the piranhas in piranha rooms' floors.,0,0,0,1
2152,"oops, i posted in the wrong project, i'm playing ""Shattered"", thanks for the link!",0,0,0,1
2153,+1! Because tapping arrows is too tiresomely,0,0,0,1
2154,"I don't think Watabou has up-to-date PC source. That fork was the only place it ever existed.
If you want up-to-date PC builds of vanilla PD, clone the fork and merge in the newer commits from here.",0,0,0,1
2155,"I might just publish on the playstore, although I'd rather have it accepted
to pixel dungeon proper
On Mon, May 11, 2015, 22:10 Shreyas notifications@github.com wrote:

This is really neat. Could you tag a release with an APK in your fork?
‚Äî
Reply to this email directly or view it on GitHub
#54 (comment).",0,0,0,1
2156,"I'm not the author, but I built and ran the latest commit in this repo and can tell you that the source here is currently for v1.7.1c; which makes sense as the most recent update on the Play Store is a good week or two after the most recent commit here.
Cheers!",0,0,0,1
2157,"The game will usually give you Potion of Invisibility to get past the piranhas in piranha rooms' floors.

Right, that's what I was mentioning in my original post.  However, I didn't have one and figured levitation would be sufficient.",0,0,0,1
2158,"Hi @tavocello,
Sorry for the delay in resonder your comment.
I'm finalizing the translation of the game in a few days, and really, the texts were scattered across the source code. I had a lot of work to gather all the strings into a single file (strings.xml), and since making the entire translation for Brazilian Portuguese.
If you want to help me in the translation into Spanish, I would greatly appreciate it. Can, in this case making a fork of my project, already nearing completion. You can access it through my directory (https://github.com/rodriformiga/pixel-dungeon), and then send me a pull request with your changes.
In a few days, so here is everything organized, I'll send a pull request to Watabou to put in the official game.
Procedures for the translation:

Create a fork of the project (https://github.com/rodriformiga/pixel-dungeon)
Copy the ""pixel-dungeon/res/values‚Äã‚Äã/strings.xml"" file to a new ""values‚Äã‚Äã-es"" directory into ""pixel-dungeon/res/"" folder
For each string, convert to your language.
Send me a pull request with your changes

PS¬π: I have not received information on how to make the accented Latin characters (√°√ß√±√†√¢), and so the translation to Portuguese is ignoring these characters and placing them without centua√ß√£o (acnaa).
PS¬≤: You should also do a project for PD-classes in ""https://github.com/rodriformiga/PD-classes""
PS¬≥: the code is fully updated as the Commits provided by @watabou.",0,1,0,0
2159,"It is not a bug. It's actually a tip you see on a sign after DM-300.
See this file for the actual tip;

  
    
      pixel-dungeon/src/com/watabou/pixeldungeon/Dungeon.java
    
    
         Line 96
      in
      3ce26c2
    
    
    
    

        
          
           ""When you upgrade an enchanted weapon, there is a chance to destroy that enchantment."",",0,0,0,1
2160,"Watabou has commented that he is currently extremely busy and hasn't been able to release the latest source as a result.
If you think the delay is unreasonable despite that I'd say that's fair, but I don't believe Watabou is actively intending to abandon this project as open source.",0,0,0,1
2161,"@watabou
If you have any plan about it, pls don't forget the messy problems about drawing CJK characters.
For now we have had a repo of pixel dungeon for Chinese localization, you can use it as a reference as your will.
Our repo is here: https://github.com/WiseClock/localized-pixel-dungeon-gdx",0,1,0,0
2162,"Wow, that¬¥s great! It recently went open source so all the data is in the proyect feed. If that works out for you, please tell me... Thanks!",0,0,0,1
2163,"Yeah, an X is a multiplier, it doesn't make sense here.",0,0,0,1
2164,"There was a fix added to this in a previous update, talk to the ghost again and he will teleport away to a different location on the level.",0,0,0,1
2165,"Well, that would've been a major bug now, wouldn't it? Perhaps too major?
Did you try searching the walls of that room on the second floor for a hidden door?",0,0,0,1
2166,"He announced he will update it to 1.7.5 soon:

@watawatabou I‚Äôm going to publish the source code of this version by the end of the week (skipping 1.7.3 and 1.7.4)

https://twitter.com/watawatabou/status/558214768662953984",0,0,0,1
2167,"Indeed, one of my favourite letters, and so descriptive too!",0,0,0,1
2168,"Haha no worries! (You don't wanna know for how long I've been stuck there the first time I played the game. xD)
Anyway; as a heads up (and unrelated): if you're new to this game, I'd recommend Shattered Pixel Dungeon. Don't get me wrong: Pixel Dungeon is a fine game, but due to a lack of support in recent years (Pixel Dungeon is no longer supported by its developer), it is currently more of a highly influential 'the original' rather than 'the best one to begin playing with'. There are quite some good mods out there, and I do recommend you to try those out as well. In my opinion (not to promote one mod over another - you should try all 'well known mods'), Shattered Pixel Dungeon is currently best for new players. It is actively maintained, well balanced, and it doesn't stray too far from the original. Completing the original is generally considered to be more difficult than completing Shattered.
I know you didn't ask for that, but I thought I'd give you as a new player a heads up.
Also; if you want to discuss your wins/ strategy/ general discussions/ gameplay suggestions: Reddit is the place for that. You can find all Pixel Dungeon mods here: https://www.reddit.com/r/PixelDungeon.
Enjoy! (I beat Shattered in about 250 tries; poke me on Reddit if you want to show off.)",0,0,0,1
2169,"Sorry, That was silly of me to put :)",0,0,0,1
2170,"Updating the repository is even easier than being active, and even that is not done.",0,0,0,1
2171,"@prurigro I see. I will check it out ...
@rodriformiga =D",0,0,0,1
2172,"ÔøΩÔøΩ
I don't think the developer is particularly active here though. There might be a fork you'd have more luck with, like Shattered Pixel Dungeon: https://github.com/00-Evan/shattered-pixel-dungeon",0,0,0,1
2173,"Came here to open this issue, i looted 3 scrolls some days ago killing flies.",0,0,0,1
2174,"Hi, @nathbenjwolf
Missed you implement the badges (ALL_BAGS_BOUGHT), validating that PotionBelt has already been purchased.
;)",0,0,0,1
2175,I verify that I had to change the code to compile it in Android Studio running on Arch Linux.,0,0,0,1
2176,"For translations I suggest using crowdin.net or transifex.com or similar service, so that translators get easy-to-use interface and you can maintain the translations (find the missing translations, update on new build, etc.)
Both crowdin.net and transifex.com are free for open source projects.",0,1,0,0
2177,"Just decided to test this for a sec on my fork.
This is working correct, as the game descends first, then attempts to validate the badge. so 22 is correct as we don't want to get the badge when we arrive on floor 22, from floor 21.
The whole logic for checking this is fairly iffy (should really do a check on floor 21 itself, boss levels are checked elsewhere), but it does function correctly.",0,0,0,1
2178,"Why do you want to import it into Unity? Because, assuming you want to have it 'natively' (and not just solve it by loading a Java wrapper into Unity), that's going to be a lot of work.
If you want to study Unity, I recommend other projects, that are already made for Unity.
If you want to mod this game, I recommend you to just mod it as-is. There are many other mods, and Java isn't that difficult, so you should be able to figure that out.
If you want to port the game to other systems, you could try using libgdx instead of Unity.
If you really want to import it in Unity, without using some sort of Java executer, I can think of no other way than just translating the files. What you have to keep in mind, though, is that the world editor of Unity would not really work, as most floors are completely randomly generated. So I doubt using Unity will make modding any easier.
Anyway, if you have further questions, you can always poke me. For in the future: I doubt this is the best place to ask this kind of question.",0,0,0,1
2179,"Ah thank you, i never have noticed that for some reason. Will close issue as soo",0,0,0,1
2180,"Hmm, I'm still seeing this in Android 1.9.0. I'll probably take a look at it for myself when I get the chance if no one gets to it first.",0,0,0,1
2181,@ajira86 Hi! What's the status on that contribution? I could translate the game in Dutch. You can email me at roemerbakker@me.com,0,1,0,0
2182,"@Sarius997 I added you to the Pixel Dungeon translation project on Transifex site (www.transifex.com/pixel-dungeon/pixel-1).I believe you can help us complete the translation, since half is practically translated. My app is now available in PlayStore (http://play.google.com/store/apps/details?id=br.com.rodriformiga.pixeldungeon) with the languages English, Portuguese, Spanish, French and Polish. It would be great to add another language.",0,1,0,0
2183,"just a quick note: concluding from the provided version number (0.7.0a while vanilla pd is at 1.9.2a) and the fact, that I can only find Shattered Pixel Dungeon on f-droid, I assume that you ( @pjotrek-b ) are already playing Shattered Pixel Dungeon and if this is the case, you should report bugs (if you find any) at the corresponding github repository: https://github.com/00-Evan/shattered-pixel-dungeon
I wish you good luck for your future runs (especially more luck with finding the hidden doors)
PS.: as @TheYsconator mentioned, the PixelDungeon subreddit is a great place if you seek advice or basically everything related to pixel dungeon",0,0,0,1
2184,... I have no idea why this is here. I think I opened it by accident. Apologies!,0,0,0,1
2185,Open an issue for shattered here: https://github.com/00-Evan/shattered-pixel-dungeon,0,0,0,1
2186,The author also doesn't respond to the email he gives in the game and everywhere else that I can find. Its been over a week with three emails sent and no response for any of them.,0,0,0,1
2187,"@Rampoina note that the project is under GNU GPL, so that's the default license for everything, without other notes.
Anyway it's good to wait for an explicit confirmation from the author.",0,0,0,1
2188,"Pixel Dungeon does sync badge data to the cloud If installed through Google Play, however otherwise the only solution at the moment is to manually copy files using root access and a file explorer or utility like Titanium Backup.",0,0,0,1
2189,@markozajc: That fork is 4 years old...,0,0,0,1
2190,hahaha @jgpacker j√° fiz a tradu√ß√£o do jogo! sou gaucho... quase vizinhos.. abra√ßoo,0,0,0,1
2191,"@pyrohh dude - this is a single person, with finite time, who may have multiple projects, of which Pixel Dungeon may just be a hobby.
From my experience, when you're adding new features, there are a couple steps:
0. Think of feature

Code it up, make sure it works
Put out for testing (in this case, publish on the Google Play Store).
Observe how people interact with new features
(Optional) Document and cleanup in preparation for adding more features.

From @watabou 's point of view, it doesn't make sense doing #4 until the features are stabilized, and it would lead to fragmentation for anyone who's forking the repo.
You can probably be patient.",0,0,0,1
2192,"Did not know, but thanks.  Is it by design though?",0,0,0,1
2193,Just get Java 7. Compatability can be really annoying at times.,0,1,0,0
2194,"thanks @jgpacker ;)
PS: The translation of the entire game was performed manually, without the use of tools, which normally distort some information.
Virtually all sentences, names, and information have been tested, and there are still some details to be adjusted to a final release.",0,0,0,1
2195,"Yeah, I used it for quite a while, it¬¥s amazing! http://www.piskelapp.com/user/5923892027719680/public",0,0,0,1
2196,"(float).math is the easiest solution, as I've done with my fork. Don't bother with a pull request though, watabou never checks/merges anything.",0,0,0,1
2197,"I do not know this guy. (Swears)
I do like the changes he made and would like to see this PR merged. Readability is essential.",0,0,0,1
2198,"Don't you have to wear things for them to be identified?  Not sure if things in quickCast slots are included either, I think it's only worn rings, weapons, armor.",0,0,0,1
2199,you might want to update to java 7,0,0,0,1
2200,"Major bug: Thought exactly the same ÔøΩÔøΩ
Therefore I assumed I'm missing something.
I think I checked everything, but couldn't find any hidden doors, etc. Sorry I'm new to the game.
Will check more thoroughly in the future then.",0,0,0,1
2201,"@vshcherb : Victor, I never talk about combining subsequent ""go straights"", I am solely talking about preceding ""go straights"".
If you look at the satellite pictures for routes (a) and (b) you will see that (no matter on which lane you drive) the driver would ever expect a direction to ""go straight"" here anywhere, expectation is to solely see (and hear) that you need to ""turn left"" at these intersections (a) and (b).
So our challenge is to ""ignore"" the preceding ""go straights"" at the very beginning of these intersections. And we need to do this without breaking case (c), where our go straight indication is useful and correct.
My current thinking is we can simply do this based on the distance between any ""go straight"" and any subsequent ""real"" turn left or right: If the distance is <=70m, we assume it belongs to the same intersection: Let is then ignore this ""go straight"" (in RouteResultrearation label it isSkipToSpeak(true) ). If , on the other hand, the distance is >70m (like in route (c) , we assume this is a separate turn situation, and leave everything as is. From my testing thus far this should solve all known situations.
Again: I am only talking about occurrences of a ""go straight"" and a subsequent ""real turn left/right"" in this order, within <~70 meters. All other situations need to remain unchanged.",0,0,0,1
2202,"@hakuchi What settings would you suggest?
I just bought a Garmin GLO, and while it and OsmAnd worked fine most of the day Saturday, later in the day, I experienced some pretty bad position lag in OsmAnd that I've never seen when just using my phone's GPS sensors.",1,0,0,0
2203,"If you're talking about the Quebec side then I agree the name does not
start with the street name in French and I concurr it could do with
accomodating.
Cheerio John
On 3 February 2016 at 15:14, james2432 notifications@github.com wrote:

The problem isn't Ottawa in itself, it's Quebec which is primarily French,
which could go for France and any other country that the language has the
street type before the streetname. Sure in an ideal world everything would
have an English equivalent, but it doesn't.
‚Äî
Reply to this email directly or view it on GitHub
#2215 (comment).",0,0,0,1
2204,"If code is required for merging with #7282, it is now available on my Osmand fork:


Code: Branch Feature_8852_ViewAngleTool of Osmand


Rendering styles: Branch Feature_8852_ViewAngleTool of OsmAnd-resources",0,0,0,1
2205,"No, I never heard about Brouter before but it sounds pretty cool.
I'll try it with OSMand
thanks a lot!",0,0,0,1
2206,"Have a look at my suggestions here: #3757
Osmand should ignore the from node because there no exact definition where to place it.
Announcements could be too early or too late. Focusing on the device (multiple devices within a smal range) would resolve both issues",0,0,0,1
2207,Here we will be gathering feedback for 3.3,0,0,0,1
2208,"Thanks, but in the latest nightly is not changing the shield. It considers that the labels (ar:national, ar:provincial and ar:provincial:secondary) agreed to include in relations route and not on the road. The ref tag is included on the ways and relations.
example: https://www.openstreetmap.org/relation/3429120",0,0,0,1
2209,"Can't reproduce it https://photos.google.com/share/AF1QipNb6BxkjOe5LgOSORcDbmiLD075qsZqJg65W5XfvO2HI162kMxSYgYJf-vpni3MJQ?key=Q1NYd2NQUG9JSmlERWRwamRFYnFxZl9obVpmZ0R3.
It might be related that phone runs out of memory, these long routes are not perfectly working in OsmAnd.",1,0,0,0
2210,"Hello, @Aiurek! Thank you for the suggestion. I agree with you about adding new icons for unique fields without it, so I added the Instagram icon.
But I think that clarity of UI is important, and vertical space/scroll it's not a problem, icon works good, but not all the time, so I think we need to leave titles for Cuisine, Smoking, etc, but we can remove it for Instagram.
We need to add: ic_action_phone for Mobile, and ic_action_social_instagram for Instgram.",1,0,1,0
2211,"It will be tough for me to help, but I can try. First we need to establish if it is an issue of the TTS engine you are using, or in deed the OsmAnd config file which contains the grammar.
For a first test, can you try several different TTS engines and check if they are all consistently wrong?
For this, and as a second test, you can enable the OsmAnd Development plugin, then go to its settings, and try the test buttons. Tell me which ones sound wrong (expkain what they say), and state what you expect.",0,0,0,1
2212,"I think we do now not re-direct to the legacy search interface any more, so it is deprecated, or am I mistaken?
Also: The ""best"" wording is debated above, so it is not clear which one to use to please everyone?",0,0,0,1
2213,"@Adamant36  then i  have a question,
net.osmand: NativeOsmandLibrary Loading native gnustl_shared...
01-04 16:09:57.432 25616-25744/net.osmand E/net.osmand: NativeOsmandLibrary Failed to load native library
java.lang.UnsatisfiedLinkError: dalvik.system.PathClassLoader[DexPathList[[zip file ""/data/app/net.osmand-2/base.apk"", zip file ""/data/app/net.osmand-2/split_lib_dependencies_apk.apk"", zip file ""/data/app/net.osmand-2/split_lib_slice_0_apk.apk"", zip file ""/data/app/net.osmand-2/split_lib_slice_1_apk.apk"", zip file ""/data/app/net.osmand-2/split_lib_slice_2_apk.apk"", zip file ""/data/app/net.osmand-2/split_lib_slice_3_apk.apk"", zip file ""/data/app/net.osmand-2/split_lib_slice_4_apk.apk"", zip file ""/data/app/net.osmand-2/split_lib_slice_5_apk.apk"", zip file ""/data/app/net.osmand-2/split_lib_slice_6_apk.apk"", zip file ""/data/app/net.osmand-2/split_lib_slice_7_apk.apk"", zip file ""/data/app/net.osmand-2/split_lib_slice_8_apk.apk"", zip file ""/data/app/net.osmand-2/split_lib_slice_9_apk.apk""],nativeLibraryDirectories=[/data/app/net.osmand-2/lib/arm64, /vendor/lib64, /system/lib64]]] couldn't find ""libgnustl_shared.so""
at java.lang.Runtime.loadLibrary(Runtime.java:379)
at java.lang.System.loadLibrary(System.java:1086)
at net.osmand.plus.render.NativeOsmandLibrary.getLibrary(NativeOsmandLibrary.java:37)
at net.osmand.plus.AppInitializer.initNativeCore(AppInitializer.java:638)
at net.osmand.plus.AppInitializer.startApplicationBackground(AppInitializer.java:513)
at net.osmand.plus.AppInitializer.access$300(AppInitializer.java:74)
at net.osmand.plus.AppInitializer$9.run(AppInitializer.java:756)
at java.lang.Thread.run(Thread.java:833)
do  you know how  can  i  solve it ?",0,0,0,1
2214,"Well, the screen is off, right? An active route could be one thing (even if the actual turn by turn navigation is still off. The other thing I can think off is if you use e.g. the car profile, which per default has the address bar visible on top of the map screen, which continuously tries to detect the postal address. (I use the Browse map profile in the wild.)
But in any case, the battery drain sounds just too excessive (by one order of magnitude) for any of that to be plausible somehow.
What kind of battery run times do you normally get on that device with OsmAnd off?",1,0,0,0
2215,"Today are only 13 in the OSM database.
I found some wrongly tagged(as roundabout) in other country's:
30 more in ÔøΩÔøΩÔøΩÔøΩ
over 40 in ÔøΩÔøΩÔøΩÔøΩ (a lot in Madrid)
over 50 in ÔøΩÔøΩÔøΩÔøΩ
40 in ÔøΩÔøΩÔøΩÔøΩ
40 in ÔøΩÔøΩÔøΩÔøΩ
30 in ÔøΩÔøΩÔøΩÔøΩ
So there can be above 300 non tagged as junction=circular
What voice guidance you think is the best?
""turn right"" or ""exit right""
and if you drive left?
""turn left"" or ""make a u-turn"" or ""turn left and give way"" or ""give way and turn left""
(the black are my favorite)",0,0,0,1
2216,"I added a note to the broken route (since that's documented as a recommended but optional tag anyway), but if the live hourly updates worked as expected (I uploaded the change about 3 hours ago), that didn't help. I just removed the fixme, making both routes pretty identical in their tagging (I'll have to check if that helped tomorrow).",0,0,0,1
2217,"Sure,
I‚Äôll create pull requests when ready.",0,0,0,1
2218,"@vshcherb @xmd5a2 Do you think it can be put in the 3.8 milestone? By adding a filter on ""railway:station + train:yes"" by default?",0,0,0,1
2219,"This doesn't look OsmAnd issue, looks more as Android OS.",0,0,0,1
2220,"6187 was caused by the GPX folder list sometimes including group 'Visible' and sometimes not. This here seems different as the folder list does not change by renaming a file. Let me re-open, I think it requires a separate analysis.",0,0,0,1
2221,"What do you mean by ""and use them accordingly"", how will you choose wich alias to use?

Show the first one (aliases.get(0)) unless any alias from the list of aliases is already included (case insensitively) in the name.
For backward compatibility adding to the list should be always done at the beginning aliases.add(0, alias) , so that the last mentioned alias in file will be used.",0,0,0,1
2222,"The issue found and fixed, we will try to regenerate existing maps.",0,0,0,1
2223,You can forbid some roads in the routing.xml (access section) or also you could try to change it in OsmAndMapCreator there it should be more obvious using settings.,0,0,0,1
2224,"Sorry, was not clear for me, since the official OSMAnd Website refers to this GitHub.",0,0,0,1
2225,"That 'fix' is completely wrong, it will now not allow passing under a height_restrictor ever (not only with penalty).",0,0,0,1
2226,"One of the two bugs has been fixed.
Also, the ideal solution in cases like #709 (where the right-most lane goes to the straight and the right, but is displayed as an additional lane) is to use turn:lanes. In the current state, the only change made is that the right-most lane will show a slight-right arrow, like in the image below.

On another note, the turn lanes will now display even when taking a left or going straight at a regular (90-degree) intersection, provided that turn:lanes is present on the segments connected to the intersection..",0,0,0,1
2227,The bug is not resolved and very annoying,0,0,0,1
2228,"Aaah, thanks for this quick and valuable feedback!",0,0,0,1
2229,"@sonora: No, Point labels were disabled. It looks the 'Point labels' option refers only to the ""always orange"" POIs that I can enable under 'Show - POI‚Ä¶'. Why is it then not located inside that menu?
When I enable these point labels then it looks fully silly, see this screenshot:

@xmd5a2: Can you please explain the rationale why ""Hide"" works this way? Hiding the icons and keeping the texts makes no sense to me.
Further, I still do not see how I could disable all the unwanted POI stuff. Am I forced to see that Google-like advertising of shops in OsmAnd?? Would very disappointing‚Ä¶",1,0,0,0
2230,could one of you fix the topic spelling the :-),0,0,0,1
2231,"That's possible to happen on some devices (may be less or more powerful), when map rendering is cancelled in 1 thread and didn't finish in another thread.
Cause the issue is not very critical (you can click slower or open track again) and hard to reproduce it will be closed.",0,1,0,0
2232,"In this file:
https://github.com/osmandapp/OsmAnd-resources/blob/master/voice/ro/ttsconfig.p
Please compare with other ""neighboring"" files of different languages like
en or de, it is not trivial to work with the files, please test thoroughly
before committing anything. You can always create a folder like ""ro2-tts""
in your OsmAnd/voice data structure on your device, rename your modified
ttsconfig.p to _ttsconfig.p, Put it in there and select it in OsmAnd to
test it.
On Sun, Jul 12, 2015 at 10:32 AM, GabrielSebastianMoise <
notifications@github.com> wrote:

Where can I translate the string for Romanian ?!?! Do you have
announcements for other tags like railway=crossing , hazard=curve ?!?!?!
‚Äî
Reply to this email directly or view it on GitHub
#1457 (comment).",0,1,0,0
2233,@vshcherb isn't this already implemented in current OsmAnd released and can this be closed?,0,0,0,1
2234,"I've increased penalty transition for service and now this test passes
osmandapp/OsmAnd-resources@fdea398",0,0,0,1
2235,Ruler tool flickering was fixed in 3.1. Sorry for confusion. If it is a Measure distance ruler please let us know.,0,0,0,1
2236,"Do You think MIO S485 (from 2012) has better performance, better inside than decent smartphones? I understand, that there weren't so many details, but missing given route make the device to reroute in a dozen seconds which is acceptable. If the details are a problem in OsmAnd maybe this is just overloaded of bs which are not needed for a driver? This MIO was always offline and has POI as well. Rerouting route for 10 minutes is just unacceptable and makes such navigation a garbage.",1,0,0,0
2237,It is temporarily fixed basically reverted osmandapp/OsmAnd-tools@d664652. Next month (once release is out) this fix will be back and it will be supported by new versions.,0,0,0,1
2238,"Unfortunately even if intercept is activated I only have 2 options baidumap/gmap ...
At this point I suspect  these options are hard coded in wechat, in that scenario there is nothing to do here.
Feel free to close this task if there is nothing more I can try",0,0,0,1
2239,It's probably even documented somewhere that's not supported yet.,0,0,0,1
2240,"That also happens in Car mode, and I also see it as unnecessary.

Cumprimentos,
D.er Hugo Barrocas",0,0,0,1
2241,"Add the 2s reaction time also

Le mer. 18 juil. 2018 √† 20:27, jean-luc malet <jeanluc.malet@gmail.com> a
√©crit :
‚Ä¶
 Yes could be great!

 Le mer. 18 juil. 2018 √† 18:33, UAb5eSMn ***@***.***> a
 √©crit :

> Or, instead of a fixed distance, make it depend on the current speed, the
> new speed limit and the time required to decelerate?
>
> ‚Äî
> You are receiving this because you authored the thread.
> Reply to this email directly, view it on GitHub
> <#3855 (comment)>,
> or mute the thread
> <https://github.com/notifications/unsubscribe-auth/APLGG__mHQjjgsRmNySWbI5jaWIGFONJks5uH2N1gaJpZM4NqHT2>
> .
>",0,0,0,1
2242,"This would be really nice to have.
I have had many experiences of trying to download map files over 1GB on slow speed internet and connection gets interrupted overnight and wake up to find it was never downloaded. Or pausing a download so other people can use some bandwidth.
Maybe a solution in the meantime might be to host the files as torrents and users can download them with an external client?
Infact maybe using a basic torrent client as the backend for the downloads in OsmAnd would be a good idea? Could distribute the files to anyone willing to seed them and thus reduce bandwidth costs and improve download speeds.",1,0,0,0
2243,@vshcherb I still experience this bug with today's OsmAnd+ 2.6.1 release on Google Play.,0,0,0,1
2244,"Unify map markers and my places. These two items have a relatively similar function, so perhaps it would be good to unify them into a single item.

I agree. The user could tap a POI or item on the map, and tap ""Save"" (instead of the current ""Add"" and ""Marker""). A small prompt appears saying ""Save {POI_name} as: Marker/Waypoint, Favorite, {list other folders created in My Places}"".
As to the Dashboard, it's cool to have quick access, but it saves just one or two steps -- too little benefit. ""Quick Actions"" can/could replace it.
Other ideas:


""Directions"" could be moved to the main toolbar: ""Save"" | ""Share"" | ""Actions"" | ""Directions"".


Replace ""Details"" with a small handle to hint the user he/she can draw the Details panel.


Alternatively, the ""Actions"" button could be moved to elsewhere, perhaps in the Details panel, for I think this is not used so often.


One the most frustrating thing in OsmAnd is the triad ""Configure Map"", ""Configure Screen"" and  ""Configure Navigation"". It seems they are spread everywhere but at the same time not available consistently. E.g. ""Configure Map"" and ""Configure Screen"" are accessible via Main Menu and App Profiles, but ""Configure Navigation"" only in App Profiles. They should work in tandem.



Here (the pic above) I would replace the ""Show"" field with 3 tabs ""‚åúMap‚åù ‚åúScreen‚åù ‚åúNavigation‚åù"".

Allow us to set and edit ""Home"" and ""Work"" via My Places. I can't find them anymore.",1,0,1,0
2245,"Would it be possible to do 2step search, or would this add a lot of traffic/load on mapillary server overhead?
Search within 30m
if nothing is found, search within 100m
Actually in the example i tested 50m should be quite enough, no idea why it does not find the image",0,0,0,1
2246,I have sam problems inglish font (osmand+ 2.1.1),0,0,0,1
2247,"I guess this is by design, because we now have a setting ""Compass"" under ""Configure screen"" which controls exactly tis behavior (?).",0,0,0,1
2248,"My email is getting swamped with emails from this list.
I do not seem to be able to unsubscribe.
Can someone unsubscribe me please.
Thanks John
On 18 September 2016 at 10:39, Hardy notifications@github.com wrote:

Closed #1971 #1971.
‚Äî
You are receiving this because you are subscribed to this thread.
Reply to this email directly, view it on GitHub
#1971 (comment), or mute
the thread
https://github.com/notifications/unsubscribe-auth/ACUNa7xj65jMgziOOshvAz-0byPWxEbFks5qrU0qgaJpZM4GqH2J
.",0,0,0,1
2249,"Hm... according to this line https://github.com/osmandapp/OsmAnd-resources/blob/master/routing/routing.xml#L305, the original issue is fixed.",0,0,0,1
2250,"Could you also add back the ""clothes"" option when creating a POI? It took me a while to find ""apparel"" now is the shop=clothes.",1,0,0,0
2251,How it can be fixed by adding unused enum?,0,0,0,1
2252,"I just installed the 3.3.3 update and it does appear to be fixed. Nothing in  #6606 mentioned text size else I wouldn't 'ave bothered anyone with a new issue. Assuming it really is fixed, you can mark this one closed. Best Rgds, -H-",0,0,0,1
2253,"There are already weights based on road type, maybe these need to be skewed a bit",0,0,0,1
2254,"I'll see what's going on with that way.
For destination:lanes, (assuming it will be used) I think it would be better for the voice prompts and maybe for the display at the top bar, but that's a little outside the scope of this pull request.
Regarding the tagging, this page seems to imply the best practice is to have the lanes:forward and lanes:backward tags in addition to the lanes tag, but regardless, the code here should have worked.",0,0,1,0
2255,"I'd suggest a variation to what Sonora suggested:
As the user moves in the area, OSmAnd makes POIs around him (i.e., the current location) visible.
This ""POI visibility radius"" can be adjusted with a slider.
So both short and log taps can be used for other actions.",0,0,1,0
2256,I think that addinional user map will be superfluous. I'll try to do without the height of buildings. Thanks for the explanation :),0,0,1,0
2257,"@xmd5a2  dont' forget to add to rendering types something like
<type tag=""with_exits"" value=""yes"" minzoom=""13"" additional=""true"" poi=""false""/>",0,0,0,1
2258,Let's see if there is no bugs with introducing new setting type. Though it is still to double check who was using that setting as LatLon (now it also could give QuadRect and cause CastException),0,0,0,1
2259,"1st example:
According to engine everything is correct. 1st route is faster routing_time = ""129.2089""   vs
routing_time = ""187.24547"" .
I could explain it only by 	<point 2 highway=""crossing"" crossing=""uncontrolled""/>
Though it looks weird (every crossing adds 5 seconds penalty)",0,0,0,1
2260,"Frequency of prompting  - should not be a main problem, I think if you click on the big widget turn left then you hear exactly how many meters left to the turn",0,0,0,1
2261,Not sure how can we fix it.,0,0,0,1
2262,"In the night build from day 10-11-2015, when editing an existing POI, the existing poi_type value was displayed and available for editing, both in the basic and advanced tabs, now it's not displayed anymore, only a blank field.",0,0,0,1
2263,"Let me drag into 3.2 cause we want to test an idea of ""duplicated"" poi types in the data but we need to make sure the old software will handle this correctly.",0,1,0,0
2264,"It will be this week. We postponed due to OSM Live but didn't fix it yet, so will continue just processing.",0,0,0,1
2265,"Or how about using Antisquare (disclaimer: developed by me)
If you could help us integrate Antisquare that would be really great. The main concerns are we didn't want to include many fonts because they will increase the size of the application which is already 50MB and the fonts https://github.com/osmandapp/OsmAnd-resources/tree/master/rendering_styles/fonts are about 15 MB.
We tried to solve that issue with Harfbuzz but that was not easy, we were thinking to take the code from Android, which does basically the same, but stopped in the middle.

Completely different approach, we consider to move text rendering to the Java side and in that case Android will be responsible for all these issues which might be a better solution.",1,0,0,0
2266,"I guess that issue could be internally resolved, at least we don't track it here, unless the screenshots are taken from the map we already released",0,0,0,1
2267,"We fixed issues with misaligned POIs (like in the first comment from @scaidermern), but it seems that the original issue with winter_sports is still there. Will post updates.",0,0,0,1
2268,@sonora I didn't prepare the issues for milestone yet though certainly it will require a special setting for leaving track announcement. I don't think we have this one yet though if it requires significant new UI it will be probably delayed to 3.9,0,0,0,1
2269,"Not supported any more, same information is present on the website",0,0,0,1
2270,"@njohnston I have fixed your 2 en-GB additions manually here: b00af7e
The rest had already been superseded by a larger improvement I had tried this morning concerning many recent new strings. Maybe you feel like double-checking f87818d.
I have to admit that in a few cases I am a little at loss with what exactly we mean by some of them ..  :) and did not have the time to perform a full code review in all cases too find out.
2 things I remember:

The whole ""Plains vs. Hills"" preferences story: I have tried to resolve by "" Prioritize leveled vs. hilly"" (another case for an en-GB spelling correction if we leave it at that). Also not sure about the ""scale"", I have put ""Most leveled, leveled, hilly"" for now.
I am not sure in string do_not_send_anonymous_app_usage_desc what information is actually routinely collected vs. what not. ""information about screen used"" seems a little vague concerning such a sensitive area. We may have to ask @vshcherb here to become more precise, like explaining if we only collect which widgets and dialogs are displayed/used, or also what map regions or locations are viewed",1,0,0,0
2271,"I agree that (a) and (b) quite annoying though (c) I think is perfectly ok situation. I'm thinking that we can ignore (a) and (b) only in case if there is a special lane before split, so if you drive on the right most lane before the intersection and you don't change lane just before split that it might be ok to skip voice prompt.
In case the right most lane or even more lanes goes right  (basically after split number of lanes < before split) then we definitely need to prompt ""Keep left"" or ""Go ahead"" (the voice is nuance) but the juice is about if I need to make any action or not.",1,0,1,0
2272,"We didn't release it yet, so if you are not able to test it with nightlies let's wait for the first 2.2 release",0,0,0,1
2273,Maybe this is the same Bug #2683,0,0,0,1
2274,"Could this be something to do with audio play delay? Such that the previous vocal instruction play-time may offset the playback of the one following but produced earlier with the longer distance to go? There might be part due to the way pavement bends around the corner, such that I actually start turning a fair distance before the road junction centroid; in the case above that's around 10 m into the speech pronouncement.",0,0,0,1
2275,You can right a test similar to https://github.com/osmandapp/Osmand/blob/master/OsmAnd-java/src/net/osmand/util/OpeningHoursParser.java,0,0,0,1
2276,"@vshcherb Assuming my idea fixes this: 2 questions:
(1) Why did it happen in the first place? Users simply playing with the setting and forgetting to reset, or did we have some faulty build or commit which activated this setting as per a false default? Can you remember anything?
(2) I do not recollect why we would need such a setting ""Hide overground objects"" in the first place? It may cause more issues than it solves?",0,0,0,1
2277,For now we support GPX file (open file in OsmAnd and it allows to import these points),0,0,0,1
2278,Do you have internet connection when you open Manage maps screen?,0,0,0,1
2279,"The files contains a collection of 25 waypoints and 2 treks. Yes, there are clearly some bugs, as follows:
(1) In OsmAnd's track overview, the total distance is shown as 56.4 km, which I believe to be the correct sum of the 2 tracks. But when you tap on the track, our analysis screen shows 3 parts: Trek 1 with 63.7km, track 2 with 42.9km, both results are bogus. When you cut the track files and analyze them separately, they come out as 42,9km and 13.4km (summing up to 56.3km). The 3rd part is the waypoint collection.
(2) On the track analysis screen, the elevation profile shown for each of the 2 track segments shows the same profile, that for track 1. Interestingly, the track has the 43km scale which is correct for track 1. Profile for track 2 is never shown.
(3) Tapping the 'Split interval' or 'Analyze on map' button below any of the 3 portions on the track analysis screen always only analyses track 1.
Have not looked at any code, but the respective bugs are probably not too hard to find for whoever authored it.",1,0,0,0
2280,What are your routing settings? Have you activated that the app should prefer minor roads?,0,0,0,1
2281,"As a rule, the polygon with the tag building:part are located inside the building polygon, on which the name is placed. In what cases may you need to display a name from building:part polygons?",0,0,0,1
2282,"I understand your point. Though red dots on top of a path are pretty self-explanatory IMHO. To realize blue means destination and purple is with a fee, yeah that does take a little more time.
(note that it is exactly the difficulty of communicating to data users, in this case hikers and bikers, that is the difficult part. Hence why we are talking to different map developers to make it more obvious when a path isn't for general use. Different solutions are possible, like showing them only at high zoom, overlaying access icons, not showing them at all,...)",1,0,1,0
2283,THANK YOU for your quick and efficient response by bringing back the previous version.,0,0,0,1
2284,Actually suggested by @polarbearing in #4605,0,0,0,1
2285,"Wenn weblate ""immer aktuell"" ist, warum haben dann in der phrases.xml ca. 400 Elemente gefehlt?
Ich nache ha wirklich viele √úbersetzungen, aber das hier ist schon etwas komisch.

In der Historie der Datei values-de/phrases.xml finde ich keine Hinweise darauf, dass von Weblate √úbersetzungen √ºberschrieben wurden:
https://github.com/osmandapp/Osmand/commits/master/OsmAnd/res/values-de/phrases.xml
Ich vermute eher, dass es hier ein kleines Missverst√§ndnis gibt.
Denn meines Wissens wird die neue phrases.xml noch nicht verwendet.
Verwendet wird wahrscheinlich immer noch die alte specialphrases_de.txt:
https://github.com/osmandapp/OsmAnd-resources/blob/master/specialphrases/specialphrases_de.txt
Deshalb sind die √úbersetzungen f√ºr die POI (phrases.xml) noch nicht in OsmAnd sichtbar.
Die √úbersetzungen aus der Datei values-de/strings.xml sollten hingegen alle in OsmAnd sichtbar sein:
https://github.com/osmandapp/Osmand/blob/master/OsmAnd/res/values-de/strings.xml

Nochmal: √Ñnderungen in Weblate und github sind 100% gleichberechtigt.

Genau.",0,0,0,1
2286,"–¢–µ–º–∞ –ø—Ä–∏–ª–æ–∂–µ–Ω–∏—è —ç—Ç–æ –Ω–µ —Ç–µ–º–∞ –∫–∞—Ä—Ç—ã, —Ç–æ–ª—å–∫–æ —á—Ç–æ –ø—Ä–æ–≤–µ—Ä–∏–ª, –µ—Å–ª–∏ –ø–æ–º–µ–Ω—è—Ç—å —Ç–µ–º—É –∫–∞—Ä—Ç—ã –≤—Å–µ –ø—Ä–∞–≤–∏–ª—å–Ω–æ –ø–æ–∫–∞–∑—ã–≤–∞–µ—Ç—Å—è",0,0,0,1
2287,"Nope precise placement of POI's was implemented only for large objects, using it for small objects led to big data increase so we don't use it by default. Probably we could introduce a flag so people could build own map with precision locations",1,0,1,0
2288,"Victor, good thinking, a commit worth testing! :)",0,0,0,1
2289,"I have the same need, for navigation on an e-ink device, and would love to see this, and to help if I can.
FWIW, I've tried the Nautical map style from a more recent update, and found that it works nicely for contrasting a route to be followed against the surroundings.  In other styles, the dark coloring of streets would make it hard to distinguish the route, at a glance.  The nautical style has an overall orange tone for cities, so it would help even more to customize that by lightening it up a shade (yellow?), at least on my device.
Also FWIW, my use case is a Yotaphone mounted on a bike.  The e-ink display is great for navigating during the day (no glare) and with low battery usage.",1,0,1,0
2290,"Could you please provide screenshots, I'm not sure any more if it works exactlly as designed and as described.",0,0,0,1
2291,So is there a possibility to to use a Datex2 as source? At least some European governments seem to make such a data source freely available. There is also data available like parking availability.,0,0,0,1
2292,"Bicycle support is incomplete without handling of these tags. It is even broken for roads tagged with bicycle=no and cycleway:right=track.
Are you share this mapping is correct? It is  2 contradictive tags, as I see bicycle is forbidden in any direction.",0,0,0,1
2293,"https://stackoverflow.com/questions/26730082/illegalargumentexception-invalid-int-os-with-samsung-tts
It looks like TTS language is not available, we might need to do something and display toast when it is not available",0,1,1,0
2294,"Yes, I think it is not as easy as saying ""before"" or ""after"" ...
From the languages I speak, it seems that a rule could be that spoken practice prefers the ""shorter"" expressions, i.e. ""eighty"" is shorter than saying ""eight - zero"", but ""four o five"" is shorter than saying ""four hundred and five"".
But then, I suspect this ""rule"" alone will also not fix much globally in all languages ...",0,1,0,0
2295,"I need to recall discussion on some forums may be I could bring these people to github, so we can discuss why notification is needed. I don't have strong opinion about it. @xmd5a2  do you remember why did we introduce a separate notification?",0,0,0,1
2296,"Why have you added  Observed while you can't reproduce it?
Really I can't reproduce it every time. Sometimes it shoes correct (straight) routing, sometimes it show wrong routing as on screenshot. I don't change my osm setting and don't know what it depends on.",0,0,0,1
2297,"Most likely you are right, most of the settings should be profile independent. I have only one remark (automatically record trips for profile), though it could be redesigned.",0,0,0,1
2298,"And it's impossible to fill adress search with this method [@homersimpsons]

Can you explain why you think this is the case? I really don't see how my proposal makes finding addresses impossible.",0,0,0,1
2299,"This is very disputed topic. On one hand I want to see the map immediately, on the other hand I know people who would like to see dashboard when they start. Also I know people who would like to see more actions on dashboard. Also there are people who constantly using dashboard after application started! However it is fully functional without dashboard.
Simply because dashboard is an ""easy"" way to navigate through the system for them. That's why we still have issues how to get back to dashboard from different screens.
And this is not about good search on the map, which obviously don't have and not clear when it could be done. This is about people would like to see their intent when they start. That's why there is a tremendous demand to see on the dashboard screen ""Drive Home"" and as an option ""Drive favorite"". OsmAnd is unique compare to Navigon/iGo because these applications are usually not used to ""look around""/""find myself"" in the city (where map based approach is needed).",1,0,1,0
2300,I like both requests and I think first we definitely need to implement. About second I'm not sure if we need to change UX but I like that idea too.,0,0,0,1
2301,"I don't think so - it's just never been a demand I guess. It looks fairly straightforward: https://tools.ietf.org/html/rfc3501#page-34
I'll create a separate issue for managing IMAP folders.",0,0,0,1
2302,"The difference in your case is that the To address is malformed. We don't care so much about the To address, only the From address.
The sync crash is still present.",0,0,0,1
2303,"That's fair.  I understand it isn't perfect: was aiming for ""done"".  Perhaps you'd care to share some of the things you'd like to do differently?
I'll start with one thing: I'd prefer to round the images differently.  What I have is cheap, and works, but doesn't extend to things like the AlternateRecipientAdapter.  I'd propose ContactBadge to extend some sort of rounded image class instead of the ImageView.  I'd also like it to work with the recipients in message composition.",0,0,1,0
2304,"@n-a-b-s-t-e-r  -- On the wikipedia page you reference, look at the third paragraph under ""restrictions"" -- ""While a hostname may not contain other characters, such as the underscore character (_), other DNS names may contain the underscore""
The underscore is allowed in DNS entries for things like DMARC and DKIM and service records so that these records aren't confused with hostnames. Hosts are not addressable via these names. Underscores have never been allowable in hostnames.",0,0,0,1
2305,"I have more or less the same problems with k9 version 5.207 (also with the previous versions during at least one year) but only when I'm using my 2g/3g/4g connection. It never occurs with the wifi.
When it occurs, I 'simply' swap out the k9 app from the list of apps, launch k9 again then k9 works normally until the next problem.",0,1,0,0
2306,"This will conflict with the updated German translation. As soon as the translation update is merged, I'll update this pull request.",0,1,0,0
2307,"It does look like nothing more than a timeout while trying to get a response...
It's trying to upload a copy of a local message to the server and being timed out when trying to get it.
If you don't mind losing the current synchronization steps in progress you can long-tap on the account and select 'Clear pending actions'.
We do have future work to try and re-design this process and give the user a bit more visibility on what exactly is being sync'd (a bit like the Send/Receive dialog you get on Outlook for example) - hence the milestone I've added this too. But as for the actual error we don't have much to work on.",0,0,0,1
2308,"There's already #1058 to improve error reporting.
If you want help in setting up your account please use the mailing list. Make sure to include more details, like what mail server you're trying to connect to, which server settings you entered in K-9 Mail, and which server settings work in what other client.",0,0,0,1
2309,"I created a small post with screenshots on Google+ to show off this nice feature.
https://plus.google.com/+cketti/posts/SysytfJRLWp",0,0,0,1
2310,Isn't this a duplicate of #2922 ? I have given some examples there,0,0,0,1
2311,"It seems, k9mail is working again for me!
After ~1.5 hours it had finished the migration and is usable again.",0,0,0,1
2312,"On March 26, 2015 6:46:17 PM EDT, sspind notifications@github.com wrote:

And annoying it's users is? Don't get me wrong - I am perfectly aware
that this is an open source project, done by people in their free time.
But does that mean we give a crap about user experience? I would at
least 'put it to the vote' and leave the issue open to see what others
have to say about it...


I'm  new to the list so maybe I'm  ignorant  but what's  the issue here? The app allows you to change and/or diasble signatures. How is that a bad user experience?

Reply to this email directly or view it on GitHub:
#589 (comment)",0,0,0,1
2313,"That message doesn't look too off to me, at least it's not the ""pep message format"" I saw a while back that didn't make any sense to me. This might be caused by the redundant multipart/mixed in there, but I'm not sure. Could you send such a message to me for investigation? -> look@my.amazin.horse, key ends with 0xdeadfa11",0,0,0,1
2314,I do not believe this issue can be triggered today since there are no calls to the three argument version of PeekableInputStream.read.,0,0,0,1
2315,"May be related to
#1838
But different. Other issue is when email address is clicked in chrome.
THIS issue is, email started in K9.",1,0,0,0
2316,"This is not functionality I want to include in the app.
Maybe some day there will be a plugin interface to allow adding this functionality. See #909.",0,0,0,1
2317,"Hi, not sure if i have to create another issue but K9 drains a lot of battery.
I would say since 5.008.


Nexus 5
CyanogenMod 11 (Android 4.4.4)
K-9 Mail 5.010",1,0,0,0
2318,"Thank you for your reply and hard work,  good luck",0,0,0,1
2319,I should probably elaborate: to fix this issue make sure the correct state is saved and later restored after the Activity has been recreated.,0,0,0,1
2320,"Thanks again for your feedback! I'd be surprised if this was the
explanation: the phone does not have Play Store, it runs Cyanogen
without Google applications, and it is not configured to install updates
automatically. So I think it's unlikely that the behavior of WebView is
what changed.

In any case, I think it would be easier if someone else could reproduce
this issue, i.e., confirm that with recent K-9 versions there is a new
fade-in animation when opening a message, even when applications are
disabled.
‚Ä¶
-- 
Antoine Amarilli
On Tue, Jan 03, 2017 at 06:19:16AM -0800, cketti wrote:
 Google is updating the WebView component via the Play Store. So its
 behavior could change from one day to the next.",0,0,0,1
2321,"I'm pretty sure Office365 doesn't support WebDAV. Try connecting via IMAP.
In the future please use the mailing list for support requests.",0,1,0,0
2322,"We finally found the problem in #1947, will release a fix soon. If you didn't reinstall, your data should be fine when we fix the migration.
Closing this issue for now as a duplicate.",1,0,0,0
2323,"We don't have capacity to micromanage contributors at that level, sorry. Please get comfortable with Android Studio to find your way around the codebase on your own.",0,0,0,1
2324,"The build failed because you broke a related test. Also it would be good to add some. What happens if mShowCorrespondentNames is false but mShowCorrespondentNamesAndAddresses is true.
To me it seems like it would be better changing mShowCorrespondentNames from a boolean to a three-value enum.",0,0,0,1
2325,There is a possible solution. It seems to pass all the unit tests but I'm not sure what possible side effects it could have as I'm not familiar with the code base. However I don't see why it would be an issue,0,0,0,1
2326,I'm a bit confused now. Right now it also didn't work correctly on an unlocked phone. But I'm sure I tried it multiple times yesterday and there it worked and only failed from the lock screen.,0,0,0,1
2327,"OK, can anyone tell me why pre was chosen to mimic plain text? When K-9 doesn't force line wrap in any way the result can be just like on the screenshot above - gigantic, one line paragraph which is extremely inconvinient to read. Unless, of course, user adds line breaks manually, which is also not so easy (first words in line start from upper case).",1,0,1,0
2328,"This server could not prove that it is modernpgp.org; its security certificate is from *.github.com.

Yet these are the people writing crypto standards..",0,0,0,1
2329,Probably using Kleopatra suite. The generated keys work nice on all my devices...and I wouldn't expect anything different :),0,0,0,1
2330,"Your system doesn't appear to be rejecting the login. The only errors in the log are for a loss of network connection. Do you have an IMAP trace showing K-9 getting an Authentication Failure IMAP response code?
We definitely notify the user if we get an IMAP authentication failure.",0,0,1,0
2331,"Thanks for the info. If that's what the standard says then I guess that makes some sense (and I fully agree that the other ticket would be the right behaviour IF it was just the string in quotes).
But when it comes to ""people doing malicious things in headers to con users and bypass systems"" then I'll take the Thunderbird behaviour any day of the week, even if it's not 100% standards compliant. So thanks for the suggestion, but I won't raise a bug with Thunderbird.",1,0,0,0
2332,"I just realised that I might have created a report for the same bug.
Feel free to mark it as duplicate. It would be great to have it fixed.
Thank you for your great work!",0,0,0,1
2333,"Another thing: I don't like class names ending in ""Helper"". They're usually an indicator that the design can be improved. For now let's try to keep things in a single class. That should make it easier to change the code. We can always split it into multiple classes later.
Also, I don't think the ""Interactor"" suffix adds any value. ImapSync and LegacySync sound fine to me.",0,0,0,1
2334,"So K-9 doesn‚Äôt send anything? That‚Äôs what I‚Äôve been wondering lately, seeing mail in Thunderbird with ‚ÄúReading confirmation‚Äù while nothing was happening on K-9.",0,0,0,1
2335,"Thanks for the update! FYI, my Moto X4 now runs Android 9.0, that did not change anything.",0,0,0,1
2336,"It's mostly the Override annotations (which are not that much of a problem). But ""mCursor.abortUpdates();"" in MonitoredCursor.abortUpdates() fails to compile because CrossProcessCursor.abortUpdates() is undefined in the SDK.",0,0,0,1
2337,"the test was on Android 9, stock OS on Samsung S9, updated to day, with k9 mail 5.600 (this is what google play has to offer)
first I connected to riseup vpn, sent an email (from another device) to my gmail address to make sure I can receive emails: all worked well. then, I rechecked the incoming and outgoing server settings: basically in account settings under incoming server settings I pressed next and waited for the check to be completed and then followed with the outgoing server. At this step, as in the initial message, incoming server settings checks fine (as I received the test email), but the outgoing server check fails with an error message.
Then, I disconnected from the vpn and did the same checks as above. Both checked fine: incoming and outgoing server!
Below is the log
01-07 19:07:20.016 26970 29947 V ImapResponseParser: conn145098418<<<#null# [6, EXISTS]
01-07 19:07:20.017 26970 29947 V ImapFolderPusher$PushRu: Got async response: #null# [6, EXISTS]
01-07 19:07:20.030 26970 29947 V TracingPowerManager$Tra: TracingWakeLock for tag ImapFolderPusher spamaccount@gmail.com:INBOX / id 249 for 60000 ms: acquired
01-07 19:07:20.031 26970 29947 D ImapFolderPusher$PushRu: Got useful async untagged response: #null# [6, EXISTS] for spamaccount@gmail.com:INBOX/Thread-39/conn145098418
01-07 19:07:20.044 26970 29947 V ImapConnection: conn145098418>>> DONE
01-07 19:07:20.580 26970 29947 V ImapResponseParser: conn145098418<<<#7# [OK, IDLE terminated (Success)]
01-07 19:07:20.581 26970 29947 D ImapFolderPusher: Storing response #null# [6, EXISTS] for later processing
01-07 19:07:20.586 26970 29947 I ImapFolderPusher$PushRu: Got oldUidNext 6800 for spamaccount@gmail.com:INBOX/Thread-39/conn145098418
01-07 19:07:20.591 26970 29947 V ImapConnection: conn145098418>>> 8 NOOP
01-07 19:07:21.142 26970 29947 V ImapResponseParser: conn145098418<<<#8# [OK, Success]
01-07 19:07:21.143 26970 29947 V ImapConnection: Connection conn145098418 has 21 capabilities
01-07 19:07:21.144 26970 29947 I ImapFolderPusher$PushRu: Processing 1 untagged responses from previous commands for spamaccount@gmail.com:INBOX/Thread-39/conn145098418
01-07 19:07:21.145 26970 29947 D ImapFolder: Got untagged EXISTS with value 6 for spamaccount@gmail.com:INBOX/Thread-39/conn145098418
01-07 19:07:21.149 26970 29947 I ImapFolderPusher$PushRu: Got oldUidNext 6800 for spamaccount@gmail.com:INBOX/Thread-39/conn145098418
01-07 19:07:21.155 26970 29947 V ImapConnection: conn145098418>>> 9 UID SEARCH 6:6
01-07 19:07:21.771 26970 29947 V ImapResponseParser: conn145098418<<<#null# [SEARCH, 6800]
01-07 19:07:21.772 26970 29947 V ImapResponseParser: conn145098418<<<#9# [OK, SEARCH completed (Success)]
01-07 19:07:21.774 26970 29947 I ImapFolderPusher$PushRu: Got newUid 6800 for message 6 on spamaccount@gmail.com:INBOX/Thread-39/conn145098418
01-07 19:07:21.775 26970 29947 I ImapFolderPusher$PushRu: Needs sync from uid 6800 to 6800 for spamaccount@gmail.com:INBOX/Thread-39/conn145098418
01-07 19:07:21.776 26970 29947 I MessagingController: Got new pushed email messages for account spamaccount@gmail.com, folder INBOX
01-07 19:07:21.777 26970 26990 I MessagingController: Running command 'Push messageArrived of account spamaccount@gmail.com, folder INBOX', seq = 41 (background priority)
01-07 19:07:21.814 26970 26990 V MessagingController: Message with uid 6800 has not yet been downloaded
01-07 19:07:21.815 26970 26990 D MessagingController: SYNC: Have 1 unsynced messages
01-07 19:07:21.816 26970 26990 D MessagingController: SYNC: About to fetch 1 unsynced messages for folder INBOX
01-07 19:07:21.821 26970 26990 V ImapConnection: conn145098418>>> 10 UID FETCH 6800 (UID FLAGS INTERNALDATE RFC822.SIZE BODY.PEEK[HEADER.FIELDS (date subject from content-type to cc reply-to message-id references in-reply-to X-K9mail-Identity)])
01-07 19:07:22.413 26970 26990 V ImapConnection: conn145098418<<<#null# [6, FETCH, [UID, 6800, RFC822.SIZE, 4306, INTERNALDATE, 07-Jan-2020 09:07:17 +0000, FLAGS, [], BODY, [HEADER.FIELDS, [date, subject, from, content-type, to, cc, reply-to, message-id, references, in-reply-to, X-K9mail-Identity]], Date: Tue, 07 Jan 2020 09:07:13 +0000
01-07 19:07:22.413 26970 26990 V ImapConnection: From: spamaccount spamaccount@riseup.net
01-07 19:07:22.413 26970 26990 V ImapConnection: To: spamaccount@gmail.com
01-07 19:07:22.413 26970 26990 V ImapConnection: Subject: test
01-07 19:07:22.413 26970 26990 V ImapConnection: Message-ID: 39DB79F9-A1C8-4E0C-B8FA-6A90EBB0E072@riseup.net
01-07 19:07:22.413 26970 26990 V ImapConnection: Content-Type: multipart/alternative;
01-07 19:07:22.413 26970 26990 V ImapConnection:  boundary=----T5JLU7AIU0SSQ7AOJJBA3P8SMOFR6Z
01-07 19:07:22.413 26970 26990 V ImapConnection:
01-07 19:07:22.413 26970 26990 V ImapConnection: ]]
01-07 19:07:22.413 26970 26990 V ImapFolder: Stored uid '6800' for msgSeq 6 into map
01-07 19:07:22.418 26970 26990 V ImapConnection: conn145098418<<<#10# [OK, Success]
01-07 19:07:22.419 26970 26990 D MessagingController: SYNC: Synced unsynced messages for folder INBOX
01-07 19:07:22.419 26970 26990 D MessagingController: SYNC: Have 0 large messages and 1 small messages out of 1 unsynced messages
01-07 19:07:22.420 26970 26990 D MessagingController: SYNC: Fetching 1 small messages for folder INBOX
01-07 19:07:22.423 26970 26990 V ImapConnection: conn145098418>>> 11 UID FETCH 6800 (UID BODY.PEEK[])
01-07 19:07:23.044 26970 26990 V ImapConnection: conn145098418<<<#null# [6, FETCH, [UID, 6800, BODY, [], 1]]
01-07 19:07:23.045 26970 26990 V ImapFolder: Stored uid '6800' for msgSeq 6 into map
01-07 19:07:23.086 26970 26990 D BinaryTempFileBody$Bina: Deleting temporary binary file: body9207840133137102654.tmp
01-07 19:07:23.091 26970 26990 D BinaryTempFileBody$Bina: Deleting temporary binary file: body6965928230543250020.tmp
01-07 19:07:23.161 26970 26990 V LockableDatabase: LockableDatabase: Transaction ended, took 11 ms / com.fsck.k9.mailstore.LocalFolder.storeSmallMessage(LocalFolder.java:1181)
01-07 19:07:23.162 26970 26990 V MessagingController: About to notify listeners that we got a new small message spamaccount@gmail.com:INBOX:6800
01-07 19:07:23.166 26970 26990 D K9      : Broadcasted: action=com.fsck.k9.intent.action.EMAIL_RECEIVED account=spamaccount@gmail.com folder=INBOX message uid=6800
01-07 19:07:23.192 26970 26990 W Notification: Use of stream types is deprecated for operations other than volume control
01-07 19:07:23.192 26970 26990 W Notification: See the documentation of setSound() for what to use instead with android.media.AudioAttributes to qualify your playback use case
01-07 19:07:23.218 26970 26990 W Notification: Use of stream types is deprecated for operations other than volume control
01-07 19:07:23.218 26970 26990 W Notification: See the documentation of setSound() for what to use instead with android.media.AudioAttributes to qualify your playback use case
01-07 19:07:23.220 26970 26990 W Notification: Use of stream types is deprecated for operations other than volume control
01-07 19:07:23.221 26970 26990 W Notification: See the documentation of setSound() for what to use instead with android.media.AudioAttributes to qualify your playback use case
01-07 19:07:23.241 26970 26990 V ImapConnection: conn145098418<<<#11# [OK, Success]
01-07 19:07:23.241 26970 26990 D MessagingController: SYNC: Done fetching small messages for folder INBOX
01-07 19:07:23.242 26970 26990 D MessagingController: SYNC: Fetching large messages for folder INBOX
01-07 19:07:23.242 26970 26990 D MessagingController: SYNC: Done fetching large messages for folder INBOX
01-07 19:07:23.242 26970 26990 D MessagingController: SYNC: About to sync flags for 0 remote messages for folder INBOX
01-07 19:07:23.243 26970 26990 D MessagingController: SYNC: Synced remote messages for folder INBOX, 1 new messages
01-07 19:07:23.252 26970 26990 I MessagingController: messagesArrived newCount = 1, unread count = 2
01-07 19:07:23.268 26970 29947 I MessagingController: MessagingController.messagesArrivedLatch released
01-07 19:07:23.269 26970 29947 D ImapFolderPusher$PushRu: UIDs for messages needing flag sync are [] for spamaccount@gmail.com:INBOX/Thread-39/conn14",0,0,0,1
2338,Thanks! Please feel free to merge pull requests when you're satisfied with them.,0,0,0,1
2339,"Just to make it clearer: it is what basically happened on BlackBerry Hub. When deleting a message, it gave a choice with a radio button: delete on device only, delete on server only, delete on both device and server.
In the application settings there was on option ""don't ask again"" so it would delete by default either only locally, or only on the server or on both.
PS: I am sorry for closing and opening back the issue.",0,0,0,1
2340,"We'll just use the alpha versions to test the performance in ""production"".",0,0,0,1
2341,@anonymous73 FairEmail is in works for a couple of months if you look at the github repo. Dunno what you mean: https://github.com/M66B/open-source-email,0,0,0,1
2342,"The exception is thrown because the control character with the code point 0x0004 was found. I'm guessing it's the character right before ""Junk"" in the line
* FLAGS (\Answered \Flagged \Deleted \Seen \Draft NonJunk $label1 $Forwarded  Junk)

This is not a valid character for an ""atom"" token and it's a bug if the server sends such a response.
I don't think Dovecot allows setting such a keyword via IMAP. So if I had to guess I'd say this is a random bit flip in the saved metadata (the code point for $ is 0x44 (01000100) vs 0x04 (00000100)) and Dovecot doesn't re-check the contents of the keyword when reading it from disk.
Chances are this will go away if you delete the message with the affected keyword. It's probably still worth reporting this bug to Dovecot.",0,0,0,1
2343,"Sorry for the noise. Thanks for the explanation - I didn't know that this is a separate button.
I will use the mailing list in the future.
Thanks",0,0,0,1
2344,"You mentioned some known issues, like incorrect mime types being set...
mkulicke notifications@github.com wrote:

@obra What do you mean by "" How much work do you think this would be to
prepare for inclusion in K-9?"" exactly?

Reply to this email directly or view it on GitHub:
#408 (comment)


Sent from my Android device with K-9 Mail. Please excuse my brevity.",0,0,0,1
2345,"I am seeing an issue which may be related: if I try to move a message from the inbox to another folder from the message view (using overflow button -> Refile -> Move), K-9 crashes immediately.
If this is felt to be a separate issue, please advise and I'll start a new thread. I do not have an issue using the bin button in message view.
LG G4, Android 6.0, K-9 5.111",1,0,0,0
2346,"Thanks for providing a message to reproduce the issue.
The code we use to convert HTML to plain text seems to be responsible for the freeze (on my Desktop machine the conversion completed after 7 minutes). We run this code when adding message contents to the search index.
I created a pull request to change how we do the HTML to plain text conversion.",1,0,0,0
2347,Thanks for the message @sam2kb! I reproduced it on 5.600 and confirmed it is fixed and working in master.,0,0,0,1
2348,"I had a quick look at this and the issue as I see it is that while k-9 logs all coonection failures+reasons, it doesn't let the user know. So for me the easiest/simplest solution would be to pop up a message window with the failure/reason.
Given that this part of the code is still in Java, is there any preference on how to provide this?",1,0,1,0
2349,Thanks. 5.207 was only released for alpha testers. I pushed that version to the release channel just now.,0,0,0,1
2350,"I want to put it into account settings so it will be hidden even more :) For those knowing what they are doing!

How? It's a per-folder action. The account settings screen currently doesn't display a list of all folders. And the action feels a bit misplaced there.
""Folder settings"" is also not quite right. But I suspect in time that screen will become more of a ""folder details"" screen where users can change folder settings, see more information about a folder and manipulate it.

Oh, I just realized we talk about slightly different things. I want to bring back this 
  
    
      k-9/app/core/src/main/java/com/fsck/k9/mailstore/LocalStore.java
    
    
         Line 304
      in
      447dbe1
    
    
    
    

        
          
           public void clear() throws MessagingException { 
        
    
  

 and you are really right that 'Folder settings' is better place to have it not to get confused with 'Delete account' stuff. Or at least, not in the same pop-up menu. I used to remove my whole mailbox regularly in the past while trying to handle with #4100 so I don't want to introduce this mistake again.",1,0,0,0
2351,"@cketti ok, thanks.
I saw it was fixed 4 months ago in Transifex with the following comment:

I've changed ""Sign"" from ""Entrar"" to ""Assinar"" because it's not ""Sign"" as ""Sign in"", but as ""Crypto Sign"" as a Signature.

How can we have a new release?",0,0,0,1
2352,Please use the mailing list for support requests.,0,0,0,1
2353,"what reason would I have to reject that? :)

I think I've only had...one person turn me down cold. A couple more needed a bit of coaxing before they said yes..

I just want to make sure I won't be able to play a maintainer role for K-9.

No worries! Most of our committers are occasional contributors. K-9 is an (almost all) volunteer project. We're thrilled to have what you want to contribute. As you contribute more or less over time, that's totally ok, too.

I simply don't have enough time on my hands to do that, given the stuff I do for CyanogenMod and my real-life assignments. The patches I've contributed lately mostly had a selfish motivation in that they fix things which annoyed me in my personal K-9 usage ;)

Be careful. I created K-9 because AOSP 1.0's mail client couldn't delete messages from an IMAP server. It was only going to be a temporary fork and a small change that I contributed upstream.....

I certainly have no problems with having commit rights, but ultimately the decision (after considering the above) is up to you :)
You should be all set. Thank you so much :)",0,0,0,1
2354,"Our APKs won't install as update if you installed the app from F-Droid. In that case it's best to wait for a new stable version to be available on F-Droid (5.5xx are development snapshots).
Closing this issue as the bug seems to be fixed.",0,1,0,0
2355,"The ""K-9"" in K-9 Mail is a reference to the robot dog from Doctor who: https://en.wikipedia.org/wiki/K9_(Doctor_Who)
So while a new icon would be nice, it can't just be ""something with a dog"".",0,0,0,1
2356,Also 'Sync messages from' in the same place.,0,0,0,1
2357,"Oh I see the comment has been changed (unless my memory is faulty) and it now clearly says Version 5.201 was bad.  And we have no idea which version they had before that :-( so we still don't have a known ""good"" version.",0,0,0,1
2358,"Hi,
Thank you for quick reply.  It wasn't a problem before although I had the same number of folders configured to push.  I didn't change any setting.  What has changed?
Thank you.",0,0,0,1
2359,"Thank you for your work. I am looking forward to send emails without leaking my IP ÔøΩÔøΩ
I have a little remark on your changes: I saw that you added a dependency to the core in the SMTP and POP library. In my opinion they should be independent from the core.
To pass the proxy settings to these protocol objects, you could use the corresponding settings for these classes.

Thanks for comments. Actually I've tried before to pass the proxy in server settings, but the problem is that proxy is not a parameter of server settings. Sometimes user may prefer to use proxy for connecting to a server (mail account server), and then he/she may prefer to not to using proxy for the connection. Therefore, the proxy should be dependent to the core. If you have any suggestion about facing this problem, I appreciate your help.
Regards",1,0,1,0
2360,@GNUDimarik: You're suggesting what amounts to an app-specific lock screen. See issue #753 for that.,0,0,0,1
2361,"Thank you! I'll give this patch a review this weekend. Ideally, I'd love to figure out how to let users overlay buttons right on top of the webview like GReader Pro does, but this solves the immediate problem.
On Sat, Aug 24, 2013 at 06:25:29AM -0700, Leon Handreke wrote:

Issue 5889 and issue 5850 are about the Archive button not being directly available in the message view. This branch makes all ""Refile"" actions available as direct menu items in the message view, configurable via an option in the Global Settings.
One thing I am still unhappy about is that the same icon is currently used for the copy and move actions (iconActionMoveOrCopy). Maybe we could use the copy icon from the system text selection menu?
You can merge this Pull Request by running:
git pull https://github.com/leonhandreke/k-9 visisble-refile-actions
Or you can view, comment on it, or merge it online at:
#364
-- Commit Summary --

Make actions shown in message view menu configurable

-- File Changes --
M res/menu/message_list_option.xml (24)
M res/values/strings.xml (3)
M res/xml/global_preferences.xml (9)
M src/com/fsck/k9/K9.java (65)
M src/com/fsck/k9/activity/MessageList.java (38)
M src/com/fsck/k9/activity/setup/Prefs.java (27)
M src/com/fsck/k9/preferences/GlobalSettings.java (15)
M src/com/fsck/k9/preferences/Settings.java (2)

-- Patch Links --
https://github.com/k9mail/k-9/pull/364.patch
https://github.com/k9mail/k-9/pull/364.diff",0,0,0,1
2362,"I created #4514 to track the global search.
Filtering folders is still possible in the ""manage folders"" and ""choose folder"" (when copying/moving messages) screens. We probably won't add this feature to the folder list in the side drawer. In fact you probably don't need to see all of your folders in the drawer. We'll probably limit the list to ""important"" folders and add a button to list all folders. That could lead to a separate screen showing all folders. That screen could then have a search/filter functionality like the old folder list used to have.
For now you could use folder classes to limit which folders are displayed in the drawer. The list of folders displayed in the ""choose folder"" screen can be different and can be configured under 'Account settings > Folders > Move/copy destination folders'.",0,0,1,0
2363,"I think we need to clean up the ""grey to show read status"" feature. Maybe just give it better alpha or something?
On Tue, Feb 19, 2013 at 09:23:43PM -0800, maniac103 wrote:

Yes: consistency with other applications. I had the grey background first, but found the action bars to look ugly in grey. I then made them black, but found the result to not be exactly satisfactory either. As the gradient is used in most Holo applications, I switched to that, as I think it looks nice.
Is there a specific concern about the gradient?

Reply to this email directly or view it on GitHub:
#254 (comment)",1,0,0,0
2364,"For WebDAV insecure proxy support we'll need to register a scheme for HTTP and replace the socket factory.with one that does proxy support. Currently we just leave HTTP alone as we only have to fiddle with the HTTPS one.
I do wonder what the usage for insecure WebDAV over a proxy is.",1,0,0,0
2365,"I suppose If we can get the decrypted message without user interaction, we could show it there. Implementation wise this isn't trivial though, I would probably postpone it until we have a way of caching decrypted (or more generally, rendered) message content.",1,0,0,0
2366,Thanks for the patch! It was a good starting point. I found and fixed some other instances where we used Java ints to store UID values.,0,0,0,1
2367,"Yeah, I realized that when I clicked the logging errors link all the way through, what about using ""logcat extreme"" or ""matlog""",0,0,0,1
2368,I saw the homepage's explanation. Thank you for the awesome work!,0,0,0,1
2369,"Yes. I have always had these options turned off (unchecked), but with the upgrade from .107 to .108 these checkbox preferences don't seem to be being respected when composing a message. They work as expected when displaying a message list.
For additional testing I:
--  turned these options on, that got me pictures &etc. on the message list, as well as with compose, as expected.
-- turned them off (unchecked), the message list returned to addresses/no pictures, compose still showed pictures.
-- did a ""force close"" in the application manager
-- reopened .108,  the compose still displayed the name and the picture (or placeholder alpha) on correspondent addresses that I entered (as well as on my default ""copy to"" bcc, which is now (new with .108 I believe) displayed).",1,0,0,0
2370,"See: #2357
Turning off battery optimization for K9 fixed it for me. I'm not sure why this issue is marked as closed;
K9 doesn't request this permission automatically so this is still an active bug IMHO.",1,0,0,0
2371,"This occurs because the MessageListFragment passes in a query fragment (selection). The columns it uses in this query are always going to be inherently unsafe because the calling code doesn't know what SQL aliases are being used and the provider doesn't know what columns are being requested.
We already do some processing of this query fragment to add prefixes for folder_id. The current solution is to str-replace individual columns. At minimum we need to the same for uuid (and realistically, name to avoid any future problems).",0,0,0,1
2372,"I'm probably confused by the demo, then. The way I read it an app would use the OpenPgpApi.ACTION_ENCRYPT intent. Which is an org.openintents.openpgp intent, no? Which actions would be OK (OpenKeychain) specific?
Yup, I was talking about a backend library that isn't OK/APG specific. I thought OpenPGP-Keychain-API was an attempt at that. I think I got a bit confused by the naming, as I already think of ""OpenKeychain"" as the app. :)
I think it'd be beneficial to have an ""OpenPGP"" library that includes the intent definitions and exposes a framework for OK/APG to deal with Keys/KeyRings and encryption/decryption, without having to know the tech details of BouncyCastle.",0,0,0,1
2373,"This is just to document some of the broken behavior that was observed.  The following are the relevant parts of packet dissections for 4 connection attempts to a single IP address: 72.167.218.82 (obtained by looking up imap.secureserver.net).  In each case, K-9 Mail is sending a TLS 1.2 Client Hello with a cached Session ID from a previous connection.
It appears that the server is at fault -- not K-9 Mail.  But since there are numerous reports of connection problems from users, K-9 Mail needs to be modified to be compatible with ill-behaved servers.
It's not shown here, but when session caching was disabled, K-9 Mail was able to successfully connect to this server using a TLS 1.2 Client Hello, regardless of whether the server responded with a TLS 1.2 or TLS 1.0 Server Hello.
Success was also observed (but not shown here) when K-9 Mail sends TLS 1.0 Client Hello with a cached Session-ID.
Connection 1
This connection is established without errors.  The server responds with a TLS 1.2 Server Hello.
No.     Time                       Source                Destination           Protocol Length Info
     27 2014-09-30 21:59:32.448910 192.168.2.131         72.167.218.82         TLSv1.2  306    Client Hello

Frame 27: 306 bytes on wire (2448 bits), 306 bytes captured (2448 bits)
Ethernet II, Src: SamsungE_c4:d7:86 (2c:44:01:c4:d7:86), Dst: Trendnet_1f:77:b7 (00:14:d1:1f:77:b7)
Internet Protocol Version 4, Src: 192.168.2.131 (192.168.2.131), Dst: 72.167.218.82 (72.167.218.82)
Transmission Control Protocol, Src Port: 48377 (48377), Dst Port: imaps (993), Seq: 1, Ack: 1, Len: 240
Secure Sockets Layer
    TLSv1.2 Record Layer: Handshake Protocol: Client Hello
        Content Type: Handshake (22)
        Version: TLS 1.0 (0x0301)
        Length: 235
        Handshake Protocol: Client Hello
            Handshake Type: Client Hello (1)
            Length: 231
            Version: TLS 1.2 (0x0303)
            Random
            Session ID Length: 32
            Session ID: 5b3a1483cb92993e112c45d3fb009cd55e4be1e59f7b6e85...
            Cipher Suites Length: 56
            Cipher Suites (28 suites)
            Compression Methods Length: 1
            Compression Methods (1 method)
            Extensions Length: 102
            Extension: ec_point_formats
            Extension: elliptic_curves
            Extension: signature_algorithms

No.     Time                       Source                Destination           Protocol Length Info
     29 2014-09-30 21:59:32.757684 72.167.218.82         192.168.2.131         TLSv1.2  1514   Server Hello

Frame 29: 1514 bytes on wire (12112 bits), 1514 bytes captured (12112 bits)
Ethernet II, Src: Trendnet_1f:77:b7 (00:14:d1:1f:77:b7), Dst: SamsungE_c4:d7:86 (2c:44:01:c4:d7:86)
Internet Protocol Version 4, Src: 72.167.218.82 (72.167.218.82), Dst: 192.168.2.131 (192.168.2.131)
Transmission Control Protocol, Src Port: imaps (993), Dst Port: 48377 (48377), Seq: 1, Ack: 241, Len: 1448
Secure Sockets Layer
    TLSv1.2 Record Layer: Handshake Protocol: Server Hello
        Content Type: Handshake (22)
        Version: TLS 1.2 (0x0303)
        Length: 81
        Handshake Protocol: Server Hello
            Handshake Type: Server Hello (2)
            Length: 77
            Version: TLS 1.2 (0x0303)
            Random
            Session ID Length: 32
            Session ID: c4c79bfe592e2b09e27aca137f0b092a8d1fa1f343b1fa51...
            Cipher Suite: TLS_RSA_WITH_AES_256_CBC_SHA (0x0035)
            Compression Method: null (0)
            Extensions Length: 5
            Extension: renegotiation_info

Connection 2
This connection is unsuccessful.  K-9 Mail sends a TLS 1.2 Client Hello with the Session ID from the previous connection.  The server responds with a TLS 1.0 Server Hello.  It then immediately sends a Protocol Version Fatal Alert (and then resets the connection).  The fact that the server responded with TLS 1.2 in the previous connection and with TLS 1.0 in this connection implies that we are actually connecting to two different hosts using the same IP address behind a load balancer.
No.     Time                       Source                Destination           Protocol Length Info
     50 2014-09-30 21:59:36.850209 192.168.2.131         72.167.218.82         TLSv1    306    Client Hello

Frame 50: 306 bytes on wire (2448 bits), 306 bytes captured (2448 bits)
Ethernet II, Src: SamsungE_c4:d7:86 (2c:44:01:c4:d7:86), Dst: Trendnet_1f:77:b7 (00:14:d1:1f:77:b7)
Internet Protocol Version 4, Src: 192.168.2.131 (192.168.2.131), Dst: 72.167.218.82 (72.167.218.82)
Transmission Control Protocol, Src Port: 48378 (48378), Dst Port: imaps (993), Seq: 1, Ack: 1, Len: 240
Secure Sockets Layer
    TLSv1 Record Layer: Handshake Protocol: Client Hello
        Content Type: Handshake (22)
        Version: TLS 1.0 (0x0301)
        Length: 235
        Handshake Protocol: Client Hello
            Handshake Type: Client Hello (1)
            Length: 231
            Version: TLS 1.2 (0x0303)
            Random
            Session ID Length: 32
            Session ID: c4c79bfe592e2b09e27aca137f0b092a8d1fa1f343b1fa51...
            Cipher Suites Length: 56
            Cipher Suites (28 suites)
            Compression Methods Length: 1
            Compression Methods (1 method)
            Extensions Length: 102
            Extension: ec_point_formats
            Extension: elliptic_curves
            Extension: signature_algorithms

No.     Time                       Source                Destination           Protocol Length Info
     52 2014-09-30 21:59:37.155065 72.167.218.82         192.168.2.131         TLSv1    1514   Server Hello

Frame 52: 1514 bytes on wire (12112 bits), 1514 bytes captured (12112 bits)
Ethernet II, Src: Trendnet_1f:77:b7 (00:14:d1:1f:77:b7), Dst: SamsungE_c4:d7:86 (2c:44:01:c4:d7:86)
Internet Protocol Version 4, Src: 72.167.218.82 (72.167.218.82), Dst: 192.168.2.131 (192.168.2.131)
Transmission Control Protocol, Src Port: imaps (993), Dst Port: 48378 (48378), Seq: 1, Ack: 241, Len: 1448
Secure Sockets Layer
    TLSv1 Record Layer: Handshake Protocol: Server Hello
        Content Type: Handshake (22)
        Version: TLS 1.0 (0x0301)
        Length: 81
        Handshake Protocol: Server Hello
            Handshake Type: Server Hello (2)
            Length: 77
            Version: TLS 1.0 (0x0301)
            Random
            Session ID Length: 32
            Session ID: edcba81e5dc261f2a56e3e7ace83f8ead4ea03eab8ae26f7...
            Cipher Suite: TLS_RSA_WITH_AES_256_CBC_SHA (0x0035)
            Compression Method: null (0)
            Extensions Length: 5
            Extension: renegotiation_info

No.     Time                       Source                Destination           Protocol Length Info
     54 2014-09-30 21:59:37.256164 192.168.2.131         72.167.218.82         TLSv1    73     Alert (Level: Fatal, Description: Protocol Version)

Frame 54: 73 bytes on wire (584 bits), 73 bytes captured (584 bits)
Ethernet II, Src: SamsungE_c4:d7:86 (2c:44:01:c4:d7:86), Dst: Trendnet_1f:77:b7 (00:14:d1:1f:77:b7)
Internet Protocol Version 4, Src: 192.168.2.131 (192.168.2.131), Dst: 72.167.218.82 (72.167.218.82)
Transmission Control Protocol, Src Port: 48378 (48378), Dst Port: imaps (993), Seq: 241, Ack: 1449, Len: 7
Secure Sockets Layer
    TLSv1 Record Layer: Alert (Level: Fatal, Description: Protocol Version)
        Content Type: Alert (21)
        Version: TLS 1.0 (0x0301)
        Length: 2
        Alert Message
            Level: Fatal (2)
            Description: Protocol Version (70)

Conection 3
This connection is again unsuccessful.  The server again responds with a TLS 1.0 Server Hello.
No.     Time                       Source                Destination           Protocol Length Info
     59 2014-09-30 21:59:57.327068 192.168.2.131         72.167.218.82         TLSv1    306    Client Hello

Frame 59: 306 bytes on wire (2448 bits), 306 bytes captured (2448 bits)
Ethernet II, Src: SamsungE_c4:d7:86 (2c:44:01:c4:d7:86), Dst: Trendnet_1f:77:b7 (00:14:d1:1f:77:b7)
Internet Protocol Version 4, Src: 192.168.2.131 (192.168.2.131), Dst: 72.167.218.82 (72.167.218.82)
Transmission Control Protocol, Src Port: 48379 (4",1,0,0,0
2374,"I have this issue too. I use the default file manager from cyanogenmod.
Motorola razri (x86) CM11
Logcat.txt",0,0,0,1
2375,"See https://forum.k9mail.app/t/how-do-i-make-k-9-mail-work-with-openkeychain-on-xiaomis-miui/82
In the future please use the forum for support requests.",0,0,0,1
2376,"Developer notes: A fix for this should call Activity.recreate() when the theme is changed in the settings screen.
Existing activities need to check in onResume() if a relevant display setting was changed since the last time the activity was resumed and call recreate() if necessary.
For some display setting changes simply invalidating affected views might be enough.",0,0,0,1
2377,"Banning criticism of bad ideas seems like a brilliant maintainer strategy, @cketti. Top of the class.",0,0,0,1
2378,"und nochmal auf deutsch f√ºr den reporter und da mein englisch auch ungut ist/and again in german for the reporter and 'cause my english is not good:
zur Erkl√§rung:
wird von einer virtuellen Methode gesprochen ist hiermit eine Schnittstelle (interface) gemeint. In diesem fall  gibt die Schnittstelle einen null objekt (void) (keine R√ºckgabe) zur√ºck was es in diesem Fall sicher nicht tun sollte ;)
(m√∂glicherweise unrichtig da ich kein Programmierer sondern lediglich jemand bin der eon Buch √ºber OOP (objektorientierte Programmierung) gelesen habe...)
aber eventuell sollten Sie (reporter) lediglich sicherstellen das alle ben√∂tigten √ñffentlichen Sch√ºssel dem verschlusselunsanbieter (Programm) bekannt sind.Ich wei√ü nicht ob diese Schnittstelle die M√∂glichkeit bietet zu pausierten und den Nutzer aufzufordern die n√∂tigen Sch√ºssel zu beziehen (vom keyserver oder sonstwo), ihnen zu vertrauen, und dann den prozess an der stelle fortzusetzen wo er unterbrochen wurde. Eventuell sollte zur Verbesserung der Benutzer Erlebnis daran (auch eventuell in kooperation mit dem machern des encryptopnproviders) gearbeitet werden um die ganze Sache runder zu machen...",0,0,0,1
2379,Closing as no evidence is suggested for us breaking the model - if you got a debug log of us opening lots of connections to do stuff other than IDLE for messages we could re-open this.,0,0,0,1
2380,"Probably not a k9mail issue. This is VERY likely a problem with your service provider. It is extremely common to block port 25. IMAP is also possible, but less common.
Are you using cleartext on either? Cleartext IMAP is port 143, cleartext SMTP is usually 25, but can also be 587. SSL IMAP is port 993, SSL SMTP is port 465.
First thing to do is try the SSL ports. If that works, then you're good to go. If not, then you may have to implement some networking voodoo. If you have a land based home network, then you should be able to set up a relay using a different port that isn't blocked by your mobile service provider. Most routers do NOT ship in a manner that can do this, but if your router is supported by OpenWRT (or if you replace it with a router that is supported by OpenWRT), then it becomes a pretty easy task. You could assign, say port 80 (HTTP) to IMAP, and 443 (HTTPS) to SMTP. Mobile service provider can't block those two ports since doing so would completely cripple the network for even the least sophisticated customers.
Edit: Also try your phone's factory system image. CM is a perpetually broken hackfest. While it is fairly unlikely that even CM could break it this badly, you never know.",0,0,0,1
2381,"Currently, the sync process is as follows :


Get the UIDs of the most recent n messages on the server, where n is the number of messages displayed to the user (via UID SEARCH). From these, messages which arrived on a date earlier than the earliest poll date are removed.


Delete local messages which are not present in the above group. Then check and update whether more messages are present in the mailbox (via one or more UID SEARCH).


Divide the messages into two groups - one for messages that need to be downloaded fully (if not present locally) and one for syncing flags (if it is present locally).


The unsynced messages are fetched.
a) Initially, the flags and envelope for all unsynced messages are fetched.
b) The messages are then divided into large and small message groups depending on the maximum auto-download message size.
c) Download all the small messages fully (using grouped UID FETCH requests).
d) Download partial/sane bodies for large messages (one UID FETCH per message, and multiple if structure is present).


The flags for all the messages present in the local store are fetched and updated.


When CONDSTORE is used :


In step 1, the UIDs for all messages that are present/going to be present in the mailbox are fetched. This is necessary in order to sync remote deletions and some use cases such as the user pressing the ""Load more messages"" button (historical data needs to be fetched). Because of these reasons, this step cannot be optimized using the previously stored mod-sequence.


Related to the point above, one optimization could be to remove the ""Load more messages"" button and instead automatically download more messages if the user scrolls to the bottom of the message list. This should feel more natural, and will free us from having to make a network request to check if more messages are available.


For step 5, the optimization that can be done is to only fetch flags for those messages whose contents have changed. This is done by sending an extra UID SEARCH command with the previously known mod sequence and then syncing the flags for the returned message uids only.


An extra UID FETCH command also needs to be issued every time we get a response through IDLE in order to update the highest modseq value.


Thoughts ? @Valodim @philipwhiuk @cketti",0,0,0,1
2382,Please create a new issue if this is still a problem with K-9 Mail 5.7xx.,0,0,0,1
2383,"https://tools.ietf.org/html/rfc2822#section-2.1.1 may have some bearing, but I too like the 72 char limit as it allows a section to be 'quoted' twice & stay within the 78 char limit",0,0,0,1
2384,The supplied patch doesn't have the desired effect when using the dark theme. But thanks a lot for reporting this bug!,1,0,0,0
2385,"This is a very annoying bug, which hits me very hard, since I have several mail accounts. I usually delete a single message only.
Here are what I have to do to delete a message:

Delete message. -> Message is duplicated in the trash, one is synced with the server, the other not.
Delete both messages from the trash -> The synced message on the server is marked as deleted. The other message is really deleted.
Log in to the webmail, go to the trash-folder and finally delete the ""marked as deleted"" message.

Please fix this bug.
Possible related and/or duplicate: #4008, #3903, #3801, #3355, #2705",1,0,0,0
2386,"Having the same problem with a HTC One M9 since having upgraded to Android 6.0 (the latest version available from HTC). Before updating to Android 6.0, on 5.xx everything was o.k.
As suggested, I tried to disable all 'power saving' functions, no luck...",1,1,0,0
2387,"Heh, yeah. I think this PR got it backwards - the ones with ticks were the ones we should keep. Please note that the list I made was just from the top of my head, there might still be mistakes in there.",0,0,0,1
2388,"This happened to me today. Tapped a 'new mail' notification, gave me 'Welcome to K9'.",0,0,0,1
2389,Settings -> Display -> Visible message actions,0,0,0,1
2390,"master is currently not in a stable state. See https://groups.google.com/forum/#!topic/k-9-dev/GHyqzZaTkP8
Until we have proper PGP/MIME support please don't report issues like this. Chances are this will be fixed once we're done. Pull requests to fix existing issues are of course always welcome.",0,0,0,1
2391,"I can build the git version and run it fine in Android Studio simulator - copying signed apk, sadly, no luck - i have not tried installing via adb yet. That said 5.8 is looking like it will be a decent release eventually some day. Best I can tell in the simulator its working quite well now. Clearly more to do but pretty nice. Way better than 5.6.
Shame that k9 is a bit slow and hard (for me anyway) to test.  While I understand the desire for non-tech folks not to generate noise with test builds, I found the friction too high. I would encourage the devs to offer at least some minimal guidance on how to test a private build and to start offering test/beta builds soon.
However I've also started testing other apps - FairEmail looks like a pretty good alternative. Has openpgp/autocrypt, seems to works properly with android doze / 9+ and uses material design. It costs a small amount to unlock pgp but seems pretty worth it to me.
I'm sure k9mail will get there eventually, and I look forward to trying it again when I can run a newer version.",0,0,1,0
2392,"Bad news: I was able to cope with that effect by (1) waiting a few days, or (2) reinstall k9mail. If you find a third way, please let me know!

Am 22. Juni 2019 11:35:32 MESZ schrieb chrisgee <notifications@github.com>:
‚Ä¶
I may be having the same issue as described here. Sent messages are not
stored on the server (although they are shown in the local sent
folder). Read status is not updated, etc.

Therefore I attach a log here.
[k9-log.txt](https://github.com/k9mail/k-9/files/3316699/k9-log.txt)

### Environment
K-9 Mail version:
version used is com.fsck.k9 version 5.600 as installed by f-droid.

Android version:
7.1.2

Account type (IMAP, POP3, WebDAV/Exchange):
IMAP account

Please let me know if more information is needed

-- 
Public key at
https://pgp.mit.edu/pks/lookup?op=get&search=0xD0E087F6E4D97FB7 or
https://sks-keyservers.net/pks/lookup?op=get&search=0xD0E087F6E4D97FB7
Fingerprint: EDC8 6730 DCF1 1BFB 02AF 56D7 D0E0 87F6 E4D9 7FB7",1,0,0,0
2393,FYI I downgraded to 5.008 which works perfectly fine...,0,0,0,1
2394,"If the sentence ends in a question mark it's neither a bug report nor a feature request and hence doesn't belong here. In the future please ask questions like this on the mailing list.
For remote search check the section Enable server search in the ""manual"".
The issue for supporting full text search is #699.",0,0,0,1
2395,"Unfortunately, the most interesting part was not logged. Can you please try to get a complete log of a sync of that folder.",0,0,0,1
2396,"The linked issue isn't outdated and clearly shows what's wrong, including a patch. Has that patch been merged into K9?
As the linked issue clearly shows there are nothing wrong with android or dreamhost.
The behavior on other platforms (thunderbird evolution etc) is that those asks me if I want to accept the self-signed certificate. As they should. And then when I have answered yes it works.",0,0,0,1
2397,"Hm, can't this behavior be easily achieved by ""double clicking"" the send button?
Right now it sends when the user presses a second time, I wonder if it would solve this problem for everyone if we changed the message to ""Hit twice to send anyways"", and bound a double-click to send without complaining in the first place.
In general it's better to have functionality in the UI directly, rather than making it configurable. Getting used to double-tapping send rather than single tapping is a ""setting"" (as in, habit) that stays with the user, rather than the app :)",1,0,1,0
2398,The 'thread spanning multiple folders' thing is a bit more work. For now we'll change the notification code to not skip notifications when the Inbox is also configured as another special folder. See #4823.,0,0,0,1
2399,"That sounds more like a problem with your device rather than a bug in K-9 Mail. Did you extend your internal storage with an SD card? If so, maybe the SD card is faulty?",0,0,0,1
2400,better wait for word from @cketti if we want to include the feature,0,0,0,1